Command: vcs -l vcs.log -timescale=1ns/1ps -sverilog -ntb_opts uvm -debug_access+all \
-full64 -kdb -lca -P /home/cad/eda/SYNOPSYS/VERDI_2022/verdi/T-2022.06-SP1/share/PLI/VCS/LINUX64/novas.tab \
/home/cad/eda/SYNOPSYS/VERDI_2022/verdi/T-2022.06-SP1/share/PLI/VCS/LINUX64/pli.a \
../Interface/interface.sv +incdir+../tb +incdir+../test +incdir+../Master_agent +incdir+../Slave_agent \
../test/test_pkg.sv ../tb/top.sv
                         Chronologic VCS (TM)
       Version T-2022.06-SP1_Full64 -- Sat May 16 20:20:24 2026

                    Copyright (c) 1991 - 2022 Synopsys, Inc.
   This software and the associated documentation are proprietary to Synopsys,
 Inc. This software may only be used in accordance with the terms and conditions
 of a written license agreement with Synopsys, Inc. All other use, reproduction,
   or distribution of this software is strictly prohibited.  Licensed Products
     communicate with Synopsys servers for the purpose of providing software
    updates, detecting software piracy and verifying that customers are using
    Licensed Products in conformity with the applicable License Key for such
  Licensed Products. Synopsys will use information gathered in connection with
    this process to deliver software updates and pursue software pirates and
                                   infringers.

 Inclusivity & Diversity - Visit SolvNetPlus to read the "Synopsys Statement on
            Inclusivity and Diversity" (Refer to article 000036315 at
                        https://solvnetplus.synopsys.com)


Warning-[LCA_FEATURES_ENABLED] Usage warning
  LCA features enabled by '-lca' argument on the command line.  For more 
  information regarding list of LCA features please refer to Chapter "LCA 
  features" in the VCS Release Notes

Parsing design file '/home/cad/eda/SYNOPSYS/VCS/vcs/T-2022.06-SP1/etc/uvm/uvm_pkg.sv'
Parsing included file '/home/cad/eda/SYNOPSYS/VCS/vcs/T-2022.06-SP1/etc/uvm/uvm_macros.svh'.
Parsing included file '/home/cad/eda/SYNOPSYS/VCS/vcs/T-2022.06-SP1/etc/uvm/macros/uvm_version_defines.svh'.
Back to file '/home/cad/eda/SYNOPSYS/VCS/vcs/T-2022.06-SP1/etc/uvm/uvm_macros.svh'.
Parsing included file '/home/cad/eda/SYNOPSYS/VCS/vcs/T-2022.06-SP1/etc/uvm/macros/snps_macros.svp'.
Back to file '/home/cad/eda/SYNOPSYS/VCS/vcs/T-2022.06-SP1/etc/uvm/uvm_macros.svh'.
Parsing included file '/home/cad/eda/SYNOPSYS/VCS/vcs/T-2022.06-SP1/etc/uvm/macros/uvm_message_defines.svh'.
Back to file '/home/cad/eda/SYNOPSYS/VCS/vcs/T-2022.06-SP1/etc/uvm/uvm_macros.svh'.
Parsing included file '/home/cad/eda/SYNOPSYS/VCS/vcs/T-2022.06-SP1/etc/uvm/macros/uvm_phase_defines.svh'.
Back to file '/home/cad/eda/SYNOPSYS/VCS/vcs/T-2022.06-SP1/etc/uvm/uvm_macros.svh'.
Parsing included file '/home/cad/eda/SYNOPSYS/VCS/vcs/T-2022.06-SP1/etc/uvm/macros/uvm_object_defines.svh'.
Back to file '/home/cad/eda/SYNOPSYS/VCS/vcs/T-2022.06-SP1/etc/uvm/uvm_macros.svh'.
Parsing included file '/home/cad/eda/SYNOPSYS/VCS/vcs/T-2022.06-SP1/etc/uvm/macros/uvm_printer_defines.svh'.
Back to file '/home/cad/eda/SYNOPSYS/VCS/vcs/T-2022.06-SP1/etc/uvm/uvm_macros.svh'.
Parsing included file '/home/cad/eda/SYNOPSYS/VCS/vcs/T-2022.06-SP1/etc/uvm/macros/uvm_tlm_defines.svh'.
Parsing included file '/home/cad/eda/SYNOPSYS/VCS/vcs/T-2022.06-SP1/etc/uvm/tlm1/uvm_tlm_imps.svh'.
Back to file '/home/cad/eda/SYNOPSYS/VCS/vcs/T-2022.06-SP1/etc/uvm/macros/uvm_tlm_defines.svh'.
Back to file '/home/cad/eda/SYNOPSYS/VCS/vcs/T-2022.06-SP1/etc/uvm/uvm_macros.svh'.
Parsing included file '/home/cad/eda/SYNOPSYS/VCS/vcs/T-2022.06-SP1/etc/uvm/macros/uvm_sequence_defines.svh'.
Back to file '/home/cad/eda/SYNOPSYS/VCS/vcs/T-2022.06-SP1/etc/uvm/uvm_macros.svh'.
Parsing included file '/home/cad/eda/SYNOPSYS/VCS/vcs/T-2022.06-SP1/etc/uvm/macros/uvm_callback_defines.svh'.
Back to file '/home/cad/eda/SYNOPSYS/VCS/vcs/T-2022.06-SP1/etc/uvm/uvm_macros.svh'.
Parsing included file '/home/cad/eda/SYNOPSYS/VCS/vcs/T-2022.06-SP1/etc/uvm/macros/uvm_reg_defines.svh'.
Back to file '/home/cad/eda/SYNOPSYS/VCS/vcs/T-2022.06-SP1/etc/uvm/uvm_macros.svh'.
Parsing included file '/home/cad/eda/SYNOPSYS/VCS/vcs/T-2022.06-SP1/etc/uvm/macros/uvm_deprecated_defines.svh'.
Back to file '/home/cad/eda/SYNOPSYS/VCS/vcs/T-2022.06-SP1/etc/uvm/uvm_macros.svh'.
Back to file '/home/cad/eda/SYNOPSYS/VCS/vcs/T-2022.06-SP1/etc/uvm/uvm_pkg.sv'.
Parsing included file '/home/cad/eda/SYNOPSYS/VCS/vcs/T-2022.06-SP1/etc/uvm/directc/uvm_directc.svh'.
Parsing included file '/home/cad/eda/SYNOPSYS/VCS/vcs/T-2022.06-SP1/etc/uvm/directc/uvm_seed.vh'.
Back to file '/home/cad/eda/SYNOPSYS/VCS/vcs/T-2022.06-SP1/etc/uvm/directc/uvm_directc.svh'.
Back to file '/home/cad/eda/SYNOPSYS/VCS/vcs/T-2022.06-SP1/etc/uvm/uvm_pkg.sv'.
Parsing included file '/home/cad/eda/SYNOPSYS/VCS/vcs/T-2022.06-SP1/etc/uvm/dpi/uvm_dpi.svh'.
Parsing included file '/home/cad/eda/SYNOPSYS/VCS/vcs/T-2022.06-SP1/etc/uvm/dpi/uvm_hdl.svh'.
Back to file '/home/cad/eda/SYNOPSYS/VCS/vcs/T-2022.06-SP1/etc/uvm/dpi/uvm_dpi.svh'.
Parsing included file '/home/cad/eda/SYNOPSYS/VCS/vcs/T-2022.06-SP1/etc/uvm/dpi/uvm_svcmd_dpi.svh'.
Back to file '/home/cad/eda/SYNOPSYS/VCS/vcs/T-2022.06-SP1/etc/uvm/dpi/uvm_dpi.svh'.
Parsing included file '/home/cad/eda/SYNOPSYS/VCS/vcs/T-2022.06-SP1/etc/uvm/dpi/uvm_regex.svh'.
Back to file '/home/cad/eda/SYNOPSYS/VCS/vcs/T-2022.06-SP1/etc/uvm/dpi/uvm_dpi.svh'.
Back to file '/home/cad/eda/SYNOPSYS/VCS/vcs/T-2022.06-SP1/etc/uvm/uvm_pkg.sv'.
Parsing included file '/home/cad/eda/SYNOPSYS/VCS/vcs/T-2022.06-SP1/etc/uvm/base/uvm_base.svh'.
Parsing included file '/home/cad/eda/SYNOPSYS/VCS/vcs/T-2022.06-SP1/etc/uvm/base/uvm_version.svh'.
Back to file '/home/cad/eda/SYNOPSYS/VCS/vcs/T-2022.06-SP1/etc/uvm/base/uvm_base.svh'.
Parsing included file '/home/cad/eda/SYNOPSYS/VCS/vcs/T-2022.06-SP1/etc/uvm/base/uvm_object_globals.svh'.
Back to file '/home/cad/eda/SYNOPSYS/VCS/vcs/T-2022.06-SP1/etc/uvm/base/uvm_base.svh'.
Parsing included file '/home/cad/eda/SYNOPSYS/VCS/vcs/T-2022.06-SP1/etc/uvm/base/uvm_misc.svh'.
Back to file '/home/cad/eda/SYNOPSYS/VCS/vcs/T-2022.06-SP1/etc/uvm/base/uvm_base.svh'.
Parsing included file '/home/cad/eda/SYNOPSYS/VCS/vcs/T-2022.06-SP1/etc/uvm/base/uvm_object.svh'.
Back to file '/home/cad/eda/SYNOPSYS/VCS/vcs/T-2022.06-SP1/etc/uvm/base/uvm_base.svh'.
Parsing included file '/home/cad/eda/SYNOPSYS/VCS/vcs/T-2022.06-SP1/etc/uvm/base/uvm_pool.svh'.
Back to file '/home/cad/eda/SYNOPSYS/VCS/vcs/T-2022.06-SP1/etc/uvm/base/uvm_base.svh'.
Parsing included file '/home/cad/eda/SYNOPSYS/VCS/vcs/T-2022.06-SP1/etc/uvm/base/uvm_queue.svh'.
Back to file '/home/cad/eda/SYNOPSYS/VCS/vcs/T-2022.06-SP1/etc/uvm/base/uvm_base.svh'.
Parsing included file '/home/cad/eda/SYNOPSYS/VCS/vcs/T-2022.06-SP1/etc/uvm/base/uvm_factory.svh'.
Back to file '/home/cad/eda/SYNOPSYS/VCS/vcs/T-2022.06-SP1/etc/uvm/base/uvm_base.svh'.
Parsing included file '/home/cad/eda/SYNOPSYS/VCS/vcs/T-2022.06-SP1/etc/uvm/base/uvm_registry.svh'.
Back to file '/home/cad/eda/SYNOPSYS/VCS/vcs/T-2022.06-SP1/etc/uvm/base/uvm_base.svh'.
Parsing included file '/home/cad/eda/SYNOPSYS/VCS/vcs/T-2022.06-SP1/etc/uvm/base/uvm_spell_chkr.svh'.
Back to file '/home/cad/eda/SYNOPSYS/VCS/vcs/T-2022.06-SP1/etc/uvm/base/uvm_base.svh'.
Parsing included file '/home/cad/eda/SYNOPSYS/VCS/vcs/T-2022.06-SP1/etc/uvm/base/uvm_resource.svh'.
Back to file '/home/cad/eda/SYNOPSYS/VCS/vcs/T-2022.06-SP1/etc/uvm/base/uvm_base.svh'.
Parsing included file '/home/cad/eda/SYNOPSYS/VCS/vcs/T-2022.06-SP1/etc/uvm/deprecated/uvm_resource_converter.svh'.
Back to file '/home/cad/eda/SYNOPSYS/VCS/vcs/T-2022.06-SP1/etc/uvm/base/uvm_base.svh'.
Parsing included file '/home/cad/eda/SYNOPSYS/VCS/vcs/T-2022.06-SP1/etc/uvm/base/uvm_resource_specializations.svh'.
Back to file '/home/cad/eda/SYNOPSYS/VCS/vcs/T-2022.06-SP1/etc/uvm/base/uvm_base.svh'.
Parsing included file '/home/cad/eda/SYNOPSYS/VCS/vcs/T-2022.06-SP1/etc/uvm/base/uvm_resource_db.svh'.
Back to file '/home/cad/eda/SYNOPSYS/VCS/vcs/T-2022.06-SP1/etc/uvm/base/uvm_base.svh'.
Parsing included file '/home/cad/eda/SYNOPSYS/VCS/vcs/T-2022.06-SP1/etc/uvm/base/uvm_config_db.svh'.
Back to file '/home/cad/eda/SYNOPSYS/VCS/vcs/T-2022.06-SP1/etc/uvm/base/uvm_base.svh'.
Parsing included file '/home/cad/eda/SYNOPSYS/VCS/vcs/T-2022.06-SP1/etc/uvm/base/uvm_printer.svh'.
Back to file '/home/cad/eda/SYNOPSYS/VCS/vcs/T-2022.06-SP1/etc/uvm/base/uvm_base.svh'.
Parsing included file '/home/cad/eda/SYNOPSYS/VCS/vcs/T-2022.06-SP1/etc/uvm/base/uvm_comparer.svh'.
Back to file '/home/cad/eda/SYNOPSYS/VCS/vcs/T-2022.06-SP1/etc/uvm/base/uvm_base.svh'.
Parsing included file '/home/cad/eda/SYNOPSYS/VCS/vcs/T-2022.06-SP1/etc/uvm/base/uvm_packer.svh'.
Back to file '/home/cad/eda/SYNOPSYS/VCS/vcs/T-2022.06-SP1/etc/uvm/base/uvm_base.svh'.
Parsing included file '/home/cad/eda/SYNOPSYS/VCS/vcs/T-2022.06-SP1/etc/uvm/base/uvm_recorder.svh'.
Back to file '/home/cad/eda/SYNOPSYS/VCS/vcs/T-2022.06-SP1/etc/uvm/base/uvm_base.svh'.
Parsing included file '/home/cad/eda/SYNOPSYS/VCS/vcs/T-2022.06-SP1/etc/uvm/base/uvm_event_callback.svh'.
Back to file '/home/cad/eda/SYNOPSYS/VCS/vcs/T-2022.06-SP1/etc/uvm/base/uvm_base.svh'.
Parsing included file '/home/cad/eda/SYNOPSYS/VCS/vcs/T-2022.06-SP1/etc/uvm/base/uvm_event.svh'.
Back to file '/home/cad/eda/SYNOPSYS/VCS/vcs/T-2022.06-SP1/etc/uvm/base/uvm_base.svh'.
Parsing included file '/home/cad/eda/SYNOPSYS/VCS/vcs/T-2022.06-SP1/etc/uvm/base/uvm_barrier.svh'.
Back to file '/home/cad/eda/SYNOPSYS/VCS/vcs/T-2022.06-SP1/etc/uvm/base/uvm_base.svh'.
Parsing included file '/home/cad/eda/SYNOPSYS/VCS/vcs/T-2022.06-SP1/etc/uvm/base/uvm_callback.svh'.
Parsing included file '/home/cad/eda/SYNOPSYS/VCS/vcs/T-2022.06-SP1/etc/uvm/uvm_macros.svh'.
Back to file '/home/cad/eda/SYNOPSYS/VCS/vcs/T-2022.06-SP1/etc/uvm/base/uvm_callback.svh'.
Back to file '/home/cad/eda/SYNOPSYS/VCS/vcs/T-2022.06-SP1/etc/uvm/base/uvm_base.svh'.
Parsing included file '/home/cad/eda/SYNOPSYS/VCS/vcs/T-2022.06-SP1/etc/uvm/base/uvm_report_catcher.svh'.
Back to file '/home/cad/eda/SYNOPSYS/VCS/vcs/T-2022.06-SP1/etc/uvm/base/uvm_base.svh'.
Parsing included file '/home/cad/eda/SYNOPSYS/VCS/vcs/T-2022.06-SP1/etc/uvm/base/uvm_report_server.svh'.
Back to file '/home/cad/eda/SYNOPSYS/VCS/vcs/T-2022.06-SP1/etc/uvm/base/uvm_base.svh'.
Parsing included file '/home/cad/eda/SYNOPSYS/VCS/vcs/T-2022.06-SP1/etc/uvm/base/uvm_report_handler.svh'.
Back to file '/home/cad/eda/SYNOPSYS/VCS/vcs/T-2022.06-SP1/etc/uvm/base/uvm_base.svh'.
Parsing included file '/home/cad/eda/SYNOPSYS/VCS/vcs/T-2022.06-SP1/etc/uvm/base/uvm_report_object.svh'.
Back to file '/home/cad/eda/SYNOPSYS/VCS/vcs/T-2022.06-SP1/etc/uvm/base/uvm_base.svh'.
Parsing included file '/home/cad/eda/SYNOPSYS/VCS/vcs/T-2022.06-SP1/etc/uvm/base/uvm_transaction.svh'.
Back to file '/home/cad/eda/SYNOPSYS/VCS/vcs/T-2022.06-SP1/etc/uvm/base/uvm_base.svh'.
Parsing included file '/home/cad/eda/SYNOPSYS/VCS/vcs/T-2022.06-SP1/etc/uvm/base/uvm_phase.svh'.
Back to file '/home/cad/eda/SYNOPSYS/VCS/vcs/T-2022.06-SP1/etc/uvm/base/uvm_base.svh'.
Parsing included file '/home/cad/eda/SYNOPSYS/VCS/vcs/T-2022.06-SP1/etc/uvm/base/uvm_domain.svh'.
Back to file '/home/cad/eda/SYNOPSYS/VCS/vcs/T-2022.06-SP1/etc/uvm/base/uvm_base.svh'.
Parsing included file '/home/cad/eda/SYNOPSYS/VCS/vcs/T-2022.06-SP1/etc/uvm/base/uvm_bottomup_phase.svh'.
Back to file '/home/cad/eda/SYNOPSYS/VCS/vcs/T-2022.06-SP1/etc/uvm/base/uvm_base.svh'.
Parsing included file '/home/cad/eda/SYNOPSYS/VCS/vcs/T-2022.06-SP1/etc/uvm/base/uvm_topdown_phase.svh'.
Back to file '/home/cad/eda/SYNOPSYS/VCS/vcs/T-2022.06-SP1/etc/uvm/base/uvm_base.svh'.
Parsing included file '/home/cad/eda/SYNOPSYS/VCS/vcs/T-2022.06-SP1/etc/uvm/base/uvm_task_phase.svh'.
Back to file '/home/cad/eda/SYNOPSYS/VCS/vcs/T-2022.06-SP1/etc/uvm/base/uvm_base.svh'.
Parsing included file '/home/cad/eda/SYNOPSYS/VCS/vcs/T-2022.06-SP1/etc/uvm/base/uvm_common_phases.svh'.
Back to file '/home/cad/eda/SYNOPSYS/VCS/vcs/T-2022.06-SP1/etc/uvm/base/uvm_base.svh'.
Parsing included file '/home/cad/eda/SYNOPSYS/VCS/vcs/T-2022.06-SP1/etc/uvm/base/uvm_runtime_phases.svh'.
Back to file '/home/cad/eda/SYNOPSYS/VCS/vcs/T-2022.06-SP1/etc/uvm/base/uvm_base.svh'.
Parsing included file '/home/cad/eda/SYNOPSYS/VCS/vcs/T-2022.06-SP1/etc/uvm/base/uvm_component.svh'.
Parsing included file '/home/cad/eda/SYNOPSYS/VCS/vcs/T-2022.06-SP1/etc/uvm/base/uvm_root.svh'.
Back to file '/home/cad/eda/SYNOPSYS/VCS/vcs/T-2022.06-SP1/etc/uvm/base/uvm_component.svh'.
Back to file '/home/cad/eda/SYNOPSYS/VCS/vcs/T-2022.06-SP1/etc/uvm/base/uvm_base.svh'.
Parsing included file '/home/cad/eda/SYNOPSYS/VCS/vcs/T-2022.06-SP1/etc/uvm/base/uvm_objection.svh'.
Back to file '/home/cad/eda/SYNOPSYS/VCS/vcs/T-2022.06-SP1/etc/uvm/base/uvm_base.svh'.
Parsing included file '/home/cad/eda/SYNOPSYS/VCS/vcs/T-2022.06-SP1/etc/uvm/base/uvm_heartbeat.svh'.
Back to file '/home/cad/eda/SYNOPSYS/VCS/vcs/T-2022.06-SP1/etc/uvm/base/uvm_base.svh'.
Parsing included file '/home/cad/eda/SYNOPSYS/VCS/vcs/T-2022.06-SP1/etc/uvm/base/uvm_globals.svh'.
Back to file '/home/cad/eda/SYNOPSYS/VCS/vcs/T-2022.06-SP1/etc/uvm/base/uvm_base.svh'.
Parsing included file '/home/cad/eda/SYNOPSYS/VCS/vcs/T-2022.06-SP1/etc/uvm/base/uvm_cmdline_processor.svh'.
Back to file '/home/cad/eda/SYNOPSYS/VCS/vcs/T-2022.06-SP1/etc/uvm/base/uvm_base.svh'.
Back to file '/home/cad/eda/SYNOPSYS/VCS/vcs/T-2022.06-SP1/etc/uvm/uvm_pkg.sv'.
Parsing included file '/home/cad/eda/SYNOPSYS/VCS/vcs/T-2022.06-SP1/etc/uvm/tlm1/uvm_tlm.svh'.
Parsing included file '/home/cad/eda/SYNOPSYS/VCS/vcs/T-2022.06-SP1/etc/uvm/tlm1/uvm_tlm_ifs.svh'.
Back to file '/home/cad/eda/SYNOPSYS/VCS/vcs/T-2022.06-SP1/etc/uvm/tlm1/uvm_tlm.svh'.
Parsing included file '/home/cad/eda/SYNOPSYS/VCS/vcs/T-2022.06-SP1/etc/uvm/tlm1/uvm_sqr_ifs.svh'.
Back to file '/home/cad/eda/SYNOPSYS/VCS/vcs/T-2022.06-SP1/etc/uvm/tlm1/uvm_tlm.svh'.
Parsing included file '/home/cad/eda/SYNOPSYS/VCS/vcs/T-2022.06-SP1/etc/uvm/base/uvm_port_base.svh'.
Back to file '/home/cad/eda/SYNOPSYS/VCS/vcs/T-2022.06-SP1/etc/uvm/tlm1/uvm_tlm.svh'.
Parsing included file '/home/cad/eda/SYNOPSYS/VCS/vcs/T-2022.06-SP1/etc/uvm/tlm1/uvm_tlm_imps.svh'.
Back to file '/home/cad/eda/SYNOPSYS/VCS/vcs/T-2022.06-SP1/etc/uvm/tlm1/uvm_tlm.svh'.
Parsing included file '/home/cad/eda/SYNOPSYS/VCS/vcs/T-2022.06-SP1/etc/uvm/tlm1/uvm_imps.svh'.
Back to file '/home/cad/eda/SYNOPSYS/VCS/vcs/T-2022.06-SP1/etc/uvm/tlm1/uvm_tlm.svh'.
Parsing included file '/home/cad/eda/SYNOPSYS/VCS/vcs/T-2022.06-SP1/etc/uvm/tlm1/uvm_ports.svh'.
Back to file '/home/cad/eda/SYNOPSYS/VCS/vcs/T-2022.06-SP1/etc/uvm/tlm1/uvm_tlm.svh'.
Parsing included file '/home/cad/eda/SYNOPSYS/VCS/vcs/T-2022.06-SP1/etc/uvm/tlm1/uvm_exports.svh'.
Back to file '/home/cad/eda/SYNOPSYS/VCS/vcs/T-2022.06-SP1/etc/uvm/tlm1/uvm_tlm.svh'.
Parsing included file '/home/cad/eda/SYNOPSYS/VCS/vcs/T-2022.06-SP1/etc/uvm/tlm1/uvm_analysis_port.svh'.
Back to file '/home/cad/eda/SYNOPSYS/VCS/vcs/T-2022.06-SP1/etc/uvm/tlm1/uvm_tlm.svh'.
Parsing included file '/home/cad/eda/SYNOPSYS/VCS/vcs/T-2022.06-SP1/etc/uvm/tlm1/uvm_tlm_fifo_base.svh'.
Back to file '/home/cad/eda/SYNOPSYS/VCS/vcs/T-2022.06-SP1/etc/uvm/tlm1/uvm_tlm.svh'.
Parsing included file '/home/cad/eda/SYNOPSYS/VCS/vcs/T-2022.06-SP1/etc/uvm/tlm1/uvm_tlm_fifos.svh'.
Back to file '/home/cad/eda/SYNOPSYS/VCS/vcs/T-2022.06-SP1/etc/uvm/tlm1/uvm_tlm.svh'.
Parsing included file '/home/cad/eda/SYNOPSYS/VCS/vcs/T-2022.06-SP1/etc/uvm/tlm1/uvm_tlm_req_rsp.svh'.
Back to file '/home/cad/eda/SYNOPSYS/VCS/vcs/T-2022.06-SP1/etc/uvm/tlm1/uvm_tlm.svh'.
Parsing included file '/home/cad/eda/SYNOPSYS/VCS/vcs/T-2022.06-SP1/etc/uvm/tlm1/uvm_sqr_connections.svh'.
Back to file '/home/cad/eda/SYNOPSYS/VCS/vcs/T-2022.06-SP1/etc/uvm/tlm1/uvm_tlm.svh'.
Back to file '/home/cad/eda/SYNOPSYS/VCS/vcs/T-2022.06-SP1/etc/uvm/uvm_pkg.sv'.
Parsing included file '/home/cad/eda/SYNOPSYS/VCS/vcs/T-2022.06-SP1/etc/uvm/comps/uvm_comps.svh'.
Parsing included file '/home/cad/eda/SYNOPSYS/VCS/vcs/T-2022.06-SP1/etc/uvm/comps/uvm_pair.svh'.
Back to file '/home/cad/eda/SYNOPSYS/VCS/vcs/T-2022.06-SP1/etc/uvm/comps/uvm_comps.svh'.
Parsing included file '/home/cad/eda/SYNOPSYS/VCS/vcs/T-2022.06-SP1/etc/uvm/comps/uvm_policies.svh'.
Back to file '/home/cad/eda/SYNOPSYS/VCS/vcs/T-2022.06-SP1/etc/uvm/comps/uvm_comps.svh'.
Parsing included file '/home/cad/eda/SYNOPSYS/VCS/vcs/T-2022.06-SP1/etc/uvm/comps/uvm_in_order_comparator.svh'.
Back to file '/home/cad/eda/SYNOPSYS/VCS/vcs/T-2022.06-SP1/etc/uvm/comps/uvm_comps.svh'.
Parsing included file '/home/cad/eda/SYNOPSYS/VCS/vcs/T-2022.06-SP1/etc/uvm/comps/uvm_algorithmic_comparator.svh'.
Back to file '/home/cad/eda/SYNOPSYS/VCS/vcs/T-2022.06-SP1/etc/uvm/comps/uvm_comps.svh'.
Parsing included file '/home/cad/eda/SYNOPSYS/VCS/vcs/T-2022.06-SP1/etc/uvm/comps/uvm_random_stimulus.svh'.
Back to file '/home/cad/eda/SYNOPSYS/VCS/vcs/T-2022.06-SP1/etc/uvm/comps/uvm_comps.svh'.
Parsing included file '/home/cad/eda/SYNOPSYS/VCS/vcs/T-2022.06-SP1/etc/uvm/comps/uvm_subscriber.svh'.
Back to file '/home/cad/eda/SYNOPSYS/VCS/vcs/T-2022.06-SP1/etc/uvm/comps/uvm_comps.svh'.
Parsing included file '/home/cad/eda/SYNOPSYS/VCS/vcs/T-2022.06-SP1/etc/uvm/comps/uvm_monitor.svh'.
Back to file '/home/cad/eda/SYNOPSYS/VCS/vcs/T-2022.06-SP1/etc/uvm/comps/uvm_comps.svh'.
Parsing included file '/home/cad/eda/SYNOPSYS/VCS/vcs/T-2022.06-SP1/etc/uvm/comps/uvm_driver.svh'.
Back to file '/home/cad/eda/SYNOPSYS/VCS/vcs/T-2022.06-SP1/etc/uvm/comps/uvm_comps.svh'.
Parsing included file '/home/cad/eda/SYNOPSYS/VCS/vcs/T-2022.06-SP1/etc/uvm/comps/uvm_push_driver.svh'.
Back to file '/home/cad/eda/SYNOPSYS/VCS/vcs/T-2022.06-SP1/etc/uvm/comps/uvm_comps.svh'.
Parsing included file '/home/cad/eda/SYNOPSYS/VCS/vcs/T-2022.06-SP1/etc/uvm/comps/uvm_scoreboard.svh'.
Back to file '/home/cad/eda/SYNOPSYS/VCS/vcs/T-2022.06-SP1/etc/uvm/comps/uvm_comps.svh'.
Parsing included file '/home/cad/eda/SYNOPSYS/VCS/vcs/T-2022.06-SP1/etc/uvm/comps/uvm_agent.svh'.
Back to file '/home/cad/eda/SYNOPSYS/VCS/vcs/T-2022.06-SP1/etc/uvm/comps/uvm_comps.svh'.
Parsing included file '/home/cad/eda/SYNOPSYS/VCS/vcs/T-2022.06-SP1/etc/uvm/comps/uvm_env.svh'.
Back to file '/home/cad/eda/SYNOPSYS/VCS/vcs/T-2022.06-SP1/etc/uvm/comps/uvm_comps.svh'.
Parsing included file '/home/cad/eda/SYNOPSYS/VCS/vcs/T-2022.06-SP1/etc/uvm/comps/uvm_test.svh'.
Back to file '/home/cad/eda/SYNOPSYS/VCS/vcs/T-2022.06-SP1/etc/uvm/comps/uvm_comps.svh'.
Back to file '/home/cad/eda/SYNOPSYS/VCS/vcs/T-2022.06-SP1/etc/uvm/uvm_pkg.sv'.
Parsing included file '/home/cad/eda/SYNOPSYS/VCS/vcs/T-2022.06-SP1/etc/uvm/seq/uvm_seq.svh'.
Parsing included file '/home/cad/eda/SYNOPSYS/VCS/vcs/T-2022.06-SP1/etc/uvm/seq/uvm_sequence_item.svh'.
Back to file '/home/cad/eda/SYNOPSYS/VCS/vcs/T-2022.06-SP1/etc/uvm/seq/uvm_seq.svh'.
Parsing included file '/home/cad/eda/SYNOPSYS/VCS/vcs/T-2022.06-SP1/etc/uvm/seq/uvm_sequencer_base.svh'.
Back to file '/home/cad/eda/SYNOPSYS/VCS/vcs/T-2022.06-SP1/etc/uvm/seq/uvm_seq.svh'.
Parsing included file '/home/cad/eda/SYNOPSYS/VCS/vcs/T-2022.06-SP1/etc/uvm/seq/uvm_sequencer_analysis_fifo.svh'.
Back to file '/home/cad/eda/SYNOPSYS/VCS/vcs/T-2022.06-SP1/etc/uvm/seq/uvm_seq.svh'.
Parsing included file '/home/cad/eda/SYNOPSYS/VCS/vcs/T-2022.06-SP1/etc/uvm/seq/uvm_sequencer_param_base.svh'.
Back to file '/home/cad/eda/SYNOPSYS/VCS/vcs/T-2022.06-SP1/etc/uvm/seq/uvm_seq.svh'.
Parsing included file '/home/cad/eda/SYNOPSYS/VCS/vcs/T-2022.06-SP1/etc/uvm/seq/uvm_sequencer.svh'.
Back to file '/home/cad/eda/SYNOPSYS/VCS/vcs/T-2022.06-SP1/etc/uvm/seq/uvm_seq.svh'.
Parsing included file '/home/cad/eda/SYNOPSYS/VCS/vcs/T-2022.06-SP1/etc/uvm/seq/uvm_push_sequencer.svh'.
Back to file '/home/cad/eda/SYNOPSYS/VCS/vcs/T-2022.06-SP1/etc/uvm/seq/uvm_seq.svh'.
Parsing included file '/home/cad/eda/SYNOPSYS/VCS/vcs/T-2022.06-SP1/etc/uvm/seq/uvm_sequence_base.svh'.
Back to file '/home/cad/eda/SYNOPSYS/VCS/vcs/T-2022.06-SP1/etc/uvm/seq/uvm_seq.svh'.
Parsing included file '/home/cad/eda/SYNOPSYS/VCS/vcs/T-2022.06-SP1/etc/uvm/seq/uvm_sequence.svh'.
Back to file '/home/cad/eda/SYNOPSYS/VCS/vcs/T-2022.06-SP1/etc/uvm/seq/uvm_seq.svh'.
Parsing included file '/home/cad/eda/SYNOPSYS/VCS/vcs/T-2022.06-SP1/etc/uvm/seq/uvm_sequence_library.svh'.
Back to file '/home/cad/eda/SYNOPSYS/VCS/vcs/T-2022.06-SP1/etc/uvm/seq/uvm_seq.svh'.
Parsing included file '/home/cad/eda/SYNOPSYS/VCS/vcs/T-2022.06-SP1/etc/uvm/seq/uvm_sequence_builtin.svh'.
Back to file '/home/cad/eda/SYNOPSYS/VCS/vcs/T-2022.06-SP1/etc/uvm/seq/uvm_seq.svh'.
Back to file '/home/cad/eda/SYNOPSYS/VCS/vcs/T-2022.06-SP1/etc/uvm/uvm_pkg.sv'.
Parsing included file '/home/cad/eda/SYNOPSYS/VCS/vcs/T-2022.06-SP1/etc/uvm/tlm2/uvm_tlm2.svh'.
Parsing included file '/home/cad/eda/SYNOPSYS/VCS/vcs/T-2022.06-SP1/etc/uvm/tlm2/uvm_tlm2_defines.svh'.
Back to file '/home/cad/eda/SYNOPSYS/VCS/vcs/T-2022.06-SP1/etc/uvm/tlm2/uvm_tlm2.svh'.
Parsing included file '/home/cad/eda/SYNOPSYS/VCS/vcs/T-2022.06-SP1/etc/uvm/tlm2/uvm_tlm2_time.svh'.
Back to file '/home/cad/eda/SYNOPSYS/VCS/vcs/T-2022.06-SP1/etc/uvm/tlm2/uvm_tlm2.svh'.
Parsing included file '/home/cad/eda/SYNOPSYS/VCS/vcs/T-2022.06-SP1/etc/uvm/tlm2/uvm_tlm2_generic_payload.svh'.
Back to file '/home/cad/eda/SYNOPSYS/VCS/vcs/T-2022.06-SP1/etc/uvm/tlm2/uvm_tlm2.svh'.
Parsing included file '/home/cad/eda/SYNOPSYS/VCS/vcs/T-2022.06-SP1/etc/uvm/tlm2/uvm_tlm2_ifs.svh'.
Back to file '/home/cad/eda/SYNOPSYS/VCS/vcs/T-2022.06-SP1/etc/uvm/tlm2/uvm_tlm2.svh'.
Parsing included file '/home/cad/eda/SYNOPSYS/VCS/vcs/T-2022.06-SP1/etc/uvm/tlm2/uvm_tlm2_imps.svh'.
Back to file '/home/cad/eda/SYNOPSYS/VCS/vcs/T-2022.06-SP1/etc/uvm/tlm2/uvm_tlm2.svh'.
Parsing included file '/home/cad/eda/SYNOPSYS/VCS/vcs/T-2022.06-SP1/etc/uvm/tlm2/uvm_tlm2_ports.svh'.
Back to file '/home/cad/eda/SYNOPSYS/VCS/vcs/T-2022.06-SP1/etc/uvm/tlm2/uvm_tlm2.svh'.
Parsing included file '/home/cad/eda/SYNOPSYS/VCS/vcs/T-2022.06-SP1/etc/uvm/tlm2/uvm_tlm2_exports.svh'.
Back to file '/home/cad/eda/SYNOPSYS/VCS/vcs/T-2022.06-SP1/etc/uvm/tlm2/uvm_tlm2.svh'.
Parsing included file '/home/cad/eda/SYNOPSYS/VCS/vcs/T-2022.06-SP1/etc/uvm/tlm2/uvm_tlm2_sockets_base.svh'.
Back to file '/home/cad/eda/SYNOPSYS/VCS/vcs/T-2022.06-SP1/etc/uvm/tlm2/uvm_tlm2.svh'.
Parsing included file '/home/cad/eda/SYNOPSYS/VCS/vcs/T-2022.06-SP1/etc/uvm/tlm2/uvm_tlm2_sockets.svh'.
Back to file '/home/cad/eda/SYNOPSYS/VCS/vcs/T-2022.06-SP1/etc/uvm/tlm2/uvm_tlm2.svh'.
Back to file '/home/cad/eda/SYNOPSYS/VCS/vcs/T-2022.06-SP1/etc/uvm/uvm_pkg.sv'.
Parsing included file '/home/cad/eda/SYNOPSYS/VCS/vcs/T-2022.06-SP1/etc/uvm/reg/uvm_reg_model.svh'.
Parsing included file '/home/cad/eda/SYNOPSYS/VCS/vcs/T-2022.06-SP1/etc/uvm/reg/uvm_reg_item.svh'.
Back to file '/home/cad/eda/SYNOPSYS/VCS/vcs/T-2022.06-SP1/etc/uvm/reg/uvm_reg_model.svh'.
Parsing included file '/home/cad/eda/SYNOPSYS/VCS/vcs/T-2022.06-SP1/etc/uvm/reg/uvm_reg_adapter.svh'.
Back to file '/home/cad/eda/SYNOPSYS/VCS/vcs/T-2022.06-SP1/etc/uvm/reg/uvm_reg_model.svh'.
Parsing included file '/home/cad/eda/SYNOPSYS/VCS/vcs/T-2022.06-SP1/etc/uvm/reg/uvm_reg_predictor.svh'.
Back to file '/home/cad/eda/SYNOPSYS/VCS/vcs/T-2022.06-SP1/etc/uvm/reg/uvm_reg_model.svh'.
Parsing included file '/home/cad/eda/SYNOPSYS/VCS/vcs/T-2022.06-SP1/etc/uvm/reg/uvm_reg_sequence.svh'.
Back to file '/home/cad/eda/SYNOPSYS/VCS/vcs/T-2022.06-SP1/etc/uvm/reg/uvm_reg_model.svh'.
Parsing included file '/home/cad/eda/SYNOPSYS/VCS/vcs/T-2022.06-SP1/etc/uvm/reg/uvm_reg_cbs.svh'.
Back to file '/home/cad/eda/SYNOPSYS/VCS/vcs/T-2022.06-SP1/etc/uvm/reg/uvm_reg_model.svh'.
Parsing included file '/home/cad/eda/SYNOPSYS/VCS/vcs/T-2022.06-SP1/etc/uvm/reg/uvm_reg_backdoor.svh'.
Back to file '/home/cad/eda/SYNOPSYS/VCS/vcs/T-2022.06-SP1/etc/uvm/reg/uvm_reg_model.svh'.
Parsing included file '/home/cad/eda/SYNOPSYS/VCS/vcs/T-2022.06-SP1/etc/uvm/reg/uvm_reg_field.svh'.
Back to file '/home/cad/eda/SYNOPSYS/VCS/vcs/T-2022.06-SP1/etc/uvm/reg/uvm_reg_model.svh'.
Parsing included file '/home/cad/eda/SYNOPSYS/VCS/vcs/T-2022.06-SP1/etc/uvm/reg/uvm_vreg_field.svh'.
Back to file '/home/cad/eda/SYNOPSYS/VCS/vcs/T-2022.06-SP1/etc/uvm/reg/uvm_reg_model.svh'.
Parsing included file '/home/cad/eda/SYNOPSYS/VCS/vcs/T-2022.06-SP1/etc/uvm/reg/uvm_reg.svh'.
Back to file '/home/cad/eda/SYNOPSYS/VCS/vcs/T-2022.06-SP1/etc/uvm/reg/uvm_reg_model.svh'.
Parsing included file '/home/cad/eda/SYNOPSYS/VCS/vcs/T-2022.06-SP1/etc/uvm/reg/uvm_reg_indirect.svh'.
Back to file '/home/cad/eda/SYNOPSYS/VCS/vcs/T-2022.06-SP1/etc/uvm/reg/uvm_reg_model.svh'.
Parsing included file '/home/cad/eda/SYNOPSYS/VCS/vcs/T-2022.06-SP1/etc/uvm/reg/uvm_reg_fifo.svh'.
Back to file '/home/cad/eda/SYNOPSYS/VCS/vcs/T-2022.06-SP1/etc/uvm/reg/uvm_reg_model.svh'.
Parsing included file '/home/cad/eda/SYNOPSYS/VCS/vcs/T-2022.06-SP1/etc/uvm/reg/uvm_reg_file.svh'.
Back to file '/home/cad/eda/SYNOPSYS/VCS/vcs/T-2022.06-SP1/etc/uvm/reg/uvm_reg_model.svh'.
Parsing included file '/home/cad/eda/SYNOPSYS/VCS/vcs/T-2022.06-SP1/etc/uvm/reg/uvm_mem_mam.svh'.
Back to file '/home/cad/eda/SYNOPSYS/VCS/vcs/T-2022.06-SP1/etc/uvm/reg/uvm_reg_model.svh'.
Parsing included file '/home/cad/eda/SYNOPSYS/VCS/vcs/T-2022.06-SP1/etc/uvm/reg/uvm_vreg.svh'.
Back to file '/home/cad/eda/SYNOPSYS/VCS/vcs/T-2022.06-SP1/etc/uvm/reg/uvm_reg_model.svh'.
Parsing included file '/home/cad/eda/SYNOPSYS/VCS/vcs/T-2022.06-SP1/etc/uvm/reg/uvm_mem.svh'.
Back to file '/home/cad/eda/SYNOPSYS/VCS/vcs/T-2022.06-SP1/etc/uvm/reg/uvm_reg_model.svh'.
Parsing included file '/home/cad/eda/SYNOPSYS/VCS/vcs/T-2022.06-SP1/etc/uvm/reg/uvm_reg_map.svh'.
Back to file '/home/cad/eda/SYNOPSYS/VCS/vcs/T-2022.06-SP1/etc/uvm/reg/uvm_reg_model.svh'.
Parsing included file '/home/cad/eda/SYNOPSYS/VCS/vcs/T-2022.06-SP1/etc/uvm/reg/uvm_reg_block.svh'.
Back to file '/home/cad/eda/SYNOPSYS/VCS/vcs/T-2022.06-SP1/etc/uvm/reg/uvm_reg_model.svh'.
Parsing included file '/home/cad/eda/SYNOPSYS/VCS/vcs/T-2022.06-SP1/etc/uvm/reg/sequences/uvm_reg_hw_reset_seq.svh'.
Back to file '/home/cad/eda/SYNOPSYS/VCS/vcs/T-2022.06-SP1/etc/uvm/reg/uvm_reg_model.svh'.
Parsing included file '/home/cad/eda/SYNOPSYS/VCS/vcs/T-2022.06-SP1/etc/uvm/reg/sequences/uvm_reg_bit_bash_seq.svh'.
Back to file '/home/cad/eda/SYNOPSYS/VCS/vcs/T-2022.06-SP1/etc/uvm/reg/uvm_reg_model.svh'.
Parsing included file '/home/cad/eda/SYNOPSYS/VCS/vcs/T-2022.06-SP1/etc/uvm/reg/sequences/uvm_mem_walk_seq.svh'.
Back to file '/home/cad/eda/SYNOPSYS/VCS/vcs/T-2022.06-SP1/etc/uvm/reg/uvm_reg_model.svh'.
Parsing included file '/home/cad/eda/SYNOPSYS/VCS/vcs/T-2022.06-SP1/etc/uvm/reg/sequences/uvm_mem_access_seq.svh'.
Back to file '/home/cad/eda/SYNOPSYS/VCS/vcs/T-2022.06-SP1/etc/uvm/reg/uvm_reg_model.svh'.
Parsing included file '/home/cad/eda/SYNOPSYS/VCS/vcs/T-2022.06-SP1/etc/uvm/reg/sequences/uvm_reg_access_seq.svh'.
Back to file '/home/cad/eda/SYNOPSYS/VCS/vcs/T-2022.06-SP1/etc/uvm/reg/uvm_reg_model.svh'.
Parsing included file '/home/cad/eda/SYNOPSYS/VCS/vcs/T-2022.06-SP1/etc/uvm/reg/sequences/uvm_reg_mem_shared_access_seq.svh'.
Back to file '/home/cad/eda/SYNOPSYS/VCS/vcs/T-2022.06-SP1/etc/uvm/reg/uvm_reg_model.svh'.
Parsing included file '/home/cad/eda/SYNOPSYS/VCS/vcs/T-2022.06-SP1/etc/uvm/reg/sequences/uvm_reg_mem_built_in_seq.svh'.
Back to file '/home/cad/eda/SYNOPSYS/VCS/vcs/T-2022.06-SP1/etc/uvm/reg/uvm_reg_model.svh'.
Parsing included file '/home/cad/eda/SYNOPSYS/VCS/vcs/T-2022.06-SP1/etc/uvm/reg/sequences/uvm_reg_mem_hdl_paths_seq.svh'.
Back to file '/home/cad/eda/SYNOPSYS/VCS/vcs/T-2022.06-SP1/etc/uvm/reg/uvm_reg_model.svh'.
Parsing included file '/home/cad/eda/SYNOPSYS/VCS/vcs/T-2022.06-SP1/etc/uvm/reg/snps_uvm_reg_bank.svh'.
Back to file '/home/cad/eda/SYNOPSYS/VCS/vcs/T-2022.06-SP1/etc/uvm/reg/uvm_reg_model.svh'.
Back to file '/home/cad/eda/SYNOPSYS/VCS/vcs/T-2022.06-SP1/etc/uvm/uvm_pkg.sv'.
Parsing included file '/home/cad/eda/SYNOPSYS/VCS/vcs/T-2022.06-SP1/etc/uvm/vcs/vcs_uvm_alt.sv'.
Back to file '/home/cad/eda/SYNOPSYS/VCS/vcs/T-2022.06-SP1/etc/uvm/uvm_pkg.sv'.
Parsing design file '/home/cad/eda/SYNOPSYS/VCS/vcs/T-2022.06-SP1/etc/uvm/vcs/uvm_custom_install_vcs_recorder.sv'
Parsing included file '/home/cad/eda/SYNOPSYS/VCS/vcs/T-2022.06-SP1/etc/uvm/vcs/msglog.svh'.
Back to file '/home/cad/eda/SYNOPSYS/VCS/vcs/T-2022.06-SP1/etc/uvm/vcs/uvm_custom_install_vcs_recorder.sv'.
Parsing included file '/home/cad/eda/SYNOPSYS/VCS/vcs/T-2022.06-SP1/etc/uvm/vcs/uvm_msglog_report_server.sv'.
Back to file '/home/cad/eda/SYNOPSYS/VCS/vcs/T-2022.06-SP1/etc/uvm/vcs/uvm_custom_install_vcs_recorder.sv'.
Parsing included file '/home/cad/eda/SYNOPSYS/VCS/vcs/T-2022.06-SP1/etc/uvm/vcs/uvm_vcs_recorder.svh'.
Back to file '/home/cad/eda/SYNOPSYS/VCS/vcs/T-2022.06-SP1/etc/uvm/vcs/uvm_custom_install_vcs_recorder.sv'.
Parsing included file '/home/cad/eda/SYNOPSYS/VCS/vcs/T-2022.06-SP1/etc/uvm/vcs/uvm_vcs_record_interface.sv'.
Back to file '/home/cad/eda/SYNOPSYS/VCS/vcs/T-2022.06-SP1/etc/uvm/vcs/uvm_custom_install_vcs_recorder.sv'.
Parsing design file '/home/cad/eda/SYNOPSYS/VCS/vcs/T-2022.06-SP1/etc/uvm/verdi/uvm_custom_install_verdi_recorder.sv'
Parsing included file '/home/cad/eda/SYNOPSYS/VCS/vcs/T-2022.06-SP1/etc/uvm/uvm_macros.svh'.
Back to file '/home/cad/eda/SYNOPSYS/VCS/vcs/T-2022.06-SP1/etc/uvm/verdi/uvm_custom_install_verdi_recorder.sv'.
Parsing included file '/home/cad/eda/SYNOPSYS/VCS/vcs/T-2022.06-SP1/etc/uvm/verdi/uvm_verdi_recorder.svh'.
Parsing included file '/home/cad/eda/SYNOPSYS/VCS/vcs/T-2022.06-SP1/etc/uvm/verdi/uvm_verdi_pli_base.svh'.
Back to file '/home/cad/eda/SYNOPSYS/VCS/vcs/T-2022.06-SP1/etc/uvm/verdi/uvm_verdi_recorder.svh'.
Back to file '/home/cad/eda/SYNOPSYS/VCS/vcs/T-2022.06-SP1/etc/uvm/verdi/uvm_custom_install_verdi_recorder.sv'.
Parsing included file '/home/cad/eda/SYNOPSYS/VCS/vcs/T-2022.06-SP1/etc/uvm/verdi/uvm_verdi_reg_map_recording.sv'.
Back to file '/home/cad/eda/SYNOPSYS/VCS/vcs/T-2022.06-SP1/etc/uvm/verdi/uvm_custom_install_verdi_recorder.sv'.
Parsing included file '/home/cad/eda/SYNOPSYS/VCS/vcs/T-2022.06-SP1/etc/uvm/verdi/uvm_verdi_message_catcher.svh'.
Parsing included file '/home/cad/eda/SYNOPSYS/VCS/vcs/T-2022.06-SP1/etc/uvm/verdi/uvm_verdi_pli_base.svh'.
Back to file '/home/cad/eda/SYNOPSYS/VCS/vcs/T-2022.06-SP1/etc/uvm/verdi/uvm_verdi_message_catcher.svh'.
Back to file '/home/cad/eda/SYNOPSYS/VCS/vcs/T-2022.06-SP1/etc/uvm/verdi/uvm_custom_install_verdi_recorder.sv'.
Parsing included file '/home/cad/eda/SYNOPSYS/VCS/vcs/T-2022.06-SP1/etc/uvm/verdi/./dpi/uvm_verdi_dpi.svh'.
Back to file '/home/cad/eda/SYNOPSYS/VCS/vcs/T-2022.06-SP1/etc/uvm/verdi/uvm_custom_install_verdi_recorder.sv'.
Parsing included file '/home/cad/eda/SYNOPSYS/VCS/vcs/T-2022.06-SP1/etc/uvm/verdi/uvm_verdi_reg_recording.sv'.
Back to file '/home/cad/eda/SYNOPSYS/VCS/vcs/T-2022.06-SP1/etc/uvm/verdi/uvm_custom_install_verdi_recorder.sv'.
Parsing included file '/home/cad/eda/SYNOPSYS/VERDI_2022/verdi/T-2022.06-SP1/share/PLI/VCS/include/verdi_trans_recorder_dpi.svh'.
Back to file '/home/cad/eda/SYNOPSYS/VCS/vcs/T-2022.06-SP1/etc/uvm/verdi/uvm_custom_install_verdi_recorder.sv'.
Parsing included file '/home/cad/eda/SYNOPSYS/VCS/vcs/T-2022.06-SP1/etc/uvm/verdi/uvm_verdi_pli.svh'.
Back to file '/home/cad/eda/SYNOPSYS/VCS/vcs/T-2022.06-SP1/etc/uvm/verdi/uvm_custom_install_verdi_recorder.sv'.
Parsing design file '/home/cad/eda/SYNOPSYS/VCS/vcs/T-2022.06-SP1/etc/uvm/verdi/uvm_custom_install_verdi_recorder.sv'
Parsing design file '../Interface/interface.sv'
Parsing included file '/home/cad/eda/SYNOPSYS/VCS/vcs/T-2022.06-SP1/etc/uvm/uvm_macros.svh'.
Back to file '../Interface/interface.sv'.
Parsing design file '../test/test_pkg.sv'
Parsing included file '/home/cad/eda/SYNOPSYS/VCS/vcs/T-2022.06-SP1/etc/uvm/uvm_macros.svh'.
Back to file '../test/test_pkg.sv'.
Parsing included file '../Master_agent/txn.sv'.
Back to file '../test/test_pkg.sv'.
Parsing included file '../Master_agent/master_agent_config.sv'.
Back to file '../test/test_pkg.sv'.
Parsing included file '../Master_agent/master_sequencer.sv'.
Back to file '../test/test_pkg.sv'.
Parsing included file '../Master_agent/master_driver.sv'.
Back to file '../test/test_pkg.sv'.
Parsing included file '../Master_agent/master_monitor.sv'.
Back to file '../test/test_pkg.sv'.
Parsing included file '../Master_agent/master_agent.sv'.
Back to file '../test/test_pkg.sv'.
Parsing included file '../Master_agent/master_agent_top.sv'.
Back to file '../test/test_pkg.sv'.
Parsing included file '../Slave_agent/slave_agent_config.sv'.
Back to file '../test/test_pkg.sv'.
Parsing included file '../Slave_agent/slave_sequencer.sv'.
Back to file '../test/test_pkg.sv'.
Parsing included file '../Slave_agent/slave_driver.sv'.
Back to file '../test/test_pkg.sv'.
Parsing included file '../Slave_agent/slave_monitor.sv'.
Back to file '../test/test_pkg.sv'.
Parsing included file '../Slave_agent/slave_agent.sv'.
Back to file '../test/test_pkg.sv'.
Parsing included file '../Slave_agent/slave_agent_top.sv'.
Back to file '../test/test_pkg.sv'.
Parsing included file '../tb/env_config.sv'.
Back to file '../test/test_pkg.sv'.
Parsing included file '../tb/sb.sv'.
Back to file '../test/test_pkg.sv'.
Parsing included file '../tb/env.sv'.
Back to file '../test/test_pkg.sv'.
Parsing included file '../Master_agent/master_sequence.sv'.
Back to file '../test/test_pkg.sv'.
Parsing included file '../test/test.sv'.
Back to file '../test/test_pkg.sv'.
Parsing design file '../tb/top.sv'
Top Level Modules:
       uvm_custom_install_recording
       uvm_custom_install_verdi_recording
       top
TimeScale is 1 ns / 1 ps
Starting vcs inline pass...

9 modules and 0 UDP read.
recompiling package vcs_paramclassrepository
recompiling package _vcs_DPI_package
recompiling package uvm_pkg
recompiling package _vcs_msglog
recompiling module uvm_custom_install_recording
recompiling module uvm_custom_install_verdi_recording
recompiling module AXI
recompiling package test_pkg
recompiling module top
All of 9 modules done
make[1]: Entering directory '/home1/B123/KDHaneesh/AXI_VIP_copy/sim/csrc'
rm -f _cuarc*.so _csrc*.so pre_vcsobj_*.so share_vcsobj_*.so
g++ -w  -pipe -DVCS -DUVM_DPI_DO_TYPE_CHECK -fPIC -O -I/home/cad/eda/SYNOPSYS/VCS/vcs/T-2022.06-SP1/include \
-c /home/cad/eda/SYNOPSYS/VCS/vcs/T-2022.06-SP1/etc/uvm/dpi/uvm_dpi.cc
g++ -w  -pipe -DVCS -DUVM_DPI_DO_TYPE_CHECK -fPIC -O -I/home/cad/eda/SYNOPSYS/VCS/vcs/T-2022.06-SP1/include \
-c /home/cad/eda/SYNOPSYS/VCS/vcs/T-2022.06-SP1/etc/uvm/verdi/dpi/uvm_verdi_dpi.cpp \

if [ -x ../simv ]; then chmod a-x ../simv; fi
g++  -o ../simv      -rdynamic  -Wl,-rpath='$ORIGIN'/simv.daidir -Wl,-rpath=./simv.daidir \
-Wl,-rpath=/home/cad/eda/SYNOPSYS/VCS/vcs/T-2022.06-SP1/linux64/lib -L/home/cad/eda/SYNOPSYS/VCS/vcs/T-2022.06-SP1/linux64/lib \
-Wl,-rpath-link=./  /usr/lib64/libnuma.so.1 uvm_dpi.o uvm_verdi_dpi.o   objs/amcQw_d.o \
_3507040_archive_1.so  SIM_l.o      rmapats_mop.o rmapats.o rmar.o rmar_nd.o  rmar_llvm_0_1.o \
rmar_llvm_0_0.o            -lvirsim -lerrorinf -lsnpsmalloc -lvfs /home/cad/eda/SYNOPSYS/VERDI_2022/verdi/T-2022.06-SP1/share/PLI/VCS/LINUX64/pli.a \
-lvcsnew -lsimprofile -lreader_common /home/cad/eda/SYNOPSYS/VCS/vcs/T-2022.06-SP1/linux64/lib/libBA.a \
-luclinative /home/cad/eda/SYNOPSYS/VCS/vcs/T-2022.06-SP1/linux64/lib/vcs_tls.o  \
-Wl,-whole-archive  -lvcsucli    -Wl,-no-whole-archive       ./../simv.daidir/vc_hdrs.o \
_vcs_pli_stub_.o   /home/cad/eda/SYNOPSYS/VCS/vcs/T-2022.06-SP1/linux64/lib/vcs_save_restore_new.o \
/home/cad/eda/SYNOPSYS/VERDI_2022/verdi/T-2022.06-SP1/share/PLI/VCS/LINUX64/pli.a \
-ldl -lm  -lc -lpthread -ldl 
../simv up to date
make[1]: Leaving directory '/home1/B123/KDHaneesh/AXI_VIP_copy/sim/csrc'
CPU time: 14.655 seconds to compile + .476 seconds to elab + .997 seconds to link
Verdi KDB elaboration done and the database successfully generated: 0 error(s), 0 warning(s)
Command: /home1/B123/KDHaneesh/AXI_VIP_copy/sim/./simv -a vcs.log +fsdbfile+wave1.fsdb -cm_dir ./mem_cov1 +ntb_random_seed_automatic +UVM_TESTNAME=base_test +UVM_VERBOSITY=UVM_LOW
Chronologic VCS simulator copyright 1991-2022
Contains Synopsys proprietary information.
Compiler version T-2022.06-SP1_Full64; Runtime version T-2022.06-SP1_Full64;  May 16 20:20 2026
NOTE: automatic random seed used: 2537973795
----------------------------------------------------------------
UVM-1.1d.Synopsys
(C) 2007-2013 Mentor Graphics Corporation
(C) 2007-2013 Cadence Design Systems, Inc.
(C) 2006-2013 Synopsys, Inc.
(C) 2011-2013 Cypress Semiconductor Corp.
----------------------------------------------------------------

  ***********       IMPORTANT RELEASE NOTES         ************

  You are using a version of the UVM library that has been compiled
  with `UVM_NO_DEPRECATED undefined.
  See http://www.eda.org/svdb/view.php?id=3313 for more details.

  You are using a version of the UVM library that has been compiled
  with `UVM_OBJECT_MUST_HAVE_CONSTRUCTOR undefined.
  See http://www.eda.org/svdb/view.php?id=3770 for more details.

      (Specify +UVM_NO_RELNOTES to turn off this notice)

*Verdi* Loading libsscore_vcs202206.so
FSDB Dumper for VCS, Release Verdi_T-2022.06-SP1, Linux x86_64/64bit, 08/28/2022
(C) 1996 - 2022 by Synopsys, Inc.
*Verdi* : Create FSDB file 'wave1.fsdb'
*Verdi* : Begin traversing the scope (top), layer (0).
*Verdi* : End of traversing.
UVM_INFO @ 0: reporter [RNTST] Running test base_test...
UVM_INFO @ 0: reporter [UVMTOP] UVM testbench topology:
--------------------------------------------------------------------
Name                         Type                        Size  Value
--------------------------------------------------------------------
uvm_test_top                 base_test                   -     @464 
  env                        env                         -     @473 
    m_agt_top                master_agent_top            -     @601 
      m_agt[0]               master_agent                -     @628 
        m_drvh               master_driver               -     @771 
          rsp_port           uvm_analysis_port           -     @788 
          seq_item_port      uvm_seq_item_pull_port      -     @779 
        m_monh               master_monitor              -     @797 
          m_ap               uvm_analysis_port           -     @805 
        m_seqrh              master_sequencer            -     @648 
          rsp_export         uvm_analysis_export         -     @656 
          seq_item_export    uvm_seq_item_pull_imp       -     @762 
          arbitration_queue  array                       0     -    
          lock_queue         array                       0     -    
          num_last_reqs      integral                    32    'd1  
          num_last_rsps      integral                    32    'd1  
    s_agt_top                slave_agent_top             -     @609 
      s_agt[0]               slave_agent                 -     @822 
        s_drvh               slave_driver                -     @963 
          rsp_port           uvm_analysis_port           -     @980 
          seq_item_port      uvm_seq_item_pull_port      -     @971 
        s_monh               slave_monitor               -     @989 
          s_ap               uvm_analysis_port           -     @997 
        s_seqrh              slave_sequencer             -     @840 
          rsp_export         uvm_analysis_export         -     @848 
          seq_item_export    uvm_seq_item_pull_imp       -     @954 
          arbitration_queue  array                       0     -    
          lock_queue         array                       0     -    
          num_last_reqs      integral                    32    'd1  
          num_last_rsps      integral                    32    'd1  
    sb[0]                    scoreboard                  -     @487 
      m_fifo                 uvm_tlm_analysis_fifo #(T)  -     @495 
        analysis_export      uvm_analysis_imp            -     @539 
        get_ap               uvm_analysis_port           -     @530 
        get_peek_export      uvm_get_peek_imp            -     @512 
        put_ap               uvm_analysis_port           -     @521 
        put_export           uvm_put_imp                 -     @503 
      s_fifo                 uvm_tlm_analysis_fifo #(T)  -     @548 
        analysis_export      uvm_analysis_imp            -     @592 
        get_ap               uvm_analysis_port           -     @583 
        get_peek_export      uvm_get_peek_imp            -     @565 
        put_ap               uvm_analysis_port           -     @574 
        put_export           uvm_put_imp                 -     @556 
--------------------------------------------------------------------


--- UVM Report Summary ---

** Report counts by severity
UVM_INFO :    2
UVM_WARNING :    0
UVM_ERROR :    0
UVM_FATAL :    0
** Report counts by id
[RNTST]     1
[UVMTOP]     1
$finish called from file "/home/cad/eda/SYNOPSYS/VCS/vcs/T-2022.06-SP1/etc/uvm/base/uvm_root.svh", line 437.
$finish at simulation time                    0
"../Interface/interface.sv", 173: top.intrf.prp6, 0 attempts, 0 match
"../Interface/interface.sv", 174: top.intrf.prp7, 0 attempts, 0 match
"../Interface/interface.sv", 175: top.intrf.prp8, 0 attempts, 0 match
"../Interface/interface.sv", 176: top.intrf.prp9, 0 attempts, 0 match
"../Interface/interface.sv", 177: top.intrf.prp10, 0 attempts, 0 match
"../Interface/interface.sv", 178: top.intrf.prp11, 0 attempts, 0 match
"../Interface/interface.sv", 179: top.intrf.prp12, 0 attempts, 0 match
"../Interface/interface.sv", 180: top.intrf.prp13, 0 attempts, 0 match
           V C S   S i m u l a t i o n   R e p o r t 
Time: 0 ps
CPU Time:      0.450 seconds;       Data structure size:   0.6Mb
Sat May 16 20:20:43 2026
Command: /home1/B123/KDHaneesh/AXI_VIP_copy/sim/./simv -a vcs.log +fsdbfile+wave2.fsdb -cm_dir ./mem_cov2 +ntb_random_seed_automatic +UVM_TESTNAME=fixed_test +UVM_VERBOSITY=UVM_LOW
Chronologic VCS simulator copyright 1991-2022
Contains Synopsys proprietary information.
Compiler version T-2022.06-SP1_Full64; Runtime version T-2022.06-SP1_Full64;  May 16 20:20 2026
NOTE: automatic random seed used: 4068357961
----------------------------------------------------------------
UVM-1.1d.Synopsys
(C) 2007-2013 Mentor Graphics Corporation
(C) 2007-2013 Cadence Design Systems, Inc.
(C) 2006-2013 Synopsys, Inc.
(C) 2011-2013 Cypress Semiconductor Corp.
----------------------------------------------------------------

  ***********       IMPORTANT RELEASE NOTES         ************

  You are using a version of the UVM library that has been compiled
  with `UVM_NO_DEPRECATED undefined.
  See http://www.eda.org/svdb/view.php?id=3313 for more details.

  You are using a version of the UVM library that has been compiled
  with `UVM_OBJECT_MUST_HAVE_CONSTRUCTOR undefined.
  See http://www.eda.org/svdb/view.php?id=3770 for more details.

      (Specify +UVM_NO_RELNOTES to turn off this notice)

*Verdi* Loading libsscore_vcs202206.so
FSDB Dumper for VCS, Release Verdi_T-2022.06-SP1, Linux x86_64/64bit, 08/28/2022
(C) 1996 - 2022 by Synopsys, Inc.
*Verdi* : Create FSDB file 'wave2.fsdb'
*Verdi* : Begin traversing the scope (top), layer (0).
*Verdi* : End of traversing.
UVM_INFO @ 0: reporter [RNTST] Running test fixed_test...
UVM_INFO @ 0: reporter [UVMTOP] UVM testbench topology:
--------------------------------------------------------------------
Name                         Type                        Size  Value
--------------------------------------------------------------------
uvm_test_top                 fixed_test                  -     @464 
  env                        env                         -     @473 
    m_agt_top                master_agent_top            -     @601 
      m_agt[0]               master_agent                -     @628 
        m_drvh               master_driver               -     @771 
          rsp_port           uvm_analysis_port           -     @788 
          seq_item_port      uvm_seq_item_pull_port      -     @779 
        m_monh               master_monitor              -     @797 
          m_ap               uvm_analysis_port           -     @805 
        m_seqrh              master_sequencer            -     @648 
          rsp_export         uvm_analysis_export         -     @656 
          seq_item_export    uvm_seq_item_pull_imp       -     @762 
          arbitration_queue  array                       0     -    
          lock_queue         array                       0     -    
          num_last_reqs      integral                    32    'd1  
          num_last_rsps      integral                    32    'd1  
    s_agt_top                slave_agent_top             -     @609 
      s_agt[0]               slave_agent                 -     @822 
        s_drvh               slave_driver                -     @963 
          rsp_port           uvm_analysis_port           -     @980 
          seq_item_port      uvm_seq_item_pull_port      -     @971 
        s_monh               slave_monitor               -     @989 
          s_ap               uvm_analysis_port           -     @997 
        s_seqrh              slave_sequencer             -     @840 
          rsp_export         uvm_analysis_export         -     @848 
          seq_item_export    uvm_seq_item_pull_imp       -     @954 
          arbitration_queue  array                       0     -    
          lock_queue         array                       0     -    
          num_last_reqs      integral                    32    'd1  
          num_last_rsps      integral                    32    'd1  
    sb[0]                    scoreboard                  -     @487 
      m_fifo                 uvm_tlm_analysis_fifo #(T)  -     @495 
        analysis_export      uvm_analysis_imp            -     @539 
        get_ap               uvm_analysis_port           -     @530 
        get_peek_export      uvm_get_peek_imp            -     @512 
        put_ap               uvm_analysis_port           -     @521 
        put_export           uvm_put_imp                 -     @503 
      s_fifo                 uvm_tlm_analysis_fifo #(T)  -     @548 
        analysis_export      uvm_analysis_imp            -     @592 
        get_ap               uvm_analysis_port           -     @583 
        get_peek_export      uvm_get_peek_imp            -     @565 
        put_ap               uvm_analysis_port           -     @574 
        put_export           uvm_put_imp                 -     @556 
--------------------------------------------------------------------

UVM_INFO ../Master_agent/master_driver.sv(112) @ 0: uvm_test_top.env.m_agt_top.m_agt[0].m_drvh [master_driver] 

Write Address and Control signals driven are 
 AWID : 15 
 Address : 2232 
 AWLEN : 3 
 AWSIZE : 2 
 AWBURST : 0
UVM_INFO ../Master_agent/master_driver.sv(179) @ 0: uvm_test_top.env.m_agt_top.m_agt[0].m_drvh [master_driver] 

Read Address and Control signal driven are
 ARID : 10 
 ARADDRESS : 2068 
 ARLEN : 3 
 ARSIZE : 1 
 ARBURST : 0
UVM_INFO ../tb/sb.sv(98) @ 15000: uvm_test_top.env.sb[0] [scoreboard] Data Matched
UVM_INFO ../tb/sb.sv(98) @ 15000: uvm_test_top.env.sb[0] [scoreboard] Data Matched
UVM_INFO ../Master_agent/master_driver.sv(179) @ 25000: uvm_test_top.env.m_agt_top.m_agt[0].m_drvh [master_driver] 

Read Address and Control signal driven are
 ARID : 10 
 ARADDRESS : 1976 
 ARLEN : 3 
 ARSIZE : 2 
 ARBURST : 0
UVM_INFO ../Interface/interface.sv(148) @ 25000: reporter [Property Write Address Handshake] 
Awready went low after handshake
UVM_INFO ../Interface/interface.sv(163) @ 25000: reporter [Property Read Address Handshake] 
Arready went low after handshake
UVM_INFO ../Master_agent/master_driver.sv(112) @ 35000: uvm_test_top.env.m_agt_top.m_agt[0].m_drvh [master_driver] 

Write Address and Control signals driven are 
 AWID : 1 
 Address : 574 
 AWLEN : 3 
 AWSIZE : 0 
 AWBURST : 0
UVM_INFO ../tb/sb.sv(98) @ 45000: uvm_test_top.env.sb[0] [scoreboard] Data Matched
UVM_INFO ../tb/sb.sv(98) @ 45000: uvm_test_top.env.sb[0] [scoreboard] Data Matched
UVM_INFO ../Master_agent/master_driver.sv(133) @ 45000: uvm_test_top.env.m_agt_top.m_agt[0].m_drvh [master_driver] 
WDATA[0] : e5bfbd31 | WSTRB[0] : f
UVM_INFO ../Interface/interface.sv(148) @ 55000: reporter [Property Write Address Handshake] 
Awready went low after handshake
UVM_INFO ../Interface/interface.sv(163) @ 55000: reporter [Property Read Address Handshake] 
Arready went low after handshake
UVM_INFO ../Master_agent/master_driver.sv(133) @ 65000: uvm_test_top.env.m_agt_top.m_agt[0].m_drvh [master_driver] 
WDATA[1] : d6d3b831 | WSTRB[1] : f
UVM_INFO ../Slave_agent/slave_driver.sv(172) @ 65000: uvm_test_top.env.s_agt_top.s_agt[0].s_drvh [slave_driver] 
Got RREADY
UVM_INFO ../Master_agent/master_driver.sv(112) @ 65000: uvm_test_top.env.m_agt_top.m_agt[0].m_drvh [master_driver] 

Write Address and Control signals driven are 
 AWID : 11 
 Address : 2678 
 AWLEN : 3 
 AWSIZE : 0 
 AWBURST : 0
UVM_INFO ../Interface/interface.sv(153) @ 65000: reporter [Property Write Data Handshake] 
wready went low after handshake
UVM_INFO ../tb/sb.sv(98) @ 75000: uvm_test_top.env.sb[0] [scoreboard] Data Matched
UVM_INFO ../Interface/interface.sv(168) @ 75000: reporter [Property Read Data Handshake] 
rready went low after handshake
UVM_INFO ../Master_agent/master_driver.sv(179) @ 85000: uvm_test_top.env.m_agt_top.m_agt[0].m_drvh [master_driver] 

Read Address and Control signal driven are
 ARID : 12 
 ARADDRESS : 2608 
 ARLEN : 3 
 ARSIZE : 1 
 ARBURST : 0
UVM_INFO ../Interface/interface.sv(148) @ 85000: reporter [Property Write Address Handshake] 
Awready went low after handshake
UVM_INFO ../Interface/interface.sv(153) @ 85000: reporter [Property Write Data Handshake] 
wready went low after handshake
UVM_INFO ../tb/sb.sv(98) @ 95000: uvm_test_top.env.sb[0] [scoreboard] Data Matched
UVM_INFO ../Master_agent/master_driver.sv(133) @ 95000: uvm_test_top.env.m_agt_top.m_agt[0].m_drvh [master_driver] 
WDATA[2] : 377fab08 | WSTRB[2] : f
UVM_INFO ../Slave_agent/slave_driver.sv(172) @ 105000: uvm_test_top.env.s_agt_top.s_agt[0].s_drvh [slave_driver] 
Got RREADY
UVM_INFO ../Interface/interface.sv(163) @ 105000: reporter [Property Read Address Handshake] 
Arready went low after handshake
UVM_INFO ../Master_agent/master_driver.sv(112) @ 115000: uvm_test_top.env.m_agt_top.m_agt[0].m_drvh [master_driver] 

Write Address and Control signals driven are 
 AWID : 12 
 Address : 2926 
 AWLEN : 3 
 AWSIZE : 1 
 AWBURST : 0
UVM_INFO ../Interface/interface.sv(153) @ 115000: reporter [Property Write Data Handshake] 
wready went low after handshake
UVM_INFO ../Interface/interface.sv(168) @ 115000: reporter [Property Read Data Handshake] 
rready went low after handshake
UVM_INFO ../tb/sb.sv(98) @ 125000: uvm_test_top.env.sb[0] [scoreboard] Data Matched
UVM_INFO ../Master_agent/master_driver.sv(133) @ 125000: uvm_test_top.env.m_agt_top.m_agt[0].m_drvh [master_driver] 
WDATA[3] : aadc0d7d | WSTRB[3] : f
UVM_INFO ../Slave_agent/slave_driver.sv(172) @ 135000: uvm_test_top.env.s_agt_top.s_agt[0].s_drvh [slave_driver] 
Got RREADY
UVM_INFO ../Master_agent/master_driver.sv(179) @ 135000: uvm_test_top.env.m_agt_top.m_agt[0].m_drvh [master_driver] 

Read Address and Control signal driven are
 ARID : 3 
 ARADDRESS : 196 
 ARLEN : 3 
 ARSIZE : 0 
 ARBURST : 0
UVM_INFO ../tb/sb.sv(98) @ 135000: uvm_test_top.env.sb[0] [scoreboard] Data Matched
UVM_INFO ../Interface/interface.sv(148) @ 135000: reporter [Property Write Address Handshake] 
Awready went low after handshake
UVM_INFO ../tb/sb.sv(98) @ 145000: uvm_test_top.env.sb[0] [scoreboard] Data Matched
UVM_INFO ../Interface/interface.sv(153) @ 145000: reporter [Property Write Data Handshake] 
wready went low after handshake
UVM_INFO ../Interface/interface.sv(168) @ 145000: reporter [Property Read Data Handshake] 
rready went low after handshake
UVM_INFO ../Master_agent/master_driver.sv(112) @ 155000: uvm_test_top.env.m_agt_top.m_agt[0].m_drvh [master_driver] 

Write Address and Control signals driven are 
 AWID : 4 
 Address : 696 
 AWLEN : 3 
 AWSIZE : 2 
 AWBURST : 0
UVM_INFO ../Interface/interface.sv(163) @ 155000: reporter [Property Read Address Handshake] 
Arready went low after handshake
UVM_INFO ../tb/sb.sv(98) @ 165000: uvm_test_top.env.sb[0] [scoreboard] Data Matched
UVM_INFO ../Slave_agent/slave_driver.sv(165) @ 165000: uvm_test_top.env.s_agt_top.s_agt[0].s_drvh [slave_driver] 

Asserting RLAST
UVM_INFO ../Master_agent/master_monitor.sv(140) @ 175000: uvm_test_top.env.m_agt_top.m_agt[0].m_monh [master_monitor] The Write Transaction Data 
--------------------------------------
Name        Type      Size  Value     
--------------------------------------
wtx         txn       -     @1026     
  AWID      integral  4     15        
  AWADDR    integral  32    'd2232    
  AWLEN     integral  4     'd3       
  AWSIZE    integral  3     'd2       
  AWBURST   integral  2     'd0       
  WID       integral  4     15        
  WDATA[0]  integral  32    'he5bfbd31
  WSTRB[0]  integral  4     'b1111    
  WDATA[1]  integral  32    'hd6d3b831
  WSTRB[1]  integral  4     'b1111    
  WDATA[2]  integral  32    'h377fab08
  WSTRB[2]  integral  4     'b1111    
  WDATA[3]  integral  32    'haadc0d7d
  WSTRB[3]  integral  4     'b1111    
  BID       integral  4     15        
  BRESP     integral  2     'd0       
  ARID      integral  4     'd0       
  ARADDR    integral  32    'd0       
  ARLEN     integral  4     'd0       
  ARSIZE    integral  3     'd0       
  ARBURST   integral  2     'd0       
  RID       integral  4     'd0       
--------------------------------------

UVM_INFO ../Slave_agent/slave_monitor.sv(138) @ 175000: uvm_test_top.env.s_agt_top.s_agt[0].s_monh [slave_monitor] The Write Transaction Data 
--------------------------------------
Name        Type      Size  Value     
--------------------------------------
wtx         txn       -     @1042     
  AWID      integral  4     15        
  AWADDR    integral  32    'd2232    
  AWLEN     integral  4     'd3       
  AWSIZE    integral  3     'd2       
  AWBURST   integral  2     'd0       
  WID       integral  4     15        
  WDATA[0]  integral  32    'he5bfbd31
  WSTRB[0]  integral  4     'b1111    
  WDATA[1]  integral  32    'hd6d3b831
  WSTRB[1]  integral  4     'b1111    
  WDATA[2]  integral  32    'h377fab08
  WSTRB[2]  integral  4     'b1111    
  WDATA[3]  integral  32    'haadc0d7d
  WSTRB[3]  integral  4     'b1111    
  BID       integral  4     15        
  BRESP     integral  2     'd0       
  ARID      integral  4     'd0       
  ARADDR    integral  32    'd0       
  ARLEN     integral  4     'd0       
  ARSIZE    integral  3     'd0       
  ARBURST   integral  2     'd0       
  RID       integral  4     'd0       
--------------------------------------

UVM_INFO ../tb/sb.sv(98) @ 175000: uvm_test_top.env.sb[0] [scoreboard] Data Matched
UVM_INFO ../Slave_agent/slave_driver.sv(172) @ 175000: uvm_test_top.env.s_agt_top.s_agt[0].s_drvh [slave_driver] 
Got RREADY
UVM_INFO ../Master_agent/master_monitor.sv(175) @ 175000: uvm_test_top.env.m_agt_top.m_agt[0].m_monh [master_monitor] The Read Transaction Data 
--------------------------------------
Name        Type      Size  Value     
--------------------------------------
rtx         txn       -     @1030     
  AWID      integral  4     'd0       
  AWADDR    integral  32    'd0       
  AWLEN     integral  4     'd0       
  AWSIZE    integral  3     'd0       
  AWBURST   integral  2     'd0       
  WID       integral  4     'd0       
  BID       integral  4     'd0       
  BRESP     integral  2     'd0       
  ARID      integral  4     10        
  ARADDR    integral  32    'd2068    
  ARLEN     integral  4     'd3       
  ARSIZE    integral  3     'd1       
  ARBURST   integral  2     'd0       
  RID       integral  4     10        
  RDATA[0]  integral  32    'heedd1bd1
  RRESP[0]  integral  2     'd0       
  RDATA[1]  integral  32    'h82f76258
  RRESP[1]  integral  2     'd0       
  RDATA[2]  integral  32    'h38634da9
  RRESP[2]  integral  2     'd0       
  RDATA[3]  integral  32    'hd040656e
  RRESP[3]  integral  2     'd0       
--------------------------------------

UVM_INFO ../Slave_agent/slave_monitor.sv(171) @ 175000: uvm_test_top.env.s_agt_top.s_agt[0].s_monh [slave_monitor] The Read Transaction Data 
--------------------------------------
Name        Type      Size  Value     
--------------------------------------
rtx         txn       -     @1046     
  AWID      integral  4     'd0       
  AWADDR    integral  32    'd0       
  AWLEN     integral  4     'd0       
  AWSIZE    integral  3     'd0       
  AWBURST   integral  2     'd0       
  WID       integral  4     'd0       
  BID       integral  4     'd0       
  BRESP     integral  2     'd0       
  ARID      integral  4     10        
  ARADDR    integral  32    'd2068    
  ARLEN     integral  4     'd3       
  ARSIZE    integral  3     'd1       
  ARBURST   integral  2     'd0       
  RID       integral  4     10        
  RDATA[0]  integral  32    'heedd1bd1
  RRESP[0]  integral  2     'd0       
  RDATA[1]  integral  32    'h82f76258
  RRESP[1]  integral  2     'd0       
  RDATA[2]  integral  32    'h38634da9
  RRESP[2]  integral  2     'd0       
  RDATA[3]  integral  32    'hd040656e
  RRESP[3]  integral  2     'd0       
--------------------------------------

UVM_INFO ../Master_agent/master_driver.sv(179) @ 175000: uvm_test_top.env.m_agt_top.m_agt[0].m_drvh [master_driver] 

Read Address and Control signal driven are
 ARID : 8 
 ARADDRESS : 2468 
 ARLEN : 3 
 ARSIZE : 0 
 ARBURST : 0
UVM_INFO ../tb/sb.sv(98) @ 175000: uvm_test_top.env.sb[0] [scoreboard] Data Matched
UVM_INFO ../Interface/interface.sv(148) @ 175000: reporter [Property Write Address Handshake] 
Awready went low after handshake
UVM_INFO ../Master_agent/master_driver.sv(133) @ 185000: uvm_test_top.env.m_agt_top.m_agt[0].m_drvh [master_driver] 
WDATA[0] : db2871f7 | WSTRB[0] : 4
UVM_INFO ../Interface/interface.sv(158) @ 185000: reporter [Property Write response Handshake] 
bready went low after handshake
UVM_INFO ../Interface/interface.sv(168) @ 185000: reporter [Property Read Data Handshake] 
rready went low after handshake
UVM_INFO ../tb/sb.sv(98) @ 195000: uvm_test_top.env.sb[0] [scoreboard] Data Matched
UVM_INFO ../Master_agent/master_driver.sv(112) @ 205000: uvm_test_top.env.m_agt_top.m_agt[0].m_drvh [master_driver] 

Write Address and Control signals driven are 
 AWID : 15 
 Address : 1068 
 AWLEN : 3 
 AWSIZE : 1 
 AWBURST : 0
UVM_INFO ../Master_agent/master_driver.sv(179) @ 205000: uvm_test_top.env.m_agt_top.m_agt[0].m_drvh [master_driver] 

Read Address and Control signal driven are
 ARID : 4 
 ARADDRESS : 2016 
 ARLEN : 3 
 ARSIZE : 1 
 ARBURST : 0
UVM_INFO ../Interface/interface.sv(153) @ 205000: reporter [Property Write Data Handshake] 
wready went low after handshake
UVM_INFO ../Interface/interface.sv(163) @ 205000: reporter [Property Read Address Handshake] 
Arready went low after handshake
UVM_INFO ../tb/sb.sv(98) @ 215000: uvm_test_top.env.sb[0] [scoreboard] Data Matched
UVM_INFO ../Master_agent/master_driver.sv(133) @ 215000: uvm_test_top.env.m_agt_top.m_agt[0].m_drvh [master_driver] 
WDATA[1] : b322c3a7 | WSTRB[1] : 4
UVM_INFO ../Interface/interface.sv(148) @ 225000: reporter [Property Write Address Handshake] 
Awready went low after handshake
UVM_INFO ../tb/sb.sv(98) @ 235000: uvm_test_top.env.sb[0] [scoreboard] Data Matched
UVM_INFO ../Slave_agent/slave_driver.sv(172) @ 235000: uvm_test_top.env.s_agt_top.s_agt[0].s_drvh [slave_driver] 
Got RREADY
UVM_INFO ../Interface/interface.sv(153) @ 235000: reporter [Property Write Data Handshake] 
wready went low after handshake
UVM_INFO ../Master_agent/master_driver.sv(133) @ 245000: uvm_test_top.env.m_agt_top.m_agt[0].m_drvh [master_driver] 
WDATA[2] : 66d22efd | WSTRB[2] : 4
UVM_INFO ../Master_agent/master_driver.sv(112) @ 245000: uvm_test_top.env.m_agt_top.m_agt[0].m_drvh [master_driver] 

Write Address and Control signals driven are 
 AWID : 2 
 Address : 2350 
 AWLEN : 3 
 AWSIZE : 1 
 AWBURST : 0
UVM_INFO ../Master_agent/master_driver.sv(179) @ 245000: uvm_test_top.env.m_agt_top.m_agt[0].m_drvh [master_driver] 

Read Address and Control signal driven are
 ARID : 6 
 ARADDRESS : 943 
 ARLEN : 3 
 ARSIZE : 2 
 ARBURST : 0
UVM_INFO ../Interface/interface.sv(163) @ 245000: reporter [Property Read Address Handshake] 
Arready went low after handshake
UVM_INFO ../Interface/interface.sv(168) @ 245000: reporter [Property Read Data Handshake] 
rready went low after handshake
UVM_INFO ../tb/sb.sv(98) @ 255000: uvm_test_top.env.sb[0] [scoreboard] Data Matched
UVM_INFO ../Master_agent/master_driver.sv(133) @ 265000: uvm_test_top.env.m_agt_top.m_agt[0].m_drvh [master_driver] 
WDATA[3] : 9a2de01 | WSTRB[3] : 4
UVM_INFO ../Interface/interface.sv(148) @ 265000: reporter [Property Write Address Handshake] 
Awready went low after handshake
UVM_INFO ../Interface/interface.sv(153) @ 265000: reporter [Property Write Data Handshake] 
wready went low after handshake
UVM_INFO ../Slave_agent/slave_driver.sv(172) @ 275000: uvm_test_top.env.s_agt_top.s_agt[0].s_drvh [slave_driver] 
Got RREADY
UVM_INFO ../tb/sb.sv(98) @ 275000: uvm_test_top.env.sb[0] [scoreboard] Data Matched
UVM_INFO ../tb/sb.sv(98) @ 275000: uvm_test_top.env.sb[0] [scoreboard] Data Matched
UVM_INFO ../Interface/interface.sv(153) @ 285000: reporter [Property Write Data Handshake] 
wready went low after handshake
UVM_INFO ../Interface/interface.sv(163) @ 285000: reporter [Property Read Address Handshake] 
Arready went low after handshake
UVM_INFO ../Interface/interface.sv(168) @ 285000: reporter [Property Read Data Handshake] 
rready went low after handshake
UVM_INFO ../Master_agent/master_monitor.sv(140) @ 305000: uvm_test_top.env.m_agt_top.m_agt[0].m_monh [master_monitor] The Write Transaction Data 
------------------------------------
Name        Type      Size  Value   
------------------------------------
wtx         txn       -     @1102   
  AWID      integral  4     'd1     
  AWADDR    integral  32    'd574   
  AWLEN     integral  4     'd3     
  AWSIZE    integral  3     'd0     
  AWBURST   integral  2     'd0     
  WID       integral  4     'd1     
  WDATA[0]  integral  32    'h280000
  WSTRB[0]  integral  4     'b100   
  WDATA[1]  integral  32    'h220000
  WSTRB[1]  integral  4     'b100   
  WDATA[2]  integral  32    'hd20000
  WSTRB[2]  integral  4     'b100   
  WDATA[3]  integral  32    'ha20000
  WSTRB[3]  integral  4     'b100   
  BID       integral  4     'd1     
  BRESP     integral  2     'd0     
  ARID      integral  4     'd0     
  ARADDR    integral  32    'd0     
  ARLEN     integral  4     'd0     
  ARSIZE    integral  3     'd0     
  ARBURST   integral  2     'd0     
  RID       integral  4     'd0     
------------------------------------

UVM_INFO ../Slave_agent/slave_monitor.sv(138) @ 305000: uvm_test_top.env.s_agt_top.s_agt[0].s_monh [slave_monitor] The Write Transaction Data 
------------------------------------
Name        Type      Size  Value   
------------------------------------
wtx         txn       -     @1110   
  AWID      integral  4     'd1     
  AWADDR    integral  32    'd574   
  AWLEN     integral  4     'd3     
  AWSIZE    integral  3     'd0     
  AWBURST   integral  2     'd0     
  WID       integral  4     'd1     
  WDATA[0]  integral  32    'h280000
  WSTRB[0]  integral  4     'b100   
  WDATA[1]  integral  32    'h220000
  WSTRB[1]  integral  4     'b100   
  WDATA[2]  integral  32    'hd20000
  WSTRB[2]  integral  4     'b100   
  WDATA[3]  integral  32    'ha20000
  WSTRB[3]  integral  4     'b100   
  BID       integral  4     'd1     
  BRESP     integral  2     'd0     
  ARID      integral  4     'd0     
  ARADDR    integral  32    'd0     
  ARLEN     integral  4     'd0     
  ARSIZE    integral  3     'd0     
  ARBURST   integral  2     'd0     
  RID       integral  4     'd0     
------------------------------------

UVM_INFO ../tb/sb.sv(98) @ 305000: uvm_test_top.env.sb[0] [scoreboard] Data Matched
UVM_INFO ../Master_agent/master_driver.sv(133) @ 305000: uvm_test_top.env.m_agt_top.m_agt[0].m_drvh [master_driver] 
WDATA[0] : 1227446b | WSTRB[0] : 4
UVM_INFO ../Master_agent/master_driver.sv(112) @ 305000: uvm_test_top.env.m_agt_top.m_agt[0].m_drvh [master_driver] 

Write Address and Control signals driven are 
 AWID : 5 
 Address : 2932 
 AWLEN : 3 
 AWSIZE : 1 
 AWBURST : 0
UVM_INFO ../Master_agent/master_driver.sv(179) @ 305000: uvm_test_top.env.m_agt_top.m_agt[0].m_drvh [master_driver] 

Read Address and Control signal driven are
 ARID : 14 
 ARADDRESS : 2066 
 ARLEN : 3 
 ARSIZE : 2 
 ARBURST : 0
UVM_INFO ../tb/sb.sv(98) @ 315000: uvm_test_top.env.sb[0] [scoreboard] Data Matched
UVM_INFO ../Interface/interface.sv(158) @ 315000: reporter [Property Write response Handshake] 
bready went low after handshake
UVM_INFO ../Slave_agent/slave_driver.sv(172) @ 325000: uvm_test_top.env.s_agt_top.s_agt[0].s_drvh [slave_driver] 
Got RREADY
UVM_INFO ../tb/sb.sv(98) @ 325000: uvm_test_top.env.sb[0] [scoreboard] Data Matched
UVM_INFO ../Interface/interface.sv(148) @ 325000: reporter [Property Write Address Handshake] 
Awready went low after handshake
UVM_INFO ../Interface/interface.sv(153) @ 325000: reporter [Property Write Data Handshake] 
wready went low after handshake
UVM_INFO ../Master_agent/master_driver.sv(133) @ 335000: uvm_test_top.env.m_agt_top.m_agt[0].m_drvh [master_driver] 
WDATA[1] : 73829026 | WSTRB[1] : 4
UVM_INFO ../Master_agent/master_driver.sv(179) @ 335000: uvm_test_top.env.m_agt_top.m_agt[0].m_drvh [master_driver] 

Read Address and Control signal driven are
 ARID : 13 
 ARADDRESS : 2393 
 ARLEN : 3 
 ARSIZE : 0 
 ARBURST : 0
UVM_INFO ../Interface/interface.sv(163) @ 335000: reporter [Property Read Address Handshake] 
Arready went low after handshake
UVM_INFO ../Interface/interface.sv(168) @ 335000: reporter [Property Read Data Handshake] 
rready went low after handshake
UVM_INFO ../Slave_agent/slave_driver.sv(165) @ 345000: uvm_test_top.env.s_agt_top.s_agt[0].s_drvh [slave_driver] 

Asserting RLAST
UVM_INFO ../tb/sb.sv(98) @ 355000: uvm_test_top.env.sb[0] [scoreboard] Data Matched
UVM_INFO ../Master_agent/master_driver.sv(112) @ 355000: uvm_test_top.env.m_agt_top.m_agt[0].m_drvh [master_driver] 

Write Address and Control signals driven are 
 AWID : 4 
 Address : 844 
 AWLEN : 3 
 AWSIZE : 2 
 AWBURST : 0
UVM_INFO ../Interface/interface.sv(153) @ 355000: reporter [Property Write Data Handshake] 
wready went low after handshake
UVM_INFO ../Slave_agent/slave_driver.sv(172) @ 365000: uvm_test_top.env.s_agt_top.s_agt[0].s_drvh [slave_driver] 
Got RREADY
UVM_INFO ../tb/sb.sv(98) @ 365000: uvm_test_top.env.sb[0] [scoreboard] Data Matched
UVM_INFO ../Master_agent/master_driver.sv(133) @ 365000: uvm_test_top.env.m_agt_top.m_agt[0].m_drvh [master_driver] 
WDATA[2] : 146c1c44 | WSTRB[2] : 4
UVM_INFO ../Master_agent/master_monitor.sv(175) @ 365000: uvm_test_top.env.m_agt_top.m_agt[0].m_monh [master_monitor] The Read Transaction Data 
--------------------------------------
Name        Type      Size  Value     
--------------------------------------
rtx         txn       -     @1106     
  AWID      integral  4     'd0       
  AWADDR    integral  32    'd0       
  AWLEN     integral  4     'd0       
  AWSIZE    integral  3     'd0       
  AWBURST   integral  2     'd0       
  WID       integral  4     'd0       
  BID       integral  4     'd0       
  BRESP     integral  2     'd0       
  ARID      integral  4     10        
  ARADDR    integral  32    'd1976    
  ARLEN     integral  4     'd3       
  ARSIZE    integral  3     'd2       
  ARBURST   integral  2     'd0       
  RID       integral  4     10        
  RDATA[0]  integral  32    'h6b4b7d1f
  RRESP[0]  integral  2     'd0       
  RDATA[1]  integral  32    'h5393c28a
  RRESP[1]  integral  2     'd0       
  RDATA[2]  integral  32    'hb0c06b92
  RRESP[2]  integral  2     'd0       
  RDATA[3]  integral  32    'h4541acca
  RRESP[3]  integral  2     'd0       
--------------------------------------

UVM_INFO ../Slave_agent/slave_monitor.sv(171) @ 365000: uvm_test_top.env.s_agt_top.s_agt[0].s_monh [slave_monitor] The Read Transaction Data 
--------------------------------------
Name        Type      Size  Value     
--------------------------------------
rtx         txn       -     @1114     
  AWID      integral  4     'd0       
  AWADDR    integral  32    'd0       
  AWLEN     integral  4     'd0       
  AWSIZE    integral  3     'd0       
  AWBURST   integral  2     'd0       
  WID       integral  4     'd0       
  BID       integral  4     'd0       
  BRESP     integral  2     'd0       
  ARID      integral  4     10        
  ARADDR    integral  32    'd1976    
  ARLEN     integral  4     'd3       
  ARSIZE    integral  3     'd2       
  ARBURST   integral  2     'd0       
  RID       integral  4     10        
  RDATA[0]  integral  32    'h6b4b7d1f
  RRESP[0]  integral  2     'd0       
  RDATA[1]  integral  32    'h5393c28a
  RRESP[1]  integral  2     'd0       
  RDATA[2]  integral  32    'hb0c06b92
  RRESP[2]  integral  2     'd0       
  RDATA[3]  integral  32    'h4541acca
  RRESP[3]  integral  2     'd0       
--------------------------------------

UVM_INFO ../tb/sb.sv(98) @ 365000: uvm_test_top.env.sb[0] [scoreboard] Data Matched
UVM_INFO ../Master_agent/master_driver.sv(179) @ 365000: uvm_test_top.env.m_agt_top.m_agt[0].m_drvh [master_driver] 

Read Address and Control signal driven are
 ARID : 2 
 ARADDRESS : 3400 
 ARLEN : 3 
 ARSIZE : 2 
 ARBURST : 0
UVM_INFO ../Interface/interface.sv(163) @ 365000: reporter [Property Read Address Handshake] 
Arready went low after handshake
UVM_INFO ../Interface/interface.sv(148) @ 375000: reporter [Property Write Address Handshake] 
Awready went low after handshake
UVM_INFO ../Interface/interface.sv(168) @ 375000: reporter [Property Read Data Handshake] 
rready went low after handshake
UVM_INFO ../Master_agent/master_driver.sv(133) @ 385000: uvm_test_top.env.m_agt_top.m_agt[0].m_drvh [master_driver] 
WDATA[3] : c26aa3f6 | WSTRB[3] : 4
UVM_INFO ../Interface/interface.sv(153) @ 385000: reporter [Property Write Data Handshake] 
wready went low after handshake
UVM_INFO ../tb/sb.sv(98) @ 395000: uvm_test_top.env.sb[0] [scoreboard] Data Matched
UVM_INFO ../Master_agent/master_driver.sv(112) @ 405000: uvm_test_top.env.m_agt_top.m_agt[0].m_drvh [master_driver] 

Write Address and Control signals driven are 
 AWID : 5 
 Address : 3683 
 AWLEN : 3 
 AWSIZE : 0 
 AWBURST : 0
UVM_INFO ../Interface/interface.sv(153) @ 405000: reporter [Property Write Data Handshake] 
wready went low after handshake
UVM_INFO ../tb/sb.sv(98) @ 415000: uvm_test_top.env.sb[0] [scoreboard] Data Matched
UVM_INFO ../tb/sb.sv(98) @ 415000: uvm_test_top.env.sb[0] [scoreboard] Data Matched
UVM_INFO ../Interface/interface.sv(148) @ 425000: reporter [Property Write Address Handshake] 
Awready went low after handshake
UVM_INFO ../Interface/interface.sv(163) @ 425000: reporter [Property Read Address Handshake] 
Arready went low after handshake
UVM_INFO ../Master_agent/master_monitor.sv(140) @ 445000: uvm_test_top.env.m_agt_top.m_agt[0].m_monh [master_monitor] The Write Transaction Data 
------------------------------------
Name        Type      Size  Value   
------------------------------------
wtx         txn       -     @1131   
  AWID      integral  4     11      
  AWADDR    integral  32    'd2678  
  AWLEN     integral  4     'd3     
  AWSIZE    integral  3     'd0     
  AWBURST   integral  2     'd0     
  WID       integral  4     11      
  WDATA[0]  integral  32    'h270000
  WSTRB[0]  integral  4     'b100   
  WDATA[1]  integral  32    'h820000
  WSTRB[1]  integral  4     'b100   
  WDATA[2]  integral  32    'h6c0000
  WSTRB[2]  integral  4     'b100   
  WDATA[3]  integral  32    'h6a0000
  WSTRB[3]  integral  4     'b100   
  BID       integral  4     11      
  BRESP     integral  2     'd0     
  ARID      integral  4     'd0     
  ARADDR    integral  32    'd0     
  ARLEN     integral  4     'd0     
  ARSIZE    integral  3     'd0     
  ARBURST   integral  2     'd0     
  RID       integral  4     'd0     
------------------------------------

UVM_INFO ../Slave_agent/slave_monitor.sv(138) @ 445000: uvm_test_top.env.s_agt_top.s_agt[0].s_monh [slave_monitor] The Write Transaction Data 
------------------------------------
Name        Type      Size  Value   
------------------------------------
wtx         txn       -     @1139   
  AWID      integral  4     11      
  AWADDR    integral  32    'd2678  
  AWLEN     integral  4     'd3     
  AWSIZE    integral  3     'd0     
  AWBURST   integral  2     'd0     
  WID       integral  4     11      
  WDATA[0]  integral  32    'h270000
  WSTRB[0]  integral  4     'b100   
  WDATA[1]  integral  32    'h820000
  WSTRB[1]  integral  4     'b100   
  WDATA[2]  integral  32    'h6c0000
  WSTRB[2]  integral  4     'b100   
  WDATA[3]  integral  32    'h6a0000
  WSTRB[3]  integral  4     'b100   
  BID       integral  4     11      
  BRESP     integral  2     'd0     
  ARID      integral  4     'd0     
  ARADDR    integral  32    'd0     
  ARLEN     integral  4     'd0     
  ARSIZE    integral  3     'd0     
  ARBURST   integral  2     'd0     
  RID       integral  4     'd0     
------------------------------------

UVM_INFO ../tb/sb.sv(98) @ 445000: uvm_test_top.env.sb[0] [scoreboard] Data Matched
UVM_INFO ../Slave_agent/slave_driver.sv(172) @ 445000: uvm_test_top.env.s_agt_top.s_agt[0].s_drvh [slave_driver] 
Got RREADY
UVM_INFO ../Master_agent/master_driver.sv(133) @ 445000: uvm_test_top.env.m_agt_top.m_agt[0].m_drvh [master_driver] 
WDATA[0] : 4450ba70 | WSTRB[0] : c
UVM_INFO ../Interface/interface.sv(158) @ 455000: reporter [Property Write response Handshake] 
bready went low after handshake
UVM_INFO ../Interface/interface.sv(168) @ 455000: reporter [Property Read Data Handshake] 
rready went low after handshake
UVM_INFO ../Master_agent/master_driver.sv(133) @ 465000: uvm_test_top.env.m_agt_top.m_agt[0].m_drvh [master_driver] 
WDATA[1] : 10fa70aa | WSTRB[1] : c
UVM_INFO ../Interface/interface.sv(153) @ 465000: reporter [Property Write Data Handshake] 
wready went low after handshake
UVM_INFO ../Slave_agent/slave_driver.sv(172) @ 485000: uvm_test_top.env.s_agt_top.s_agt[0].s_drvh [slave_driver] 
Got RREADY
UVM_INFO ../Master_agent/master_driver.sv(133) @ 485000: uvm_test_top.env.m_agt_top.m_agt[0].m_drvh [master_driver] 
WDATA[2] : 5cb4ed13 | WSTRB[2] : c
UVM_INFO ../Interface/interface.sv(153) @ 485000: reporter [Property Write Data Handshake] 
wready went low after handshake
UVM_INFO ../Interface/interface.sv(168) @ 495000: reporter [Property Read Data Handshake] 
rready went low after handshake
UVM_INFO ../Master_agent/master_driver.sv(133) @ 515000: uvm_test_top.env.m_agt_top.m_agt[0].m_drvh [master_driver] 
WDATA[3] : 3c1277c7 | WSTRB[3] : c
UVM_INFO ../Interface/interface.sv(153) @ 515000: reporter [Property Write Data Handshake] 
wready went low after handshake
UVM_INFO ../tb/sb.sv(98) @ 535000: uvm_test_top.env.sb[0] [scoreboard] Data Matched
UVM_INFO ../Slave_agent/slave_driver.sv(172) @ 545000: uvm_test_top.env.s_agt_top.s_agt[0].s_drvh [slave_driver] 
Got RREADY
UVM_INFO ../Interface/interface.sv(153) @ 545000: reporter [Property Write Data Handshake] 
wready went low after handshake
UVM_INFO ../Interface/interface.sv(168) @ 555000: reporter [Property Read Data Handshake] 
rready went low after handshake
UVM_INFO ../Master_agent/master_monitor.sv(140) @ 565000: uvm_test_top.env.m_agt_top.m_agt[0].m_monh [master_monitor] The Write Transaction Data 
--------------------------------------
Name        Type      Size  Value     
--------------------------------------
wtx         txn       -     @1159     
  AWID      integral  4     12        
  AWADDR    integral  32    'd2926    
  AWLEN     integral  4     'd3       
  AWSIZE    integral  3     'd1       
  AWBURST   integral  2     'd0       
  WID       integral  4     12        
  WDATA[0]  integral  32    'h44500000
  WSTRB[0]  integral  4     'b1100    
  WDATA[1]  integral  32    'h10fa0000
  WSTRB[1]  integral  4     'b1100    
  WDATA[2]  integral  32    'h5cb40000
  WSTRB[2]  integral  4     'b1100    
  WDATA[3]  integral  32    'h3c120000
  WSTRB[3]  integral  4     'b1100    
  BID       integral  4     12        
  BRESP     integral  2     'd0       
  ARID      integral  4     'd0       
  ARADDR    integral  32    'd0       
  ARLEN     integral  4     'd0       
  ARSIZE    integral  3     'd0       
  ARBURST   integral  2     'd0       
  RID       integral  4     'd0       
--------------------------------------

UVM_INFO ../Slave_agent/slave_monitor.sv(138) @ 565000: uvm_test_top.env.s_agt_top.s_agt[0].s_monh [slave_monitor] The Write Transaction Data 
--------------------------------------
Name        Type      Size  Value     
--------------------------------------
wtx         txn       -     @1163     
  AWID      integral  4     12        
  AWADDR    integral  32    'd2926    
  AWLEN     integral  4     'd3       
  AWSIZE    integral  3     'd1       
  AWBURST   integral  2     'd0       
  WID       integral  4     12        
  WDATA[0]  integral  32    'h44500000
  WSTRB[0]  integral  4     'b1100    
  WDATA[1]  integral  32    'h10fa0000
  WSTRB[1]  integral  4     'b1100    
  WDATA[2]  integral  32    'h5cb40000
  WSTRB[2]  integral  4     'b1100    
  WDATA[3]  integral  32    'h3c120000
  WSTRB[3]  integral  4     'b1100    
  BID       integral  4     12        
  BRESP     integral  2     'd0       
  ARID      integral  4     'd0       
  ARADDR    integral  32    'd0       
  ARLEN     integral  4     'd0       
  ARSIZE    integral  3     'd0       
  ARBURST   integral  2     'd0       
  RID       integral  4     'd0       
--------------------------------------

UVM_INFO ../tb/sb.sv(98) @ 565000: uvm_test_top.env.sb[0] [scoreboard] Data Matched
UVM_INFO ../Slave_agent/slave_driver.sv(165) @ 565000: uvm_test_top.env.s_agt_top.s_agt[0].s_drvh [slave_driver] 

Asserting RLAST
UVM_INFO ../Master_agent/master_driver.sv(133) @ 565000: uvm_test_top.env.m_agt_top.m_agt[0].m_drvh [master_driver] 
WDATA[0] : ed7590b5 | WSTRB[0] : f
UVM_INFO ../Interface/interface.sv(158) @ 575000: reporter [Property Write response Handshake] 
bready went low after handshake
UVM_INFO ../Slave_agent/slave_driver.sv(172) @ 585000: uvm_test_top.env.s_agt_top.s_agt[0].s_drvh [slave_driver] 
Got RREADY
UVM_INFO ../Master_agent/master_driver.sv(133) @ 585000: uvm_test_top.env.m_agt_top.m_agt[0].m_drvh [master_driver] 
WDATA[1] : df76bf56 | WSTRB[1] : f
UVM_INFO ../Master_agent/master_monitor.sv(175) @ 585000: uvm_test_top.env.m_agt_top.m_agt[0].m_monh [master_monitor] The Read Transaction Data 
--------------------------------------
Name        Type      Size  Value     
--------------------------------------
rtx         txn       -     @1135     
  AWID      integral  4     'd0       
  AWADDR    integral  32    'd0       
  AWLEN     integral  4     'd0       
  AWSIZE    integral  3     'd0       
  AWBURST   integral  2     'd0       
  WID       integral  4     'd0       
  BID       integral  4     'd0       
  BRESP     integral  2     'd0       
  ARID      integral  4     12        
  ARADDR    integral  32    'd2608    
  ARLEN     integral  4     'd3       
  ARSIZE    integral  3     'd1       
  ARBURST   integral  2     'd0       
  RID       integral  4     12        
  RDATA[0]  integral  32    'he1b1ea9f
  RRESP[0]  integral  2     'd0       
  RDATA[1]  integral  32    'h36d6cb9c
  RRESP[1]  integral  2     'd0       
  RDATA[2]  integral  32    'hb7d1c96e
  RRESP[2]  integral  2     'd0       
  RDATA[3]  integral  32    'hbbf24056
  RRESP[3]  integral  2     'd0       
--------------------------------------

UVM_INFO ../Slave_agent/slave_monitor.sv(171) @ 585000: uvm_test_top.env.s_agt_top.s_agt[0].s_monh [slave_monitor] The Read Transaction Data 
--------------------------------------
Name        Type      Size  Value     
--------------------------------------
rtx         txn       -     @1143     
  AWID      integral  4     'd0       
  AWADDR    integral  32    'd0       
  AWLEN     integral  4     'd0       
  AWSIZE    integral  3     'd0       
  AWBURST   integral  2     'd0       
  WID       integral  4     'd0       
  BID       integral  4     'd0       
  BRESP     integral  2     'd0       
  ARID      integral  4     12        
  ARADDR    integral  32    'd2608    
  ARLEN     integral  4     'd3       
  ARSIZE    integral  3     'd1       
  ARBURST   integral  2     'd0       
  RID       integral  4     12        
  RDATA[0]  integral  32    'he1b1ea9f
  RRESP[0]  integral  2     'd0       
  RDATA[1]  integral  32    'h36d6cb9c
  RRESP[1]  integral  2     'd0       
  RDATA[2]  integral  32    'hb7d1c96e
  RRESP[2]  integral  2     'd0       
  RDATA[3]  integral  32    'hbbf24056
  RRESP[3]  integral  2     'd0       
--------------------------------------

UVM_INFO ../tb/sb.sv(98) @ 585000: uvm_test_top.env.sb[0] [scoreboard] Data Matched
UVM_INFO ../Interface/interface.sv(153) @ 585000: reporter [Property Write Data Handshake] 
wready went low after handshake
UVM_INFO ../Interface/interface.sv(168) @ 595000: reporter [Property Read Data Handshake] 
rready went low after handshake
UVM_INFO ../Master_agent/master_driver.sv(133) @ 605000: uvm_test_top.env.m_agt_top.m_agt[0].m_drvh [master_driver] 
WDATA[2] : ea89124d | WSTRB[2] : f
UVM_INFO ../Interface/interface.sv(153) @ 605000: reporter [Property Write Data Handshake] 
wready went low after handshake
UVM_INFO ../Master_agent/master_driver.sv(133) @ 625000: uvm_test_top.env.m_agt_top.m_agt[0].m_drvh [master_driver] 
WDATA[3] : 98394a68 | WSTRB[3] : f
UVM_INFO ../Interface/interface.sv(153) @ 635000: reporter [Property Write Data Handshake] 
wready went low after handshake
UVM_INFO ../Slave_agent/slave_driver.sv(172) @ 655000: uvm_test_top.env.s_agt_top.s_agt[0].s_drvh [slave_driver] 
Got RREADY
UVM_INFO ../tb/sb.sv(98) @ 655000: uvm_test_top.env.sb[0] [scoreboard] Data Matched
UVM_INFO ../Interface/interface.sv(153) @ 665000: reporter [Property Write Data Handshake] 
wready went low after handshake
UVM_INFO ../Interface/interface.sv(168) @ 665000: reporter [Property Read Data Handshake] 
rready went low after handshake
UVM_INFO ../Master_agent/master_monitor.sv(140) @ 685000: uvm_test_top.env.m_agt_top.m_agt[0].m_monh [master_monitor] The Write Transaction Data 
--------------------------------------
Name        Type      Size  Value     
--------------------------------------
wtx         txn       -     @1187     
  AWID      integral  4     'd4       
  AWADDR    integral  32    'd696     
  AWLEN     integral  4     'd3       
  AWSIZE    integral  3     'd2       
  AWBURST   integral  2     'd0       
  WID       integral  4     'd4       
  WDATA[0]  integral  32    'hed7590b5
  WSTRB[0]  integral  4     'b1111    
  WDATA[1]  integral  32    'hdf76bf56
  WSTRB[1]  integral  4     'b1111    
  WDATA[2]  integral  32    'hea89124d
  WSTRB[2]  integral  4     'b1111    
  WDATA[3]  integral  32    'h98394a68
  WSTRB[3]  integral  4     'b1111    
  BID       integral  4     'd4       
  BRESP     integral  2     'd0       
  ARID      integral  4     'd0       
  ARADDR    integral  32    'd0       
  ARLEN     integral  4     'd0       
  ARSIZE    integral  3     'd0       
  ARBURST   integral  2     'd0       
  RID       integral  4     'd0       
--------------------------------------

UVM_INFO ../Slave_agent/slave_monitor.sv(138) @ 685000: uvm_test_top.env.s_agt_top.s_agt[0].s_monh [slave_monitor] The Write Transaction Data 
--------------------------------------
Name        Type      Size  Value     
--------------------------------------
wtx         txn       -     @1191     
  AWID      integral  4     'd4       
  AWADDR    integral  32    'd696     
  AWLEN     integral  4     'd3       
  AWSIZE    integral  3     'd2       
  AWBURST   integral  2     'd0       
  WID       integral  4     'd4       
  WDATA[0]  integral  32    'hed7590b5
  WSTRB[0]  integral  4     'b1111    
  WDATA[1]  integral  32    'hdf76bf56
  WSTRB[1]  integral  4     'b1111    
  WDATA[2]  integral  32    'hea89124d
  WSTRB[2]  integral  4     'b1111    
  WDATA[3]  integral  32    'h98394a68
  WSTRB[3]  integral  4     'b1111    
  BID       integral  4     'd4       
  BRESP     integral  2     'd0       
  ARID      integral  4     'd0       
  ARADDR    integral  32    'd0       
  ARLEN     integral  4     'd0       
  ARSIZE    integral  3     'd0       
  ARBURST   integral  2     'd0       
  RID       integral  4     'd0       
--------------------------------------

UVM_INFO ../tb/sb.sv(98) @ 685000: uvm_test_top.env.sb[0] [scoreboard] Data Matched
UVM_INFO ../Slave_agent/slave_driver.sv(172) @ 685000: uvm_test_top.env.s_agt_top.s_agt[0].s_drvh [slave_driver] 
Got RREADY
UVM_INFO ../Master_agent/master_driver.sv(133) @ 685000: uvm_test_top.env.m_agt_top.m_agt[0].m_drvh [master_driver] 
WDATA[0] : 25b18966 | WSTRB[0] : 3
UVM_INFO ../Interface/interface.sv(158) @ 695000: reporter [Property Write response Handshake] 
bready went low after handshake
UVM_INFO ../Interface/interface.sv(168) @ 695000: reporter [Property Read Data Handshake] 
rready went low after handshake
UVM_INFO ../Interface/interface.sv(153) @ 705000: reporter [Property Write Data Handshake] 
wready went low after handshake
UVM_INFO ../Master_agent/master_driver.sv(133) @ 715000: uvm_test_top.env.m_agt_top.m_agt[0].m_drvh [master_driver] 
WDATA[1] : f653367f | WSTRB[1] : 3
UVM_INFO ../Slave_agent/slave_driver.sv(172) @ 725000: uvm_test_top.env.s_agt_top.s_agt[0].s_drvh [slave_driver] 
Got RREADY
UVM_INFO ../Interface/interface.sv(153) @ 735000: reporter [Property Write Data Handshake] 
wready went low after handshake
UVM_INFO ../Interface/interface.sv(168) @ 735000: reporter [Property Read Data Handshake] 
rready went low after handshake
UVM_INFO ../Slave_agent/slave_driver.sv(165) @ 745000: uvm_test_top.env.s_agt_top.s_agt[0].s_drvh [slave_driver] 

Asserting RLAST
UVM_INFO ../Master_agent/master_driver.sv(133) @ 745000: uvm_test_top.env.m_agt_top.m_agt[0].m_drvh [master_driver] 
WDATA[2] : 299a89b | WSTRB[2] : 3
UVM_INFO ../Interface/interface.sv(153) @ 765000: reporter [Property Write Data Handshake] 
wready went low after handshake
UVM_INFO ../Master_agent/master_driver.sv(133) @ 775000: uvm_test_top.env.m_agt_top.m_agt[0].m_drvh [master_driver] 
WDATA[3] : b36a2700 | WSTRB[3] : 3
UVM_INFO ../Slave_agent/slave_driver.sv(172) @ 785000: uvm_test_top.env.s_agt_top.s_agt[0].s_drvh [slave_driver] 
Got RREADY
UVM_INFO ../Master_agent/master_monitor.sv(175) @ 785000: uvm_test_top.env.m_agt_top.m_agt[0].m_monh [master_monitor] The Read Transaction Data 
--------------------------------------
Name        Type      Size  Value     
--------------------------------------
rtx         txn       -     @1171     
  AWID      integral  4     'd0       
  AWADDR    integral  32    'd0       
  AWLEN     integral  4     'd0       
  AWSIZE    integral  3     'd0       
  AWBURST   integral  2     'd0       
  WID       integral  4     'd0       
  BID       integral  4     'd0       
  BRESP     integral  2     'd0       
  ARID      integral  4     'd3       
  ARADDR    integral  32    'd196     
  ARLEN     integral  4     'd3       
  ARSIZE    integral  3     'd0       
  ARBURST   integral  2     'd0       
  RID       integral  4     'd3       
  RDATA[0]  integral  32    'hb96a9b80
  RRESP[0]  integral  2     'd0       
  RDATA[1]  integral  32    'h9adb2d8f
  RRESP[1]  integral  2     'd0       
  RDATA[2]  integral  32    'h916cbffc
  RRESP[2]  integral  2     'd0       
  RDATA[3]  integral  32    'hb532ec56
  RRESP[3]  integral  2     'd0       
--------------------------------------

UVM_INFO ../Slave_agent/slave_monitor.sv(171) @ 785000: uvm_test_top.env.s_agt_top.s_agt[0].s_monh [slave_monitor] The Read Transaction Data 
--------------------------------------
Name        Type      Size  Value     
--------------------------------------
rtx         txn       -     @1175     
  AWID      integral  4     'd0       
  AWADDR    integral  32    'd0       
  AWLEN     integral  4     'd0       
  AWSIZE    integral  3     'd0       
  AWBURST   integral  2     'd0       
  WID       integral  4     'd0       
  BID       integral  4     'd0       
  BRESP     integral  2     'd0       
  ARID      integral  4     'd3       
  ARADDR    integral  32    'd196     
  ARLEN     integral  4     'd3       
  ARSIZE    integral  3     'd0       
  ARBURST   integral  2     'd0       
  RID       integral  4     'd3       
  RDATA[0]  integral  32    'hb96a9b80
  RRESP[0]  integral  2     'd0       
  RDATA[1]  integral  32    'h9adb2d8f
  RRESP[1]  integral  2     'd0       
  RDATA[2]  integral  32    'h916cbffc
  RRESP[2]  integral  2     'd0       
  RDATA[3]  integral  32    'hb532ec56
  RRESP[3]  integral  2     'd0       
--------------------------------------

UVM_INFO ../tb/sb.sv(98) @ 785000: uvm_test_top.env.sb[0] [scoreboard] Data Matched
UVM_INFO ../tb/sb.sv(98) @ 785000: uvm_test_top.env.sb[0] [scoreboard] Data Matched
UVM_INFO ../Interface/interface.sv(153) @ 795000: reporter [Property Write Data Handshake] 
wready went low after handshake
UVM_INFO ../Interface/interface.sv(168) @ 795000: reporter [Property Read Data Handshake] 
rready went low after handshake
UVM_INFO ../Master_agent/master_monitor.sv(140) @ 815000: uvm_test_top.env.m_agt_top.m_agt[0].m_monh [master_monitor] The Write Transaction Data 
----------------------------------
Name        Type      Size  Value 
----------------------------------
wtx         txn       -     @1211 
  AWID      integral  4     15    
  AWADDR    integral  32    'd1068
  AWLEN     integral  4     'd3   
  AWSIZE    integral  3     'd1   
  AWBURST   integral  2     'd0   
  WID       integral  4     15    
  WDATA[0]  integral  32    'h8966
  WSTRB[0]  integral  4     'b11  
  WDATA[1]  integral  32    'h367f
  WSTRB[1]  integral  4     'b11  
  WDATA[2]  integral  32    'ha89b
  WSTRB[2]  integral  4     'b11  
  WDATA[3]  integral  32    'h2700
  WSTRB[3]  integral  4     'b11  
  BID       integral  4     15    
  BRESP     integral  2     'd0   
  ARID      integral  4     'd0   
  ARADDR    integral  32    'd0   
  ARLEN     integral  4     'd0   
  ARSIZE    integral  3     'd0   
  ARBURST   integral  2     'd0   
  RID       integral  4     'd0   
----------------------------------

UVM_INFO ../Slave_agent/slave_monitor.sv(138) @ 815000: uvm_test_top.env.s_agt_top.s_agt[0].s_monh [slave_monitor] The Write Transaction Data 
----------------------------------
Name        Type      Size  Value 
----------------------------------
wtx         txn       -     @1215 
  AWID      integral  4     15    
  AWADDR    integral  32    'd1068
  AWLEN     integral  4     'd3   
  AWSIZE    integral  3     'd1   
  AWBURST   integral  2     'd0   
  WID       integral  4     15    
  WDATA[0]  integral  32    'h8966
  WSTRB[0]  integral  4     'b11  
  WDATA[1]  integral  32    'h367f
  WSTRB[1]  integral  4     'b11  
  WDATA[2]  integral  32    'ha89b
  WSTRB[2]  integral  4     'b11  
  WDATA[3]  integral  32    'h2700
  WSTRB[3]  integral  4     'b11  
  BID       integral  4     15    
  BRESP     integral  2     'd0   
  ARID      integral  4     'd0   
  ARADDR    integral  32    'd0   
  ARLEN     integral  4     'd0   
  ARSIZE    integral  3     'd0   
  ARBURST   integral  2     'd0   
  RID       integral  4     'd0   
----------------------------------

UVM_INFO ../tb/sb.sv(98) @ 815000: uvm_test_top.env.sb[0] [scoreboard] Data Matched
UVM_INFO ../Master_agent/master_driver.sv(133) @ 825000: uvm_test_top.env.m_agt_top.m_agt[0].m_drvh [master_driver] 
WDATA[0] : fdaa1c7a | WSTRB[0] : c
UVM_INFO ../Interface/interface.sv(158) @ 825000: reporter [Property Write response Handshake] 
bready went low after handshake
UVM_INFO ../Interface/interface.sv(153) @ 845000: reporter [Property Write Data Handshake] 
wready went low after handshake
UVM_INFO ../Master_agent/master_driver.sv(133) @ 855000: uvm_test_top.env.m_agt_top.m_agt[0].m_drvh [master_driver] 
WDATA[1] : fd4ef3ae | WSTRB[1] : c
UVM_INFO ../Slave_agent/slave_driver.sv(172) @ 855000: uvm_test_top.env.s_agt_top.s_agt[0].s_drvh [slave_driver] 
Got RREADY
UVM_INFO ../Interface/interface.sv(168) @ 865000: reporter [Property Read Data Handshake] 
rready went low after handshake
UVM_INFO ../Master_agent/master_driver.sv(133) @ 875000: uvm_test_top.env.m_agt_top.m_agt[0].m_drvh [master_driver] 
WDATA[2] : dddafd42 | WSTRB[2] : c
UVM_INFO ../Interface/interface.sv(153) @ 875000: reporter [Property Write Data Handshake] 
wready went low after handshake
UVM_INFO ../Slave_agent/slave_driver.sv(172) @ 895000: uvm_test_top.env.s_agt_top.s_agt[0].s_drvh [slave_driver] 
Got RREADY
UVM_INFO ../Interface/interface.sv(153) @ 895000: reporter [Property Write Data Handshake] 
wready went low after handshake
UVM_INFO ../Master_agent/master_driver.sv(133) @ 905000: uvm_test_top.env.m_agt_top.m_agt[0].m_drvh [master_driver] 
WDATA[3] : cbf0f5fb | WSTRB[3] : c
UVM_INFO ../Interface/interface.sv(168) @ 905000: reporter [Property Read Data Handshake] 
rready went low after handshake
UVM_INFO ../tb/sb.sv(98) @ 915000: uvm_test_top.env.sb[0] [scoreboard] Data Matched
UVM_INFO ../Interface/interface.sv(153) @ 925000: reporter [Property Write Data Handshake] 
wready went low after handshake
UVM_INFO ../Slave_agent/slave_driver.sv(172) @ 945000: uvm_test_top.env.s_agt_top.s_agt[0].s_drvh [slave_driver] 
Got RREADY
UVM_INFO ../Interface/interface.sv(168) @ 955000: reporter [Property Read Data Handshake] 
rready went low after handshake
UVM_INFO ../Slave_agent/slave_driver.sv(165) @ 965000: uvm_test_top.env.s_agt_top.s_agt[0].s_drvh [slave_driver] 

Asserting RLAST
UVM_INFO ../Master_agent/master_monitor.sv(140) @ 975000: uvm_test_top.env.m_agt_top.m_agt[0].m_monh [master_monitor] The Write Transaction Data 
--------------------------------------
Name        Type      Size  Value     
--------------------------------------
wtx         txn       -     @1239     
  AWID      integral  4     'd2       
  AWADDR    integral  32    'd2350    
  AWLEN     integral  4     'd3       
  AWSIZE    integral  3     'd1       
  AWBURST   integral  2     'd0       
  WID       integral  4     'd2       
  WDATA[0]  integral  32    'hfdaa0000
  WSTRB[0]  integral  4     'b1100    
  WDATA[1]  integral  32    'hfd4e0000
  WSTRB[1]  integral  4     'b1100    
  WDATA[2]  integral  32    'hddda0000
  WSTRB[2]  integral  4     'b1100    
  WDATA[3]  integral  32    'hcbf00000
  WSTRB[3]  integral  4     'b1100    
  BID       integral  4     'd2       
  BRESP     integral  2     'd0       
  ARID      integral  4     'd0       
  ARADDR    integral  32    'd0       
  ARLEN     integral  4     'd0       
  ARSIZE    integral  3     'd0       
  ARBURST   integral  2     'd0       
  RID       integral  4     'd0       
--------------------------------------

UVM_INFO ../Slave_agent/slave_monitor.sv(138) @ 975000: uvm_test_top.env.s_agt_top.s_agt[0].s_monh [slave_monitor] The Write Transaction Data 
--------------------------------------
Name        Type      Size  Value     
--------------------------------------
wtx         txn       -     @1243     
  AWID      integral  4     'd2       
  AWADDR    integral  32    'd2350    
  AWLEN     integral  4     'd3       
  AWSIZE    integral  3     'd1       
  AWBURST   integral  2     'd0       
  WID       integral  4     'd2       
  WDATA[0]  integral  32    'hfdaa0000
  WSTRB[0]  integral  4     'b1100    
  WDATA[1]  integral  32    'hfd4e0000
  WSTRB[1]  integral  4     'b1100    
  WDATA[2]  integral  32    'hddda0000
  WSTRB[2]  integral  4     'b1100    
  WDATA[3]  integral  32    'hcbf00000
  WSTRB[3]  integral  4     'b1100    
  BID       integral  4     'd2       
  BRESP     integral  2     'd0       
  ARID      integral  4     'd0       
  ARADDR    integral  32    'd0       
  ARLEN     integral  4     'd0       
  ARSIZE    integral  3     'd0       
  ARBURST   integral  2     'd0       
  RID       integral  4     'd0       
--------------------------------------

UVM_INFO ../tb/sb.sv(98) @ 975000: uvm_test_top.env.sb[0] [scoreboard] Data Matched
UVM_INFO ../Slave_agent/slave_driver.sv(172) @ 975000: uvm_test_top.env.s_agt_top.s_agt[0].s_drvh [slave_driver] 
Got RREADY
UVM_INFO ../Master_agent/master_monitor.sv(175) @ 975000: uvm_test_top.env.m_agt_top.m_agt[0].m_monh [master_monitor] The Read Transaction Data 
--------------------------------------
Name        Type      Size  Value     
--------------------------------------
rtx         txn       -     @1199     
  AWID      integral  4     'd0       
  AWADDR    integral  32    'd0       
  AWLEN     integral  4     'd0       
  AWSIZE    integral  3     'd0       
  AWBURST   integral  2     'd0       
  WID       integral  4     'd0       
  BID       integral  4     'd0       
  BRESP     integral  2     'd0       
  ARID      integral  4     8         
  ARADDR    integral  32    'd2468    
  ARLEN     integral  4     'd3       
  ARSIZE    integral  3     'd0       
  ARBURST   integral  2     'd0       
  RID       integral  4     8         
  RDATA[0]  integral  32    'h99cffc51
  RRESP[0]  integral  2     'd0       
  RDATA[1]  integral  32    'h92f0e336
  RRESP[1]  integral  2     'd0       
  RDATA[2]  integral  32    'hbd291d67
  RRESP[2]  integral  2     'd0       
  RDATA[3]  integral  32    'he12447eb
  RRESP[3]  integral  2     'd0       
--------------------------------------

UVM_INFO ../Slave_agent/slave_monitor.sv(171) @ 975000: uvm_test_top.env.s_agt_top.s_agt[0].s_monh [slave_monitor] The Read Transaction Data 
--------------------------------------
Name        Type      Size  Value     
--------------------------------------
rtx         txn       -     @1203     
  AWID      integral  4     'd0       
  AWADDR    integral  32    'd0       
  AWLEN     integral  4     'd0       
  AWSIZE    integral  3     'd0       
  AWBURST   integral  2     'd0       
  WID       integral  4     'd0       
  BID       integral  4     'd0       
  BRESP     integral  2     'd0       
  ARID      integral  4     8         
  ARADDR    integral  32    'd2468    
  ARLEN     integral  4     'd3       
  ARSIZE    integral  3     'd0       
  ARBURST   integral  2     'd0       
  RID       integral  4     8         
  RDATA[0]  integral  32    'h99cffc51
  RRESP[0]  integral  2     'd0       
  RDATA[1]  integral  32    'h92f0e336
  RRESP[1]  integral  2     'd0       
  RDATA[2]  integral  32    'hbd291d67
  RRESP[2]  integral  2     'd0       
  RDATA[3]  integral  32    'he12447eb
  RRESP[3]  integral  2     'd0       
--------------------------------------

UVM_INFO ../tb/sb.sv(98) @ 975000: uvm_test_top.env.sb[0] [scoreboard] Data Matched
UVM_INFO ../Master_agent/master_driver.sv(133) @ 985000: uvm_test_top.env.m_agt_top.m_agt[0].m_drvh [master_driver] 
WDATA[0] : 52ed6e6f | WSTRB[0] : 3
UVM_INFO ../Interface/interface.sv(158) @ 985000: reporter [Property Write response Handshake] 
bready went low after handshake
UVM_INFO ../Interface/interface.sv(168) @ 985000: reporter [Property Read Data Handshake] 
rready went low after handshake
UVM_INFO ../Master_agent/master_driver.sv(133) @ 1005000: uvm_test_top.env.m_agt_top.m_agt[0].m_drvh [master_driver] 
WDATA[1] : 7f2d9aee | WSTRB[1] : 3
UVM_INFO ../Interface/interface.sv(153) @ 1005000: reporter [Property Write Data Handshake] 
wready went low after handshake
UVM_INFO ../Interface/interface.sv(153) @ 1025000: reporter [Property Write Data Handshake] 
wready went low after handshake
UVM_INFO ../Slave_agent/slave_driver.sv(172) @ 1035000: uvm_test_top.env.s_agt_top.s_agt[0].s_drvh [slave_driver] 
Got RREADY
UVM_INFO ../Master_agent/master_driver.sv(133) @ 1035000: uvm_test_top.env.m_agt_top.m_agt[0].m_drvh [master_driver] 
WDATA[2] : f585100d | WSTRB[2] : 3
UVM_INFO ../Interface/interface.sv(168) @ 1045000: reporter [Property Read Data Handshake] 
rready went low after handshake
UVM_INFO ../Master_agent/master_driver.sv(133) @ 1055000: uvm_test_top.env.m_agt_top.m_agt[0].m_drvh [master_driver] 
WDATA[3] : 7159cf26 | WSTRB[3] : 3
UVM_INFO ../Interface/interface.sv(153) @ 1055000: reporter [Property Write Data Handshake] 
wready went low after handshake
UVM_INFO ../tb/sb.sv(98) @ 1075000: uvm_test_top.env.sb[0] [scoreboard] Data Matched
UVM_INFO ../Interface/interface.sv(153) @ 1085000: reporter [Property Write Data Handshake] 
wready went low after handshake
UVM_INFO ../Slave_agent/slave_driver.sv(172) @ 1095000: uvm_test_top.env.s_agt_top.s_agt[0].s_drvh [slave_driver] 
Got RREADY
UVM_INFO ../Interface/interface.sv(168) @ 1105000: reporter [Property Read Data Handshake] 
rready went low after handshake
UVM_INFO ../Master_agent/master_monitor.sv(140) @ 1115000: uvm_test_top.env.m_agt_top.m_agt[0].m_monh [master_monitor] The Write Transaction Data 
----------------------------------
Name        Type      Size  Value 
----------------------------------
wtx         txn       -     @1267 
  AWID      integral  4     'd5   
  AWADDR    integral  32    'd2932
  AWLEN     integral  4     'd3   
  AWSIZE    integral  3     'd1   
  AWBURST   integral  2     'd0   
  WID       integral  4     'd5   
  WDATA[0]  integral  32    'h6e6f
  WSTRB[0]  integral  4     'b11  
  WDATA[1]  integral  32    'h9aee
  WSTRB[1]  integral  4     'b11  
  WDATA[2]  integral  32    'h100d
  WSTRB[2]  integral  4     'b11  
  WDATA[3]  integral  32    'hcf26
  WSTRB[3]  integral  4     'b11  
  BID       integral  4     'd5   
  BRESP     integral  2     'd0   
  ARID      integral  4     'd0   
  ARADDR    integral  32    'd0   
  ARLEN     integral  4     'd0   
  ARSIZE    integral  3     'd0   
  ARBURST   integral  2     'd0   
  RID       integral  4     'd0   
----------------------------------

UVM_INFO ../Slave_agent/slave_monitor.sv(138) @ 1115000: uvm_test_top.env.s_agt_top.s_agt[0].s_monh [slave_monitor] The Write Transaction Data 
----------------------------------
Name        Type      Size  Value 
----------------------------------
wtx         txn       -     @1271 
  AWID      integral  4     'd5   
  AWADDR    integral  32    'd2932
  AWLEN     integral  4     'd3   
  AWSIZE    integral  3     'd1   
  AWBURST   integral  2     'd0   
  WID       integral  4     'd5   
  WDATA[0]  integral  32    'h6e6f
  WSTRB[0]  integral  4     'b11  
  WDATA[1]  integral  32    'h9aee
  WSTRB[1]  integral  4     'b11  
  WDATA[2]  integral  32    'h100d
  WSTRB[2]  integral  4     'b11  
  WDATA[3]  integral  32    'hcf26
  WSTRB[3]  integral  4     'b11  
  BID       integral  4     'd5   
  BRESP     integral  2     'd0   
  ARID      integral  4     'd0   
  ARADDR    integral  32    'd0   
  ARLEN     integral  4     'd0   
  ARSIZE    integral  3     'd0   
  ARBURST   integral  2     'd0   
  RID       integral  4     'd0   
----------------------------------

UVM_INFO ../tb/sb.sv(98) @ 1115000: uvm_test_top.env.sb[0] [scoreboard] Data Matched
UVM_INFO ../Master_agent/master_driver.sv(133) @ 1115000: uvm_test_top.env.m_agt_top.m_agt[0].m_drvh [master_driver] 
WDATA[0] : 90b795da | WSTRB[0] : f
UVM_INFO ../Slave_agent/slave_driver.sv(172) @ 1125000: uvm_test_top.env.s_agt_top.s_agt[0].s_drvh [slave_driver] 
Got RREADY
UVM_INFO ../Interface/interface.sv(158) @ 1125000: reporter [Property Write response Handshake] 
bready went low after handshake
UVM_INFO ../Master_agent/master_driver.sv(133) @ 1135000: uvm_test_top.env.m_agt_top.m_agt[0].m_drvh [master_driver] 
WDATA[1] : 27f2bc88 | WSTRB[1] : f
UVM_INFO ../Interface/interface.sv(153) @ 1135000: reporter [Property Write Data Handshake] 
wready went low after handshake
UVM_INFO ../Interface/interface.sv(168) @ 1135000: reporter [Property Read Data Handshake] 
rready went low after handshake
UVM_INFO ../Slave_agent/slave_driver.sv(165) @ 1155000: uvm_test_top.env.s_agt_top.s_agt[0].s_drvh [slave_driver] 

Asserting RLAST
UVM_INFO ../Master_agent/master_driver.sv(133) @ 1155000: uvm_test_top.env.m_agt_top.m_agt[0].m_drvh [master_driver] 
WDATA[2] : dacae20e | WSTRB[2] : f
UVM_INFO ../Interface/interface.sv(153) @ 1155000: reporter [Property Write Data Handshake] 
wready went low after handshake
UVM_INFO ../Slave_agent/slave_driver.sv(172) @ 1185000: uvm_test_top.env.s_agt_top.s_agt[0].s_drvh [slave_driver] 
Got RREADY
UVM_INFO ../Master_agent/master_driver.sv(133) @ 1185000: uvm_test_top.env.m_agt_top.m_agt[0].m_drvh [master_driver] 
WDATA[3] : 10fe092b | WSTRB[3] : f
UVM_INFO ../Master_agent/master_monitor.sv(175) @ 1185000: uvm_test_top.env.m_agt_top.m_agt[0].m_monh [master_monitor] The Read Transaction Data 
--------------------------------------
Name        Type      Size  Value     
--------------------------------------
rtx         txn       -     @1227     
  AWID      integral  4     'd0       
  AWADDR    integral  32    'd0       
  AWLEN     integral  4     'd0       
  AWSIZE    integral  3     'd0       
  AWBURST   integral  2     'd0       
  WID       integral  4     'd0       
  BID       integral  4     'd0       
  BRESP     integral  2     'd0       
  ARID      integral  4     'd4       
  ARADDR    integral  32    'd2016    
  ARLEN     integral  4     'd3       
  ARSIZE    integral  3     'd1       
  ARBURST   integral  2     'd0       
  RID       integral  4     'd4       
  RDATA[0]  integral  32    'h2a71125e
  RRESP[0]  integral  2     'd0       
  RDATA[1]  integral  32    'h4f81acba
  RRESP[1]  integral  2     'd0       
  RDATA[2]  integral  32    'h3facbfe1
  RRESP[2]  integral  2     'd0       
  RDATA[3]  integral  32    'haa50156 
  RRESP[3]  integral  2     'd0       
--------------------------------------

UVM_INFO ../Slave_agent/slave_monitor.sv(171) @ 1185000: uvm_test_top.env.s_agt_top.s_agt[0].s_monh [slave_monitor] The Read Transaction Data 
--------------------------------------
Name        Type      Size  Value     
--------------------------------------
rtx         txn       -     @1231     
  AWID      integral  4     'd0       
  AWADDR    integral  32    'd0       
  AWLEN     integral  4     'd0       
  AWSIZE    integral  3     'd0       
  AWBURST   integral  2     'd0       
  WID       integral  4     'd0       
  BID       integral  4     'd0       
  BRESP     integral  2     'd0       
  ARID      integral  4     'd4       
  ARADDR    integral  32    'd2016    
  ARLEN     integral  4     'd3       
  ARSIZE    integral  3     'd1       
  ARBURST   integral  2     'd0       
  RID       integral  4     'd4       
  RDATA[0]  integral  32    'h2a71125e
  RRESP[0]  integral  2     'd0       
  RDATA[1]  integral  32    'h4f81acba
  RRESP[1]  integral  2     'd0       
  RDATA[2]  integral  32    'h3facbfe1
  RRESP[2]  integral  2     'd0       
  RDATA[3]  integral  32    'haa50156 
  RRESP[3]  integral  2     'd0       
--------------------------------------

UVM_INFO ../tb/sb.sv(98) @ 1185000: uvm_test_top.env.sb[0] [scoreboard] Data Matched
UVM_INFO ../Interface/interface.sv(153) @ 1185000: reporter [Property Write Data Handshake] 
wready went low after handshake
UVM_INFO ../Interface/interface.sv(168) @ 1195000: reporter [Property Read Data Handshake] 
rready went low after handshake
UVM_INFO ../tb/sb.sv(98) @ 1205000: uvm_test_top.env.sb[0] [scoreboard] Data Matched
UVM_INFO ../Interface/interface.sv(153) @ 1215000: reporter [Property Write Data Handshake] 
wready went low after handshake
UVM_INFO ../Master_agent/master_monitor.sv(140) @ 1235000: uvm_test_top.env.m_agt_top.m_agt[0].m_monh [master_monitor] The Write Transaction Data 
--------------------------------------
Name        Type      Size  Value     
--------------------------------------
wtx         txn       -     @1299     
  AWID      integral  4     'd4       
  AWADDR    integral  32    'd844     
  AWLEN     integral  4     'd3       
  AWSIZE    integral  3     'd2       
  AWBURST   integral  2     'd0       
  WID       integral  4     'd4       
  WDATA[0]  integral  32    'h90b795da
  WSTRB[0]  integral  4     'b1111    
  WDATA[1]  integral  32    'h27f2bc88
  WSTRB[1]  integral  4     'b1111    
  WDATA[2]  integral  32    'hdacae20e
  WSTRB[2]  integral  4     'b1111    
  WDATA[3]  integral  32    'h10fe092b
  WSTRB[3]  integral  4     'b1111    
  BID       integral  4     'd4       
  BRESP     integral  2     'd0       
  ARID      integral  4     'd0       
  ARADDR    integral  32    'd0       
  ARLEN     integral  4     'd0       
  ARSIZE    integral  3     'd0       
  ARBURST   integral  2     'd0       
  RID       integral  4     'd0       
--------------------------------------

UVM_INFO ../Slave_agent/slave_monitor.sv(138) @ 1235000: uvm_test_top.env.s_agt_top.s_agt[0].s_monh [slave_monitor] The Write Transaction Data 
--------------------------------------
Name        Type      Size  Value     
--------------------------------------
wtx         txn       -     @1303     
  AWID      integral  4     'd4       
  AWADDR    integral  32    'd844     
  AWLEN     integral  4     'd3       
  AWSIZE    integral  3     'd2       
  AWBURST   integral  2     'd0       
  WID       integral  4     'd4       
  WDATA[0]  integral  32    'h90b795da
  WSTRB[0]  integral  4     'b1111    
  WDATA[1]  integral  32    'h27f2bc88
  WSTRB[1]  integral  4     'b1111    
  WDATA[2]  integral  32    'hdacae20e
  WSTRB[2]  integral  4     'b1111    
  WDATA[3]  integral  32    'h10fe092b
  WSTRB[3]  integral  4     'b1111    
  BID       integral  4     'd4       
  BRESP     integral  2     'd0       
  ARID      integral  4     'd0       
  ARADDR    integral  32    'd0       
  ARLEN     integral  4     'd0       
  ARSIZE    integral  3     'd0       
  ARBURST   integral  2     'd0       
  RID       integral  4     'd0       
--------------------------------------

UVM_INFO ../tb/sb.sv(98) @ 1235000: uvm_test_top.env.sb[0] [scoreboard] Data Matched
UVM_INFO ../Master_agent/master_driver.sv(133) @ 1245000: uvm_test_top.env.m_agt_top.m_agt[0].m_drvh [master_driver] 
WDATA[0] : ba222c58 | WSTRB[0] : 8
UVM_INFO ../Interface/interface.sv(158) @ 1245000: reporter [Property Write response Handshake] 
bready went low after handshake
UVM_INFO ../Slave_agent/slave_driver.sv(172) @ 1255000: uvm_test_top.env.s_agt_top.s_agt[0].s_drvh [slave_driver] 
Got RREADY
UVM_INFO ../Master_agent/master_driver.sv(133) @ 1265000: uvm_test_top.env.m_agt_top.m_agt[0].m_drvh [master_driver] 
WDATA[1] : a8c7be14 | WSTRB[1] : 8
UVM_INFO ../Interface/interface.sv(153) @ 1265000: reporter [Property Write Data Handshake] 
wready went low after handshake
UVM_INFO ../Interface/interface.sv(168) @ 1265000: reporter [Property Read Data Handshake] 
rready went low after handshake
UVM_INFO ../Master_agent/master_driver.sv(133) @ 1285000: uvm_test_top.env.m_agt_top.m_agt[0].m_drvh [master_driver] 
WDATA[2] : 82dd4faa | WSTRB[2] : 8
UVM_INFO ../Interface/interface.sv(153) @ 1285000: reporter [Property Write Data Handshake] 
wready went low after handshake
UVM_INFO ../Slave_agent/slave_driver.sv(172) @ 1295000: uvm_test_top.env.s_agt_top.s_agt[0].s_drvh [slave_driver] 
Got RREADY
UVM_INFO ../Interface/interface.sv(168) @ 1305000: reporter [Property Read Data Handshake] 
rready went low after handshake
UVM_INFO ../Master_agent/master_driver.sv(133) @ 1315000: uvm_test_top.env.m_agt_top.m_agt[0].m_drvh [master_driver] 
WDATA[3] : baa86bd5 | WSTRB[3] : 8
UVM_INFO ../Interface/interface.sv(153) @ 1315000: reporter [Property Write Data Handshake] 
wready went low after handshake
UVM_INFO ../Slave_agent/slave_driver.sv(172) @ 1335000: uvm_test_top.env.s_agt_top.s_agt[0].s_drvh [slave_driver] 
Got RREADY
UVM_INFO ../tb/sb.sv(98) @ 1335000: uvm_test_top.env.sb[0] [scoreboard] Data Matched
UVM_INFO ../Interface/interface.sv(153) @ 1345000: reporter [Property Write Data Handshake] 
wready went low after handshake
UVM_INFO ../Interface/interface.sv(168) @ 1345000: reporter [Property Read Data Handshake] 
rready went low after handshake
UVM_INFO ../Master_agent/master_monitor.sv(140) @ 1365000: uvm_test_top.env.m_agt_top.m_agt[0].m_monh [master_monitor] The Write Transaction Data 
--------------------------------------
Name        Type      Size  Value     
--------------------------------------
wtx         txn       -     @1339     
  AWID      integral  4     'd5       
  AWADDR    integral  32    'd3683    
  AWLEN     integral  4     'd3       
  AWSIZE    integral  3     'd0       
  AWBURST   integral  2     'd0       
  WID       integral  4     'd5       
  WDATA[0]  integral  32    'hba000000
  WSTRB[0]  integral  4     'b1000    
  WDATA[1]  integral  32    'ha8000000
  WSTRB[1]  integral  4     'b1000    
  WDATA[2]  integral  32    'h82000000
  WSTRB[2]  integral  4     'b1000    
  WDATA[3]  integral  32    'hba000000
  WSTRB[3]  integral  4     'b1000    
  BID       integral  4     'd5       
  BRESP     integral  2     'd0       
  ARID      integral  4     'd0       
  ARADDR    integral  32    'd0       
  ARLEN     integral  4     'd0       
  ARSIZE    integral  3     'd0       
  ARBURST   integral  2     'd0       
  RID       integral  4     'd0       
--------------------------------------

UVM_INFO ../Slave_agent/slave_monitor.sv(138) @ 1365000: uvm_test_top.env.s_agt_top.s_agt[0].s_monh [slave_monitor] The Write Transaction Data 
--------------------------------------
Name        Type      Size  Value     
--------------------------------------
wtx         txn       -     @1343     
  AWID      integral  4     'd5       
  AWADDR    integral  32    'd3683    
  AWLEN     integral  4     'd3       
  AWSIZE    integral  3     'd0       
  AWBURST   integral  2     'd0       
  WID       integral  4     'd5       
  WDATA[0]  integral  32    'hba000000
  WSTRB[0]  integral  4     'b1000    
  WDATA[1]  integral  32    'ha8000000
  WSTRB[1]  integral  4     'b1000    
  WDATA[2]  integral  32    'h82000000
  WSTRB[2]  integral  4     'b1000    
  WDATA[3]  integral  32    'hba000000
  WSTRB[3]  integral  4     'b1000    
  BID       integral  4     'd5       
  BRESP     integral  2     'd0       
  ARID      integral  4     'd0       
  ARADDR    integral  32    'd0       
  ARLEN     integral  4     'd0       
  ARSIZE    integral  3     'd0       
  ARBURST   integral  2     'd0       
  RID       integral  4     'd0       
--------------------------------------

UVM_INFO ../tb/sb.sv(98) @ 1365000: uvm_test_top.env.sb[0] [scoreboard] Data Matched
UVM_INFO ../Slave_agent/slave_driver.sv(165) @ 1365000: uvm_test_top.env.s_agt_top.s_agt[0].s_drvh [slave_driver] 

Asserting RLAST
UVM_INFO ../Slave_agent/slave_driver.sv(172) @ 1375000: uvm_test_top.env.s_agt_top.s_agt[0].s_drvh [slave_driver] 
Got RREADY
UVM_INFO ../Master_agent/master_monitor.sv(175) @ 1375000: uvm_test_top.env.m_agt_top.m_agt[0].m_monh [master_monitor] The Read Transaction Data 
--------------------------------------
Name        Type      Size  Value     
--------------------------------------
rtx         txn       -     @1255     
  AWID      integral  4     'd0       
  AWADDR    integral  32    'd0       
  AWLEN     integral  4     'd0       
  AWSIZE    integral  3     'd0       
  AWBURST   integral  2     'd0       
  WID       integral  4     'd0       
  BID       integral  4     'd0       
  BRESP     integral  2     'd0       
  ARID      integral  4     'd6       
  ARADDR    integral  32    'd943     
  ARLEN     integral  4     'd3       
  ARSIZE    integral  3     'd2       
  ARBURST   integral  2     'd0       
  RID       integral  4     'd6       
  RDATA[0]  integral  32    'hcdc0cee 
  RRESP[0]  integral  2     'd0       
  RDATA[1]  integral  32    'h80676fb5
  RRESP[1]  integral  2     'd0       
  RDATA[2]  integral  32    'he5e48832
  RRESP[2]  integral  2     'd0       
  RDATA[3]  integral  32    'h84b262d6
  RRESP[3]  integral  2     'd0       
--------------------------------------

UVM_INFO ../Slave_agent/slave_monitor.sv(171) @ 1375000: uvm_test_top.env.s_agt_top.s_agt[0].s_monh [slave_monitor] The Read Transaction Data 
--------------------------------------
Name        Type      Size  Value     
--------------------------------------
rtx         txn       -     @1259     
  AWID      integral  4     'd0       
  AWADDR    integral  32    'd0       
  AWLEN     integral  4     'd0       
  AWSIZE    integral  3     'd0       
  AWBURST   integral  2     'd0       
  WID       integral  4     'd0       
  BID       integral  4     'd0       
  BRESP     integral  2     'd0       
  ARID      integral  4     'd6       
  ARADDR    integral  32    'd943     
  ARLEN     integral  4     'd3       
  ARSIZE    integral  3     'd2       
  ARBURST   integral  2     'd0       
  RID       integral  4     'd6       
  RDATA[0]  integral  32    'hcdc0cee 
  RRESP[0]  integral  2     'd0       
  RDATA[1]  integral  32    'h80676fb5
  RRESP[1]  integral  2     'd0       
  RDATA[2]  integral  32    'he5e48832
  RRESP[2]  integral  2     'd0       
  RDATA[3]  integral  32    'h84b262d6
  RRESP[3]  integral  2     'd0       
--------------------------------------

UVM_INFO ../tb/sb.sv(98) @ 1375000: uvm_test_top.env.sb[0] [scoreboard] Data Matched
UVM_INFO ../Interface/interface.sv(158) @ 1375000: reporter [Property Write response Handshake] 
bready went low after handshake
UVM_INFO ../Interface/interface.sv(168) @ 1385000: reporter [Property Read Data Handshake] 
rready went low after handshake
UVM_INFO ../Slave_agent/slave_driver.sv(172) @ 1465000: uvm_test_top.env.s_agt_top.s_agt[0].s_drvh [slave_driver] 
Got RREADY
UVM_INFO ../Interface/interface.sv(168) @ 1475000: reporter [Property Read Data Handshake] 
rready went low after handshake
UVM_INFO ../Slave_agent/slave_driver.sv(172) @ 1505000: uvm_test_top.env.s_agt_top.s_agt[0].s_drvh [slave_driver] 
Got RREADY
UVM_INFO ../Interface/interface.sv(168) @ 1515000: reporter [Property Read Data Handshake] 
rready went low after handshake
UVM_INFO ../Slave_agent/slave_driver.sv(172) @ 1545000: uvm_test_top.env.s_agt_top.s_agt[0].s_drvh [slave_driver] 
Got RREADY
UVM_INFO ../Interface/interface.sv(168) @ 1555000: reporter [Property Read Data Handshake] 
rready went low after handshake
UVM_INFO ../Slave_agent/slave_driver.sv(165) @ 1575000: uvm_test_top.env.s_agt_top.s_agt[0].s_drvh [slave_driver] 

Asserting RLAST
UVM_INFO ../Slave_agent/slave_driver.sv(172) @ 1585000: uvm_test_top.env.s_agt_top.s_agt[0].s_drvh [slave_driver] 
Got RREADY
UVM_INFO ../Master_agent/master_monitor.sv(175) @ 1585000: uvm_test_top.env.m_agt_top.m_agt[0].m_monh [master_monitor] The Read Transaction Data 
--------------------------------------
Name        Type      Size  Value     
--------------------------------------
rtx         txn       -     @1279     
  AWID      integral  4     'd0       
  AWADDR    integral  32    'd0       
  AWLEN     integral  4     'd0       
  AWSIZE    integral  3     'd0       
  AWBURST   integral  2     'd0       
  WID       integral  4     'd0       
  BID       integral  4     'd0       
  BRESP     integral  2     'd0       
  ARID      integral  4     14        
  ARADDR    integral  32    'd2066    
  ARLEN     integral  4     'd3       
  ARSIZE    integral  3     'd2       
  ARBURST   integral  2     'd0       
  RID       integral  4     14        
  RDATA[0]  integral  32    'hffab1874
  RRESP[0]  integral  2     'd0       
  RDATA[1]  integral  32    'h4ba3d00e
  RRESP[1]  integral  2     'd0       
  RDATA[2]  integral  32    'h476a2b08
  RRESP[2]  integral  2     'd0       
  RDATA[3]  integral  32    'ha16a76af
  RRESP[3]  integral  2     'd0       
--------------------------------------

UVM_INFO ../Slave_agent/slave_monitor.sv(171) @ 1585000: uvm_test_top.env.s_agt_top.s_agt[0].s_monh [slave_monitor] The Read Transaction Data 
--------------------------------------
Name        Type      Size  Value     
--------------------------------------
rtx         txn       -     @1283     
  AWID      integral  4     'd0       
  AWADDR    integral  32    'd0       
  AWLEN     integral  4     'd0       
  AWSIZE    integral  3     'd0       
  AWBURST   integral  2     'd0       
  WID       integral  4     'd0       
  BID       integral  4     'd0       
  BRESP     integral  2     'd0       
  ARID      integral  4     14        
  ARADDR    integral  32    'd2066    
  ARLEN     integral  4     'd3       
  ARSIZE    integral  3     'd2       
  ARBURST   integral  2     'd0       
  RID       integral  4     14        
  RDATA[0]  integral  32    'hffab1874
  RRESP[0]  integral  2     'd0       
  RDATA[1]  integral  32    'h4ba3d00e
  RRESP[1]  integral  2     'd0       
  RDATA[2]  integral  32    'h476a2b08
  RRESP[2]  integral  2     'd0       
  RDATA[3]  integral  32    'ha16a76af
  RRESP[3]  integral  2     'd0       
--------------------------------------

UVM_INFO ../tb/sb.sv(98) @ 1585000: uvm_test_top.env.sb[0] [scoreboard] Data Matched
UVM_INFO ../Interface/interface.sv(168) @ 1595000: reporter [Property Read Data Handshake] 
rready went low after handshake
UVM_INFO ../Slave_agent/slave_driver.sv(172) @ 1675000: uvm_test_top.env.s_agt_top.s_agt[0].s_drvh [slave_driver] 
Got RREADY
UVM_INFO ../Interface/interface.sv(168) @ 1685000: reporter [Property Read Data Handshake] 
rready went low after handshake
UVM_INFO ../Slave_agent/slave_driver.sv(172) @ 1715000: uvm_test_top.env.s_agt_top.s_agt[0].s_drvh [slave_driver] 
Got RREADY
UVM_INFO ../Interface/interface.sv(168) @ 1725000: reporter [Property Read Data Handshake] 
rready went low after handshake
UVM_INFO ../Slave_agent/slave_driver.sv(172) @ 1755000: uvm_test_top.env.s_agt_top.s_agt[0].s_drvh [slave_driver] 
Got RREADY
UVM_INFO ../Slave_agent/slave_driver.sv(165) @ 1765000: uvm_test_top.env.s_agt_top.s_agt[0].s_drvh [slave_driver] 

Asserting RLAST
UVM_INFO ../Interface/interface.sv(168) @ 1765000: reporter [Property Read Data Handshake] 
rready went low after handshake
UVM_INFO ../Slave_agent/slave_driver.sv(172) @ 1795000: uvm_test_top.env.s_agt_top.s_agt[0].s_drvh [slave_driver] 
Got RREADY
UVM_INFO ../Master_agent/master_monitor.sv(175) @ 1795000: uvm_test_top.env.m_agt_top.m_agt[0].m_monh [master_monitor] The Read Transaction Data 
--------------------------------------
Name        Type      Size  Value     
--------------------------------------
rtx         txn       -     @1307     
  AWID      integral  4     'd0       
  AWADDR    integral  32    'd0       
  AWLEN     integral  4     'd0       
  AWSIZE    integral  3     'd0       
  AWBURST   integral  2     'd0       
  WID       integral  4     'd0       
  BID       integral  4     'd0       
  BRESP     integral  2     'd0       
  ARID      integral  4     13        
  ARADDR    integral  32    'd2393    
  ARLEN     integral  4     'd3       
  ARSIZE    integral  3     'd0       
  ARBURST   integral  2     'd0       
  RID       integral  4     13        
  RDATA[0]  integral  32    'hcf52cf45
  RRESP[0]  integral  2     'd0       
  RDATA[1]  integral  32    'hbb91ccd5
  RRESP[1]  integral  2     'd0       
  RDATA[2]  integral  32    'h759e6853
  RRESP[2]  integral  2     'd0       
  RDATA[3]  integral  32    'h637a49f2
  RRESP[3]  integral  2     'd0       
--------------------------------------

UVM_INFO ../Slave_agent/slave_monitor.sv(171) @ 1795000: uvm_test_top.env.s_agt_top.s_agt[0].s_monh [slave_monitor] The Read Transaction Data 
--------------------------------------
Name        Type      Size  Value     
--------------------------------------
rtx         txn       -     @1311     
  AWID      integral  4     'd0       
  AWADDR    integral  32    'd0       
  AWLEN     integral  4     'd0       
  AWSIZE    integral  3     'd0       
  AWBURST   integral  2     'd0       
  WID       integral  4     'd0       
  BID       integral  4     'd0       
  BRESP     integral  2     'd0       
  ARID      integral  4     13        
  ARADDR    integral  32    'd2393    
  ARLEN     integral  4     'd3       
  ARSIZE    integral  3     'd0       
  ARBURST   integral  2     'd0       
  RID       integral  4     13        
  RDATA[0]  integral  32    'hcf52cf45
  RRESP[0]  integral  2     'd0       
  RDATA[1]  integral  32    'hbb91ccd5
  RRESP[1]  integral  2     'd0       
  RDATA[2]  integral  32    'h759e6853
  RRESP[2]  integral  2     'd0       
  RDATA[3]  integral  32    'h637a49f2
  RRESP[3]  integral  2     'd0       
--------------------------------------

UVM_INFO ../tb/sb.sv(98) @ 1795000: uvm_test_top.env.sb[0] [scoreboard] Data Matched
UVM_INFO ../Interface/interface.sv(168) @ 1805000: reporter [Property Read Data Handshake] 
rready went low after handshake
UVM_INFO ../Slave_agent/slave_driver.sv(172) @ 1855000: uvm_test_top.env.s_agt_top.s_agt[0].s_drvh [slave_driver] 
Got RREADY
UVM_INFO ../Interface/interface.sv(168) @ 1865000: reporter [Property Read Data Handshake] 
rready went low after handshake
UVM_INFO ../Slave_agent/slave_driver.sv(172) @ 1895000: uvm_test_top.env.s_agt_top.s_agt[0].s_drvh [slave_driver] 
Got RREADY
UVM_INFO ../Interface/interface.sv(168) @ 1905000: reporter [Property Read Data Handshake] 
rready went low after handshake
UVM_INFO ../Slave_agent/slave_driver.sv(172) @ 1945000: uvm_test_top.env.s_agt_top.s_agt[0].s_drvh [slave_driver] 
Got RREADY
UVM_INFO ../Interface/interface.sv(168) @ 1955000: reporter [Property Read Data Handshake] 
rready went low after handshake
UVM_INFO ../Slave_agent/slave_driver.sv(165) @ 1965000: uvm_test_top.env.s_agt_top.s_agt[0].s_drvh [slave_driver] 

Asserting RLAST
UVM_INFO ../Slave_agent/slave_driver.sv(172) @ 2005000: uvm_test_top.env.s_agt_top.s_agt[0].s_drvh [slave_driver] 
Got RREADY
UVM_INFO ../Master_agent/master_monitor.sv(175) @ 2005000: uvm_test_top.env.m_agt_top.m_agt[0].m_monh [master_monitor] The Read Transaction Data 
--------------------------------------
Name        Type      Size  Value     
--------------------------------------
rtx         txn       -     @1327     
  AWID      integral  4     'd0       
  AWADDR    integral  32    'd0       
  AWLEN     integral  4     'd0       
  AWSIZE    integral  3     'd0       
  AWBURST   integral  2     'd0       
  WID       integral  4     'd0       
  BID       integral  4     'd0       
  BRESP     integral  2     'd0       
  ARID      integral  4     'd2       
  ARADDR    integral  32    'd3400    
  ARLEN     integral  4     'd3       
  ARSIZE    integral  3     'd2       
  ARBURST   integral  2     'd0       
  RID       integral  4     'd2       
  RDATA[0]  integral  32    'h71e10580
  RRESP[0]  integral  2     'd0       
  RDATA[1]  integral  32    'h95a37424
  RRESP[1]  integral  2     'd0       
  RDATA[2]  integral  32    'hf09e07e0
  RRESP[2]  integral  2     'd0       
  RDATA[3]  integral  32    'h6507d210
  RRESP[3]  integral  2     'd0       
--------------------------------------

UVM_INFO ../Slave_agent/slave_monitor.sv(171) @ 2005000: uvm_test_top.env.s_agt_top.s_agt[0].s_monh [slave_monitor] The Read Transaction Data 
--------------------------------------
Name        Type      Size  Value     
--------------------------------------
rtx         txn       -     @1331     
  AWID      integral  4     'd0       
  AWADDR    integral  32    'd0       
  AWLEN     integral  4     'd0       
  AWSIZE    integral  3     'd0       
  AWBURST   integral  2     'd0       
  WID       integral  4     'd0       
  BID       integral  4     'd0       
  BRESP     integral  2     'd0       
  ARID      integral  4     'd2       
  ARADDR    integral  32    'd3400    
  ARLEN     integral  4     'd3       
  ARSIZE    integral  3     'd2       
  ARBURST   integral  2     'd0       
  RID       integral  4     'd2       
  RDATA[0]  integral  32    'h71e10580
  RRESP[0]  integral  2     'd0       
  RDATA[1]  integral  32    'h95a37424
  RRESP[1]  integral  2     'd0       
  RDATA[2]  integral  32    'hf09e07e0
  RRESP[2]  integral  2     'd0       
  RDATA[3]  integral  32    'h6507d210
  RRESP[3]  integral  2     'd0       
--------------------------------------

UVM_INFO ../tb/sb.sv(98) @ 2005000: uvm_test_top.env.sb[0] [scoreboard] Data Matched
UVM_INFO ../Interface/interface.sv(168) @ 2015000: reporter [Property Read Data Handshake] 
rready went low after handshake
UVM_INFO /home/cad/eda/SYNOPSYS/VCS/vcs/T-2022.06-SP1/etc/uvm/base/uvm_objection.svh(1274) @ 2055000: reporter [TEST_DONE] 'run' phase is ready to proceed to the 'extract' phase

--- UVM Report Summary ---

** Report counts by severity
UVM_INFO :  313
UVM_WARNING :    0
UVM_ERROR :    0
UVM_FATAL :    0
** Report counts by id
[Property Read Address Handshake]    10
[Property Read Data Handshake]    40
[Property Write Address Handshake]    10
[Property Write Data Handshake]    40
[Property Write response Handshake]    10
[RNTST]     1
[TEST_DONE]     1
[UVMTOP]     1
[master_driver]    60
[master_monitor]    20
[scoreboard]    50
[slave_driver]    50
[slave_monitor]    20
$finish called from file "/home/cad/eda/SYNOPSYS/VCS/vcs/T-2022.06-SP1/etc/uvm/base/uvm_root.svh", line 437.
$finish at simulation time              2055000
"../Interface/interface.sv", 173: top.intrf.prp6, 206 attempts, 10 match
"../Interface/interface.sv", 174: top.intrf.prp7, 206 attempts, 40 match
"../Interface/interface.sv", 175: top.intrf.prp8, 206 attempts, 10 match
"../Interface/interface.sv", 176: top.intrf.prp9, 206 attempts, 10 match
"../Interface/interface.sv", 177: top.intrf.prp10, 206 attempts, 40 match
"../Interface/interface.sv", 178: top.intrf.prp11, 206 attempts, 15 match
"../Interface/interface.sv", 179: top.intrf.prp12, 206 attempts, 10 match
"../Interface/interface.sv", 180: top.intrf.prp13, 206 attempts, 22 match
           V C S   S i m u l a t i o n   R e p o r t 
Time: 2055000 ps
CPU Time:      0.480 seconds;       Data structure size:   0.7Mb
Sat May 16 20:20:45 2026
Command: /home1/B123/KDHaneesh/AXI_VIP_copy/sim/./simv -a vcs.log +fsdbfile+wave3.fsdb -cm_dir ./mem_cov3 +ntb_random_seed_automatic +UVM_TESTNAME=incr_test +UVM_VERBOSITY=UVM_LOW
Chronologic VCS simulator copyright 1991-2022
Contains Synopsys proprietary information.
Compiler version T-2022.06-SP1_Full64; Runtime version T-2022.06-SP1_Full64;  May 16 20:20 2026
NOTE: automatic random seed used: 1463533851
----------------------------------------------------------------
UVM-1.1d.Synopsys
(C) 2007-2013 Mentor Graphics Corporation
(C) 2007-2013 Cadence Design Systems, Inc.
(C) 2006-2013 Synopsys, Inc.
(C) 2011-2013 Cypress Semiconductor Corp.
----------------------------------------------------------------

  ***********       IMPORTANT RELEASE NOTES         ************

  You are using a version of the UVM library that has been compiled
  with `UVM_NO_DEPRECATED undefined.
  See http://www.eda.org/svdb/view.php?id=3313 for more details.

  You are using a version of the UVM library that has been compiled
  with `UVM_OBJECT_MUST_HAVE_CONSTRUCTOR undefined.
  See http://www.eda.org/svdb/view.php?id=3770 for more details.

      (Specify +UVM_NO_RELNOTES to turn off this notice)

*Verdi* Loading libsscore_vcs202206.so
FSDB Dumper for VCS, Release Verdi_T-2022.06-SP1, Linux x86_64/64bit, 08/28/2022
(C) 1996 - 2022 by Synopsys, Inc.
*Verdi* : Create FSDB file 'wave3.fsdb'
*Verdi* : Begin traversing the scope (top), layer (0).
*Verdi* : End of traversing.
UVM_INFO @ 0: reporter [RNTST] Running test incr_test...
UVM_INFO @ 0: reporter [UVMTOP] UVM testbench topology:
--------------------------------------------------------------------
Name                         Type                        Size  Value
--------------------------------------------------------------------
uvm_test_top                 incr_test                   -     @464 
  env                        env                         -     @473 
    m_agt_top                master_agent_top            -     @601 
      m_agt[0]               master_agent                -     @628 
        m_drvh               master_driver               -     @771 
          rsp_port           uvm_analysis_port           -     @788 
          seq_item_port      uvm_seq_item_pull_port      -     @779 
        m_monh               master_monitor              -     @797 
          m_ap               uvm_analysis_port           -     @805 
        m_seqrh              master_sequencer            -     @648 
          rsp_export         uvm_analysis_export         -     @656 
          seq_item_export    uvm_seq_item_pull_imp       -     @762 
          arbitration_queue  array                       0     -    
          lock_queue         array                       0     -    
          num_last_reqs      integral                    32    'd1  
          num_last_rsps      integral                    32    'd1  
    s_agt_top                slave_agent_top             -     @609 
      s_agt[0]               slave_agent                 -     @822 
        s_drvh               slave_driver                -     @963 
          rsp_port           uvm_analysis_port           -     @980 
          seq_item_port      uvm_seq_item_pull_port      -     @971 
        s_monh               slave_monitor               -     @989 
          s_ap               uvm_analysis_port           -     @997 
        s_seqrh              slave_sequencer             -     @840 
          rsp_export         uvm_analysis_export         -     @848 
          seq_item_export    uvm_seq_item_pull_imp       -     @954 
          arbitration_queue  array                       0     -    
          lock_queue         array                       0     -    
          num_last_reqs      integral                    32    'd1  
          num_last_rsps      integral                    32    'd1  
    sb[0]                    scoreboard                  -     @487 
      m_fifo                 uvm_tlm_analysis_fifo #(T)  -     @495 
        analysis_export      uvm_analysis_imp            -     @539 
        get_ap               uvm_analysis_port           -     @530 
        get_peek_export      uvm_get_peek_imp            -     @512 
        put_ap               uvm_analysis_port           -     @521 
        put_export           uvm_put_imp                 -     @503 
      s_fifo                 uvm_tlm_analysis_fifo #(T)  -     @548 
        analysis_export      uvm_analysis_imp            -     @592 
        get_ap               uvm_analysis_port           -     @583 
        get_peek_export      uvm_get_peek_imp            -     @565 
        put_ap               uvm_analysis_port           -     @574 
        put_export           uvm_put_imp                 -     @556 
--------------------------------------------------------------------

UVM_INFO ../Master_agent/master_driver.sv(112) @ 0: uvm_test_top.env.m_agt_top.m_agt[0].m_drvh [master_driver] 

Write Address and Control signals driven are 
 AWID : 8 
 Address : 2313 
 AWLEN : 1 
 AWSIZE : 2 
 AWBURST : 1
UVM_INFO ../Master_agent/master_driver.sv(179) @ 0: uvm_test_top.env.m_agt_top.m_agt[0].m_drvh [master_driver] 

Read Address and Control signal driven are
 ARID : 9 
 ARADDRESS : 1789 
 ARLEN : 6 
 ARSIZE : 1 
 ARBURST : 1
UVM_INFO ../tb/sb.sv(98) @ 15000: uvm_test_top.env.sb[0] [scoreboard] Data Matched
UVM_INFO ../tb/sb.sv(98) @ 15000: uvm_test_top.env.sb[0] [scoreboard] Data Matched
UVM_INFO ../Master_agent/master_driver.sv(112) @ 25000: uvm_test_top.env.m_agt_top.m_agt[0].m_drvh [master_driver] 

Write Address and Control signals driven are 
 AWID : 9 
 Address : 3123 
 AWLEN : 15 
 AWSIZE : 0 
 AWBURST : 1
UVM_INFO ../Master_agent/master_driver.sv(179) @ 25000: uvm_test_top.env.m_agt_top.m_agt[0].m_drvh [master_driver] 

Read Address and Control signal driven are
 ARID : 2 
 ARADDRESS : 3042 
 ARLEN : 15 
 ARSIZE : 0 
 ARBURST : 1
UVM_INFO ../Interface/interface.sv(148) @ 25000: reporter [Property Write Address Handshake] 
Awready went low after handshake
UVM_INFO ../Interface/interface.sv(163) @ 25000: reporter [Property Read Address Handshake] 
Arready went low after handshake
UVM_INFO ../tb/sb.sv(98) @ 45000: uvm_test_top.env.sb[0] [scoreboard] Data Matched
UVM_INFO ../Master_agent/master_driver.sv(133) @ 45000: uvm_test_top.env.m_agt_top.m_agt[0].m_drvh [master_driver] 
WDATA[0] : e01cd39d | WSTRB[0] : e
UVM_INFO ../tb/sb.sv(98) @ 55000: uvm_test_top.env.sb[0] [scoreboard] Data Matched
UVM_INFO ../Slave_agent/slave_driver.sv(172) @ 55000: uvm_test_top.env.s_agt_top.s_agt[0].s_drvh [slave_driver] 
Got RREADY
UVM_INFO ../Master_agent/master_driver.sv(179) @ 55000: uvm_test_top.env.m_agt_top.m_agt[0].m_drvh [master_driver] 

Read Address and Control signal driven are
 ARID : 11 
 ARADDRESS : 1806 
 ARLEN : 6 
 ARSIZE : 1 
 ARBURST : 1
UVM_INFO ../Interface/interface.sv(163) @ 55000: reporter [Property Read Address Handshake] 
Arready went low after handshake
UVM_INFO ../Master_agent/master_driver.sv(133) @ 65000: uvm_test_top.env.m_agt_top.m_agt[0].m_drvh [master_driver] 
WDATA[1] : 200ce0b9 | WSTRB[1] : f
UVM_INFO ../Interface/interface.sv(148) @ 65000: reporter [Property Write Address Handshake] 
Awready went low after handshake
UVM_INFO ../Interface/interface.sv(153) @ 65000: reporter [Property Write Data Handshake] 
wready went low after handshake
UVM_INFO ../Interface/interface.sv(168) @ 65000: reporter [Property Read Data Handshake] 
rready went low after handshake
UVM_INFO ../tb/sb.sv(98) @ 85000: uvm_test_top.env.sb[0] [scoreboard] Data Matched
UVM_INFO ../Master_agent/master_driver.sv(112) @ 95000: uvm_test_top.env.m_agt_top.m_agt[0].m_drvh [master_driver] 

Write Address and Control signals driven are 
 AWID : 3 
 Address : 1400 
 AWLEN : 7 
 AWSIZE : 2 
 AWBURST : 1
UVM_INFO ../Interface/interface.sv(153) @ 95000: reporter [Property Write Data Handshake] 
wready went low after handshake
UVM_INFO ../Slave_agent/slave_driver.sv(172) @ 105000: uvm_test_top.env.s_agt_top.s_agt[0].s_drvh [slave_driver] 
Got RREADY
UVM_INFO ../tb/sb.sv(98) @ 105000: uvm_test_top.env.sb[0] [scoreboard] Data Matched
UVM_INFO ../tb/sb.sv(98) @ 105000: uvm_test_top.env.sb[0] [scoreboard] Data Matched
UVM_INFO ../Interface/interface.sv(148) @ 115000: reporter [Property Write Address Handshake] 
Awready went low after handshake
UVM_INFO ../Interface/interface.sv(163) @ 115000: reporter [Property Read Address Handshake] 
Arready went low after handshake
UVM_INFO ../Interface/interface.sv(168) @ 115000: reporter [Property Read Data Handshake] 
rready went low after handshake
UVM_INFO ../Master_agent/master_driver.sv(112) @ 125000: uvm_test_top.env.m_agt_top.m_agt[0].m_drvh [master_driver] 

Write Address and Control signals driven are 
 AWID : 13 
 Address : 441 
 AWLEN : 7 
 AWSIZE : 0 
 AWBURST : 1
UVM_INFO ../Master_agent/master_monitor.sv(140) @ 135000: uvm_test_top.env.m_agt_top.m_agt[0].m_monh [master_monitor] The Write Transaction Data 
--------------------------------------
Name        Type      Size  Value     
--------------------------------------
wtx         txn       -     @1026     
  AWID      integral  4     8         
  AWADDR    integral  32    'd2313    
  AWLEN     integral  4     'd1       
  AWSIZE    integral  3     'd2       
  AWBURST   integral  2     'd1       
  WID       integral  4     8         
  WDATA[0]  integral  32    'he01cd39d
  WSTRB[0]  integral  4     'b1110    
  WDATA[1]  integral  32    'h200ce0b9
  WSTRB[1]  integral  4     'b1111    
  BID       integral  4     8         
  BRESP     integral  2     'd0       
  ARID      integral  4     'd0       
  ARADDR    integral  32    'd0       
  ARLEN     integral  4     'd0       
  ARSIZE    integral  3     'd0       
  ARBURST   integral  2     'd0       
  RID       integral  4     'd0       
--------------------------------------

UVM_INFO ../Slave_agent/slave_monitor.sv(138) @ 135000: uvm_test_top.env.s_agt_top.s_agt[0].s_monh [slave_monitor] The Write Transaction Data 
--------------------------------------
Name        Type      Size  Value     
--------------------------------------
wtx         txn       -     @1042     
  AWID      integral  4     8         
  AWADDR    integral  32    'd2313    
  AWLEN     integral  4     'd1       
  AWSIZE    integral  3     'd2       
  AWBURST   integral  2     'd1       
  WID       integral  4     8         
  WDATA[0]  integral  32    'he01cd39d
  WSTRB[0]  integral  4     'b1110    
  WDATA[1]  integral  32    'h200ce0b9
  WSTRB[1]  integral  4     'b1111    
  BID       integral  4     8         
  BRESP     integral  2     'd0       
  ARID      integral  4     'd0       
  ARADDR    integral  32    'd0       
  ARLEN     integral  4     'd0       
  ARSIZE    integral  3     'd0       
  ARBURST   integral  2     'd0       
  RID       integral  4     'd0       
--------------------------------------

UVM_INFO ../tb/sb.sv(98) @ 135000: uvm_test_top.env.sb[0] [scoreboard] Data Matched
UVM_INFO ../Master_agent/master_driver.sv(133) @ 135000: uvm_test_top.env.m_agt_top.m_agt[0].m_drvh [master_driver] 
WDATA[0] : 8858cfc7 | WSTRB[0] : 8
UVM_INFO ../Master_agent/master_driver.sv(179) @ 135000: uvm_test_top.env.m_agt_top.m_agt[0].m_drvh [master_driver] 

Read Address and Control signal driven are
 ARID : 1 
 ARADDRESS : 3564 
 ARLEN : 9 
 ARSIZE : 0 
 ARBURST : 1
UVM_INFO ../tb/sb.sv(98) @ 145000: uvm_test_top.env.sb[0] [scoreboard] Data Matched
UVM_INFO ../tb/sb.sv(98) @ 145000: uvm_test_top.env.sb[0] [scoreboard] Data Matched
UVM_INFO ../Interface/interface.sv(158) @ 145000: reporter [Property Write response Handshake] 
bready went low after handshake
UVM_INFO ../Interface/interface.sv(148) @ 155000: reporter [Property Write Address Handshake] 
Awready went low after handshake
UVM_INFO ../Interface/interface.sv(153) @ 155000: reporter [Property Write Data Handshake] 
wready went low after handshake
UVM_INFO ../Interface/interface.sv(163) @ 155000: reporter [Property Read Address Handshake] 
Arready went low after handshake
UVM_INFO ../Slave_agent/slave_driver.sv(172) @ 165000: uvm_test_top.env.s_agt_top.s_agt[0].s_drvh [slave_driver] 
Got RREADY
UVM_INFO ../Master_agent/master_driver.sv(133) @ 165000: uvm_test_top.env.m_agt_top.m_agt[0].m_drvh [master_driver] 
WDATA[1] : a4b3726f | WSTRB[1] : 1
UVM_INFO ../Master_agent/master_driver.sv(112) @ 175000: uvm_test_top.env.m_agt_top.m_agt[0].m_drvh [master_driver] 

Write Address and Control signals driven are 
 AWID : 14 
 Address : 3277 
 AWLEN : 8 
 AWSIZE : 0 
 AWBURST : 1
UVM_INFO ../Interface/interface.sv(168) @ 175000: reporter [Property Read Data Handshake] 
rready went low after handshake
UVM_INFO ../tb/sb.sv(98) @ 185000: uvm_test_top.env.sb[0] [scoreboard] Data Matched
UVM_INFO ../Master_agent/master_driver.sv(133) @ 185000: uvm_test_top.env.m_agt_top.m_agt[0].m_drvh [master_driver] 
WDATA[2] : a024b69c | WSTRB[2] : 2
UVM_INFO ../Master_agent/master_driver.sv(179) @ 185000: uvm_test_top.env.m_agt_top.m_agt[0].m_drvh [master_driver] 

Read Address and Control signal driven are
 ARID : 3 
 ARADDRESS : 302 
 ARLEN : 1 
 ARSIZE : 1 
 ARBURST : 1
UVM_INFO ../Interface/interface.sv(153) @ 185000: reporter [Property Write Data Handshake] 
wready went low after handshake
UVM_INFO ../tb/sb.sv(98) @ 195000: uvm_test_top.env.sb[0] [scoreboard] Data Matched
UVM_INFO ../Interface/interface.sv(148) @ 195000: reporter [Property Write Address Handshake] 
Awready went low after handshake
UVM_INFO ../Master_agent/master_driver.sv(112) @ 205000: uvm_test_top.env.m_agt_top.m_agt[0].m_drvh [master_driver] 

Write Address and Control signals driven are 
 AWID : 5 
 Address : 2772 
 AWLEN : 3 
 AWSIZE : 2 
 AWBURST : 1
UVM_INFO ../Interface/interface.sv(153) @ 205000: reporter [Property Write Data Handshake] 
wready went low after handshake
UVM_INFO ../Interface/interface.sv(163) @ 205000: reporter [Property Read Address Handshake] 
Arready went low after handshake
UVM_INFO ../Slave_agent/slave_driver.sv(172) @ 215000: uvm_test_top.env.s_agt_top.s_agt[0].s_drvh [slave_driver] 
Got RREADY
UVM_INFO ../Master_agent/master_driver.sv(133) @ 215000: uvm_test_top.env.m_agt_top.m_agt[0].m_drvh [master_driver] 
WDATA[3] : 8fbc8eda | WSTRB[3] : 4
UVM_INFO ../tb/sb.sv(98) @ 225000: uvm_test_top.env.sb[0] [scoreboard] Data Matched
UVM_INFO ../Master_agent/master_driver.sv(179) @ 225000: uvm_test_top.env.m_agt_top.m_agt[0].m_drvh [master_driver] 

Read Address and Control signal driven are
 ARID : 8 
 ARADDRESS : 1893 
 ARLEN : 11 
 ARSIZE : 2 
 ARBURST : 1
UVM_INFO ../Interface/interface.sv(168) @ 225000: reporter [Property Read Data Handshake] 
rready went low after handshake
UVM_INFO ../Master_agent/master_driver.sv(133) @ 235000: uvm_test_top.env.m_agt_top.m_agt[0].m_drvh [master_driver] 
WDATA[4] : 9cbbcfff | WSTRB[4] : 8
UVM_INFO ../Interface/interface.sv(148) @ 235000: reporter [Property Write Address Handshake] 
Awready went low after handshake
UVM_INFO ../Interface/interface.sv(153) @ 235000: reporter [Property Write Data Handshake] 
wready went low after handshake
UVM_INFO ../tb/sb.sv(98) @ 245000: uvm_test_top.env.sb[0] [scoreboard] Data Matched
UVM_INFO ../Slave_agent/slave_driver.sv(172) @ 255000: uvm_test_top.env.s_agt_top.s_agt[0].s_drvh [slave_driver] 
Got RREADY
UVM_INFO ../Interface/interface.sv(163) @ 255000: reporter [Property Read Address Handshake] 
Arready went low after handshake
UVM_INFO ../Master_agent/master_driver.sv(133) @ 265000: uvm_test_top.env.m_agt_top.m_agt[0].m_drvh [master_driver] 
WDATA[5] : 26e3dc36 | WSTRB[5] : 1
UVM_INFO ../Master_agent/master_driver.sv(112) @ 265000: uvm_test_top.env.m_agt_top.m_agt[0].m_drvh [master_driver] 

Write Address and Control signals driven are 
 AWID : 1 
 Address : 1884 
 AWLEN : 9 
 AWSIZE : 2 
 AWBURST : 1
UVM_INFO ../Interface/interface.sv(153) @ 265000: reporter [Property Write Data Handshake] 
wready went low after handshake
UVM_INFO ../Interface/interface.sv(168) @ 265000: reporter [Property Read Data Handshake] 
rready went low after handshake
UVM_INFO ../tb/sb.sv(98) @ 275000: uvm_test_top.env.sb[0] [scoreboard] Data Matched
UVM_INFO ../Master_agent/master_driver.sv(179) @ 275000: uvm_test_top.env.m_agt_top.m_agt[0].m_drvh [master_driver] 

Read Address and Control signal driven are
 ARID : 12 
 ARADDRESS : 343 
 ARLEN : 13 
 ARSIZE : 0 
 ARBURST : 1
UVM_INFO ../Interface/interface.sv(148) @ 285000: reporter [Property Write Address Handshake] 
Awready went low after handshake
UVM_INFO ../Master_agent/master_driver.sv(133) @ 295000: uvm_test_top.env.m_agt_top.m_agt[0].m_drvh [master_driver] 
WDATA[6] : d8453b8e | WSTRB[6] : 2
UVM_INFO ../Interface/interface.sv(153) @ 295000: reporter [Property Write Data Handshake] 
wready went low after handshake
UVM_INFO ../Slave_agent/slave_driver.sv(172) @ 305000: uvm_test_top.env.s_agt_top.s_agt[0].s_drvh [slave_driver] 
Got RREADY
UVM_INFO ../tb/sb.sv(98) @ 305000: uvm_test_top.env.sb[0] [scoreboard] Data Matched
UVM_INFO ../Master_agent/master_driver.sv(112) @ 315000: uvm_test_top.env.m_agt_top.m_agt[0].m_drvh [master_driver] 

Write Address and Control signals driven are 
 AWID : 6 
 Address : 104 
 AWLEN : 6 
 AWSIZE : 1 
 AWBURST : 1
UVM_INFO ../Master_agent/master_driver.sv(179) @ 315000: uvm_test_top.env.m_agt_top.m_agt[0].m_drvh [master_driver] 

Read Address and Control signal driven are
 ARID : 5 
 ARADDRESS : 3128 
 ARLEN : 1 
 ARSIZE : 2 
 ARBURST : 1
UVM_INFO ../Interface/interface.sv(163) @ 315000: reporter [Property Read Address Handshake] 
Arready went low after handshake
UVM_INFO ../Interface/interface.sv(168) @ 315000: reporter [Property Read Data Handshake] 
rready went low after handshake
UVM_INFO ../tb/sb.sv(98) @ 325000: uvm_test_top.env.sb[0] [scoreboard] Data Matched
UVM_INFO ../Slave_agent/slave_driver.sv(165) @ 325000: uvm_test_top.env.s_agt_top.s_agt[0].s_drvh [slave_driver] 

Asserting RLAST
UVM_INFO ../Master_agent/master_driver.sv(133) @ 325000: uvm_test_top.env.m_agt_top.m_agt[0].m_drvh [master_driver] 
WDATA[7] : 2111c643 | WSTRB[7] : 4
UVM_INFO ../Interface/interface.sv(153) @ 325000: reporter [Property Write Data Handshake] 
wready went low after handshake
UVM_INFO ../tb/sb.sv(98) @ 335000: uvm_test_top.env.sb[0] [scoreboard] Data Matched
UVM_INFO ../Slave_agent/slave_driver.sv(172) @ 335000: uvm_test_top.env.s_agt_top.s_agt[0].s_drvh [slave_driver] 
Got RREADY
UVM_INFO ../Master_agent/master_monitor.sv(175) @ 335000: uvm_test_top.env.m_agt_top.m_agt[0].m_monh [master_monitor] The Read Transaction Data 
--------------------------------------
Name        Type      Size  Value     
--------------------------------------
rtx         txn       -     @1030     
  AWID      integral  4     'd0       
  AWADDR    integral  32    'd0       
  AWLEN     integral  4     'd0       
  AWSIZE    integral  3     'd0       
  AWBURST   integral  2     'd0       
  WID       integral  4     'd0       
  BID       integral  4     'd0       
  BRESP     integral  2     'd0       
  ARID      integral  4     9         
  ARADDR    integral  32    'd1789    
  ARLEN     integral  4     'd6       
  ARSIZE    integral  3     'd1       
  ARBURST   integral  2     'd1       
  RID       integral  4     9         
  RDATA[0]  integral  32    'hefb19f63
  RRESP[0]  integral  2     'd0       
  RDATA[1]  integral  32    'h8f6ac68c
  RRESP[1]  integral  2     'd0       
  RDATA[2]  integral  32    'h1d004e88
  RRESP[2]  integral  2     'd0       
  RDATA[3]  integral  32    'h77010a0a
  RRESP[3]  integral  2     'd0       
  RDATA[4]  integral  32    'h553ae763
  RRESP[4]  integral  2     'd0       
  RDATA[5]  integral  32    'h743ad9dd
  RRESP[5]  integral  2     'd0       
  RDATA[6]  integral  32    'h99ece2fb
  RRESP[6]  integral  2     'd0       
--------------------------------------

UVM_INFO ../Slave_agent/slave_monitor.sv(171) @ 335000: uvm_test_top.env.s_agt_top.s_agt[0].s_monh [slave_monitor] The Read Transaction Data 
--------------------------------------
Name        Type      Size  Value     
--------------------------------------
rtx         txn       -     @1046     
  AWID      integral  4     'd0       
  AWADDR    integral  32    'd0       
  AWLEN     integral  4     'd0       
  AWSIZE    integral  3     'd0       
  AWBURST   integral  2     'd0       
  WID       integral  4     'd0       
  BID       integral  4     'd0       
  BRESP     integral  2     'd0       
  ARID      integral  4     9         
  ARADDR    integral  32    'd1789    
  ARLEN     integral  4     'd6       
  ARSIZE    integral  3     'd1       
  ARBURST   integral  2     'd1       
  RID       integral  4     9         
  RDATA[0]  integral  32    'hefb19f63
  RRESP[0]  integral  2     'd0       
  RDATA[1]  integral  32    'h8f6ac68c
  RRESP[1]  integral  2     'd0       
  RDATA[2]  integral  32    'h1d004e88
  RRESP[2]  integral  2     'd0       
  RDATA[3]  integral  32    'h77010a0a
  RRESP[3]  integral  2     'd0       
  RDATA[4]  integral  32    'h553ae763
  RRESP[4]  integral  2     'd0       
  RDATA[5]  integral  32    'h743ad9dd
  RRESP[5]  integral  2     'd0       
  RDATA[6]  integral  32    'h99ece2fb
  RRESP[6]  integral  2     'd0       
--------------------------------------

UVM_INFO ../tb/sb.sv(98) @ 335000: uvm_test_top.env.sb[0] [scoreboard] Data Matched
UVM_INFO ../Interface/interface.sv(148) @ 335000: reporter [Property Write Address Handshake] 
Awready went low after handshake
UVM_INFO ../Master_agent/master_driver.sv(112) @ 345000: uvm_test_top.env.m_agt_top.m_agt[0].m_drvh [master_driver] 

Write Address and Control signals driven are 
 AWID : 9 
 Address : 367 
 AWLEN : 9 
 AWSIZE : 2 
 AWBURST : 1
UVM_INFO ../Master_agent/master_driver.sv(179) @ 345000: uvm_test_top.env.m_agt_top.m_agt[0].m_drvh [master_driver] 

Read Address and Control signal driven are
 ARID : 15 
 ARADDRESS : 3056 
 ARLEN : 7 
 ARSIZE : 0 
 ARBURST : 1
UVM_INFO ../Interface/interface.sv(163) @ 345000: reporter [Property Read Address Handshake] 
Arready went low after handshake
UVM_INFO ../Interface/interface.sv(168) @ 345000: reporter [Property Read Data Handshake] 
rready went low after handshake
UVM_INFO ../tb/sb.sv(98) @ 355000: uvm_test_top.env.sb[0] [scoreboard] Data Matched
UVM_INFO ../Master_agent/master_driver.sv(133) @ 355000: uvm_test_top.env.m_agt_top.m_agt[0].m_drvh [master_driver] 
WDATA[8] : aef9553c | WSTRB[8] : 8
UVM_INFO ../Interface/interface.sv(153) @ 355000: reporter [Property Write Data Handshake] 
wready went low after handshake
UVM_INFO ../Interface/interface.sv(148) @ 365000: reporter [Property Write Address Handshake] 
Awready went low after handshake
UVM_INFO ../tb/sb.sv(98) @ 385000: uvm_test_top.env.sb[0] [scoreboard] Data Matched
UVM_INFO ../Master_agent/master_driver.sv(133) @ 385000: uvm_test_top.env.m_agt_top.m_agt[0].m_drvh [master_driver] 
WDATA[9] : 962e9caa | WSTRB[9] : 1
UVM_INFO ../Interface/interface.sv(153) @ 385000: reporter [Property Write Data Handshake] 
wready went low after handshake
UVM_INFO ../Interface/interface.sv(163) @ 395000: reporter [Property Read Address Handshake] 
Arready went low after handshake
UVM_INFO ../Master_agent/master_driver.sv(133) @ 405000: uvm_test_top.env.m_agt_top.m_agt[0].m_drvh [master_driver] 
WDATA[10] : c2d0a0fd | WSTRB[10] : 2
UVM_INFO ../Master_agent/master_driver.sv(112) @ 405000: uvm_test_top.env.m_agt_top.m_agt[0].m_drvh [master_driver] 

Write Address and Control signals driven are 
 AWID : 14 
 Address : 2478 
 AWLEN : 11 
 AWSIZE : 0 
 AWBURST : 1
UVM_INFO ../Master_agent/master_driver.sv(179) @ 405000: uvm_test_top.env.m_agt_top.m_agt[0].m_drvh [master_driver] 

Read Address and Control signal driven are
 ARID : 10 
 ARADDRESS : 2959 
 ARLEN : 8 
 ARSIZE : 0 
 ARBURST : 1
UVM_INFO ../tb/sb.sv(98) @ 415000: uvm_test_top.env.sb[0] [scoreboard] Data Matched
UVM_INFO ../Slave_agent/slave_driver.sv(172) @ 415000: uvm_test_top.env.s_agt_top.s_agt[0].s_drvh [slave_driver] 
Got RREADY
UVM_INFO ../Interface/interface.sv(153) @ 415000: reporter [Property Write Data Handshake] 
wready went low after handshake
UVM_INFO ../Interface/interface.sv(148) @ 425000: reporter [Property Write Address Handshake] 
Awready went low after handshake
UVM_INFO ../Interface/interface.sv(168) @ 425000: reporter [Property Read Data Handshake] 
rready went low after handshake
UVM_INFO ../tb/sb.sv(98) @ 435000: uvm_test_top.env.sb[0] [scoreboard] Data Matched
UVM_INFO ../Master_agent/master_driver.sv(133) @ 445000: uvm_test_top.env.m_agt_top.m_agt[0].m_drvh [master_driver] 
WDATA[11] : 4770e9a8 | WSTRB[11] : 4
UVM_INFO ../Interface/interface.sv(153) @ 445000: reporter [Property Write Data Handshake] 
wready went low after handshake
UVM_INFO ../Interface/interface.sv(163) @ 445000: reporter [Property Read Address Handshake] 
Arready went low after handshake
UVM_INFO ../Slave_agent/slave_driver.sv(172) @ 455000: uvm_test_top.env.s_agt_top.s_agt[0].s_drvh [slave_driver] 
Got RREADY
UVM_INFO ../Master_agent/master_driver.sv(133) @ 465000: uvm_test_top.env.m_agt_top.m_agt[0].m_drvh [master_driver] 
WDATA[12] : 756acb94 | WSTRB[12] : 8
UVM_INFO ../Interface/interface.sv(168) @ 465000: reporter [Property Read Data Handshake] 
rready went low after handshake
UVM_INFO ../Interface/interface.sv(153) @ 475000: reporter [Property Write Data Handshake] 
wready went low after handshake
UVM_INFO ../Slave_agent/slave_driver.sv(172) @ 505000: uvm_test_top.env.s_agt_top.s_agt[0].s_drvh [slave_driver] 
Got RREADY
UVM_INFO ../Master_agent/master_driver.sv(133) @ 505000: uvm_test_top.env.m_agt_top.m_agt[0].m_drvh [master_driver] 
WDATA[13] : 9ac441b5 | WSTRB[13] : 1
UVM_INFO ../Interface/interface.sv(153) @ 505000: reporter [Property Write Data Handshake] 
wready went low after handshake
UVM_INFO ../Interface/interface.sv(168) @ 515000: reporter [Property Read Data Handshake] 
rready went low after handshake
UVM_INFO ../Master_agent/master_driver.sv(133) @ 525000: uvm_test_top.env.m_agt_top.m_agt[0].m_drvh [master_driver] 
WDATA[14] : 2593d330 | WSTRB[14] : 2
UVM_INFO ../Interface/interface.sv(153) @ 535000: reporter [Property Write Data Handshake] 
wready went low after handshake
UVM_INFO ../Slave_agent/slave_driver.sv(172) @ 555000: uvm_test_top.env.s_agt_top.s_agt[0].s_drvh [slave_driver] 
Got RREADY
UVM_INFO ../Master_agent/master_driver.sv(133) @ 565000: uvm_test_top.env.m_agt_top.m_agt[0].m_drvh [master_driver] 
WDATA[15] : 88dd4323 | WSTRB[15] : 4
UVM_INFO ../Interface/interface.sv(153) @ 565000: reporter [Property Write Data Handshake] 
wready went low after handshake
UVM_INFO ../Interface/interface.sv(168) @ 565000: reporter [Property Read Data Handshake] 
rready went low after handshake
UVM_INFO ../tb/sb.sv(98) @ 585000: uvm_test_top.env.sb[0] [scoreboard] Data Matched
UVM_INFO ../Slave_agent/slave_driver.sv(172) @ 595000: uvm_test_top.env.s_agt_top.s_agt[0].s_drvh [slave_driver] 
Got RREADY
UVM_INFO ../Interface/interface.sv(153) @ 595000: reporter [Property Write Data Handshake] 
wready went low after handshake
UVM_INFO ../Interface/interface.sv(168) @ 605000: reporter [Property Read Data Handshake] 
rready went low after handshake
UVM_INFO ../Master_agent/master_monitor.sv(140) @ 625000: uvm_test_top.env.m_agt_top.m_agt[0].m_monh [master_monitor] The Write Transaction Data 
---------------------------------------
Name         Type      Size  Value     
---------------------------------------
wtx          txn       -     @1102     
  AWID       integral  4     9         
  AWADDR     integral  32    'd3123    
  AWLEN      integral  4     15        
  AWSIZE     integral  3     'd0       
  AWBURST    integral  2     'd1       
  WID        integral  4     9         
  WDATA[0]   integral  32    'h88000000
  WSTRB[0]   integral  4     'b1000    
  WDATA[1]   integral  32    'h6f      
  WSTRB[1]   integral  4     'b1       
  WDATA[2]   integral  32    'hb600    
  WSTRB[2]   integral  4     'b10      
  WDATA[3]   integral  32    'hbc0000  
  WSTRB[3]   integral  4     'b100     
  WDATA[4]   integral  32    'h9c000000
  WSTRB[4]   integral  4     'b1000    
  WDATA[5]   integral  32    'h36      
  WSTRB[5]   integral  4     'b1       
  WDATA[6]   integral  32    'h3b00    
  WSTRB[6]   integral  4     'b10      
  WDATA[7]   integral  32    'h110000  
  WSTRB[7]   integral  4     'b100     
  WDATA[8]   integral  32    'hae000000
  WSTRB[8]   integral  4     'b1000    
  WDATA[9]   integral  32    'haa      
  WSTRB[9]   integral  4     'b1       
  WDATA[10]  integral  32    'ha000    
  WSTRB[10]  integral  4     'b10      
  WDATA[11]  integral  32    'h700000  
  WSTRB[11]  integral  4     'b100     
  WDATA[12]  integral  32    'h75000000
  WSTRB[12]  integral  4     'b1000    
  WDATA[13]  integral  32    'hb5      
  WSTRB[13]  integral  4     'b1       
  WDATA[14]  integral  32    'hd300    
  WSTRB[14]  integral  4     'b10      
  WDATA[15]  integral  32    'hdd0000  
  WSTRB[15]  integral  4     'b100     
  BID        integral  4     9         
  BRESP      integral  2     'd0       
  ARID       integral  4     'd0       
  ARADDR     integral  32    'd0       
  ARLEN      integral  4     'd0       
  ARSIZE     integral  3     'd0       
  ARBURST    integral  2     'd0       
  RID        integral  4     'd0       
---------------------------------------

UVM_INFO ../Slave_agent/slave_monitor.sv(138) @ 625000: uvm_test_top.env.s_agt_top.s_agt[0].s_monh [slave_monitor] The Write Transaction Data 
---------------------------------------
Name         Type      Size  Value     
---------------------------------------
wtx          txn       -     @1110     
  AWID       integral  4     9         
  AWADDR     integral  32    'd3123    
  AWLEN      integral  4     15        
  AWSIZE     integral  3     'd0       
  AWBURST    integral  2     'd1       
  WID        integral  4     9         
  WDATA[0]   integral  32    'h88000000
  WSTRB[0]   integral  4     'b1000    
  WDATA[1]   integral  32    'h6f      
  WSTRB[1]   integral  4     'b1       
  WDATA[2]   integral  32    'hb600    
  WSTRB[2]   integral  4     'b10      
  WDATA[3]   integral  32    'hbc0000  
  WSTRB[3]   integral  4     'b100     
  WDATA[4]   integral  32    'h9c000000
  WSTRB[4]   integral  4     'b1000    
  WDATA[5]   integral  32    'h36      
  WSTRB[5]   integral  4     'b1       
  WDATA[6]   integral  32    'h3b00    
  WSTRB[6]   integral  4     'b10      
  WDATA[7]   integral  32    'h110000  
  WSTRB[7]   integral  4     'b100     
  WDATA[8]   integral  32    'hae000000
  WSTRB[8]   integral  4     'b1000    
  WDATA[9]   integral  32    'haa      
  WSTRB[9]   integral  4     'b1       
  WDATA[10]  integral  32    'ha000    
  WSTRB[10]  integral  4     'b10      
  WDATA[11]  integral  32    'h700000  
  WSTRB[11]  integral  4     'b100     
  WDATA[12]  integral  32    'h75000000
  WSTRB[12]  integral  4     'b1000    
  WDATA[13]  integral  32    'hb5      
  WSTRB[13]  integral  4     'b1       
  WDATA[14]  integral  32    'hd300    
  WSTRB[14]  integral  4     'b10      
  WDATA[15]  integral  32    'hdd0000  
  WSTRB[15]  integral  4     'b100     
  BID        integral  4     9         
  BRESP      integral  2     'd0       
  ARID       integral  4     'd0       
  ARADDR     integral  32    'd0       
  ARLEN      integral  4     'd0       
  ARSIZE     integral  3     'd0       
  ARBURST    integral  2     'd0       
  RID        integral  4     'd0       
---------------------------------------

UVM_INFO ../tb/sb.sv(98) @ 625000: uvm_test_top.env.sb[0] [scoreboard] Data Matched
UVM_INFO ../Slave_agent/slave_driver.sv(172) @ 635000: uvm_test_top.env.s_agt_top.s_agt[0].s_drvh [slave_driver] 
Got RREADY
UVM_INFO ../Master_agent/master_driver.sv(133) @ 635000: uvm_test_top.env.m_agt_top.m_agt[0].m_drvh [master_driver] 
WDATA[0] : 6ff435a5 | WSTRB[0] : f
UVM_INFO ../Interface/interface.sv(158) @ 635000: reporter [Property Write response Handshake] 
bready went low after handshake
UVM_INFO ../Interface/interface.sv(168) @ 645000: reporter [Property Read Data Handshake] 
rready went low after handshake
UVM_INFO ../Master_agent/master_driver.sv(133) @ 655000: uvm_test_top.env.m_agt_top.m_agt[0].m_drvh [master_driver] 
WDATA[1] : b806a1fc | WSTRB[1] : f
UVM_INFO ../Interface/interface.sv(153) @ 655000: reporter [Property Write Data Handshake] 
wready went low after handshake
UVM_INFO ../Slave_agent/slave_driver.sv(172) @ 665000: uvm_test_top.env.s_agt_top.s_agt[0].s_drvh [slave_driver] 
Got RREADY
UVM_INFO ../Master_agent/master_driver.sv(133) @ 675000: uvm_test_top.env.m_agt_top.m_agt[0].m_drvh [master_driver] 
WDATA[2] : 6fe3f2dd | WSTRB[2] : f
UVM_INFO ../Interface/interface.sv(153) @ 675000: reporter [Property Write Data Handshake] 
wready went low after handshake
UVM_INFO ../Interface/interface.sv(168) @ 675000: reporter [Property Read Data Handshake] 
rready went low after handshake
UVM_INFO ../Master_agent/master_driver.sv(133) @ 695000: uvm_test_top.env.m_agt_top.m_agt[0].m_drvh [master_driver] 
WDATA[3] : 2da89749 | WSTRB[3] : f
UVM_INFO ../Interface/interface.sv(153) @ 705000: reporter [Property Write Data Handshake] 
wready went low after handshake
UVM_INFO ../Slave_agent/slave_driver.sv(172) @ 715000: uvm_test_top.env.s_agt_top.s_agt[0].s_drvh [slave_driver] 
Got RREADY
UVM_INFO ../Interface/interface.sv(168) @ 725000: reporter [Property Read Data Handshake] 
rready went low after handshake
UVM_INFO ../Master_agent/master_driver.sv(133) @ 735000: uvm_test_top.env.m_agt_top.m_agt[0].m_drvh [master_driver] 
WDATA[4] : cba44a53 | WSTRB[4] : f
UVM_INFO ../Interface/interface.sv(153) @ 735000: reporter [Property Write Data Handshake] 
wready went low after handshake
UVM_INFO ../Master_agent/master_driver.sv(133) @ 755000: uvm_test_top.env.m_agt_top.m_agt[0].m_drvh [master_driver] 
WDATA[5] : b44f3545 | WSTRB[5] : f
UVM_INFO ../Slave_agent/slave_driver.sv(172) @ 765000: uvm_test_top.env.s_agt_top.s_agt[0].s_drvh [slave_driver] 
Got RREADY
UVM_INFO ../Interface/interface.sv(153) @ 765000: reporter [Property Write Data Handshake] 
wready went low after handshake
UVM_INFO ../Interface/interface.sv(168) @ 775000: reporter [Property Read Data Handshake] 
rready went low after handshake
UVM_INFO ../Master_agent/master_driver.sv(133) @ 785000: uvm_test_top.env.m_agt_top.m_agt[0].m_drvh [master_driver] 
WDATA[6] : 55123563 | WSTRB[6] : f
UVM_INFO ../Interface/interface.sv(153) @ 795000: reporter [Property Write Data Handshake] 
wready went low after handshake
UVM_INFO ../Slave_agent/slave_driver.sv(172) @ 805000: uvm_test_top.env.s_agt_top.s_agt[0].s_drvh [slave_driver] 
Got RREADY
UVM_INFO ../Master_agent/master_driver.sv(133) @ 815000: uvm_test_top.env.m_agt_top.m_agt[0].m_drvh [master_driver] 
WDATA[7] : f16dc0e1 | WSTRB[7] : f
UVM_INFO ../Interface/interface.sv(168) @ 815000: reporter [Property Read Data Handshake] 
rready went low after handshake
UVM_INFO ../Interface/interface.sv(153) @ 825000: reporter [Property Write Data Handshake] 
wready went low after handshake
UVM_INFO ../Slave_agent/slave_driver.sv(172) @ 845000: uvm_test_top.env.s_agt_top.s_agt[0].s_drvh [slave_driver] 
Got RREADY
UVM_INFO ../tb/sb.sv(98) @ 845000: uvm_test_top.env.sb[0] [scoreboard] Data Matched
UVM_INFO ../Interface/interface.sv(153) @ 855000: reporter [Property Write Data Handshake] 
wready went low after handshake
UVM_INFO ../Interface/interface.sv(168) @ 855000: reporter [Property Read Data Handshake] 
rready went low after handshake
UVM_INFO ../Master_agent/master_monitor.sv(140) @ 875000: uvm_test_top.env.m_agt_top.m_agt[0].m_monh [master_monitor] The Write Transaction Data 
--------------------------------------
Name        Type      Size  Value     
--------------------------------------
wtx         txn       -     @1143     
  AWID      integral  4     'd3       
  AWADDR    integral  32    'd1400    
  AWLEN     integral  4     'd7       
  AWSIZE    integral  3     'd2       
  AWBURST   integral  2     'd1       
  WID       integral  4     'd3       
  WDATA[0]  integral  32    'h6ff435a5
  WSTRB[0]  integral  4     'b1111    
  WDATA[1]  integral  32    'hb806a1fc
  WSTRB[1]  integral  4     'b1111    
  WDATA[2]  integral  32    'h6fe3f2dd
  WSTRB[2]  integral  4     'b1111    
  WDATA[3]  integral  32    'h2da89749
  WSTRB[3]  integral  4     'b1111    
  WDATA[4]  integral  32    'hcba44a53
  WSTRB[4]  integral  4     'b1111    
  WDATA[5]  integral  32    'hb44f3545
  WSTRB[5]  integral  4     'b1111    
  WDATA[6]  integral  32    'h55123563
  WSTRB[6]  integral  4     'b1111    
  WDATA[7]  integral  32    'hf16dc0e1
  WSTRB[7]  integral  4     'b1111    
  BID       integral  4     'd3       
  BRESP     integral  2     'd0       
  ARID      integral  4     'd0       
  ARADDR    integral  32    'd0       
  ARLEN     integral  4     'd0       
  ARSIZE    integral  3     'd0       
  ARBURST   integral  2     'd0       
  RID       integral  4     'd0       
--------------------------------------

UVM_INFO ../Slave_agent/slave_monitor.sv(138) @ 875000: uvm_test_top.env.s_agt_top.s_agt[0].s_monh [slave_monitor] The Write Transaction Data 
--------------------------------------
Name        Type      Size  Value     
--------------------------------------
wtx         txn       -     @1147     
  AWID      integral  4     'd3       
  AWADDR    integral  32    'd1400    
  AWLEN     integral  4     'd7       
  AWSIZE    integral  3     'd2       
  AWBURST   integral  2     'd1       
  WID       integral  4     'd3       
  WDATA[0]  integral  32    'h6ff435a5
  WSTRB[0]  integral  4     'b1111    
  WDATA[1]  integral  32    'hb806a1fc
  WSTRB[1]  integral  4     'b1111    
  WDATA[2]  integral  32    'h6fe3f2dd
  WSTRB[2]  integral  4     'b1111    
  WDATA[3]  integral  32    'h2da89749
  WSTRB[3]  integral  4     'b1111    
  WDATA[4]  integral  32    'hcba44a53
  WSTRB[4]  integral  4     'b1111    
  WDATA[5]  integral  32    'hb44f3545
  WSTRB[5]  integral  4     'b1111    
  WDATA[6]  integral  32    'h55123563
  WSTRB[6]  integral  4     'b1111    
  WDATA[7]  integral  32    'hf16dc0e1
  WSTRB[7]  integral  4     'b1111    
  BID       integral  4     'd3       
  BRESP     integral  2     'd0       
  ARID      integral  4     'd0       
  ARADDR    integral  32    'd0       
  ARLEN     integral  4     'd0       
  ARSIZE    integral  3     'd0       
  ARBURST   integral  2     'd0       
  RID       integral  4     'd0       
--------------------------------------

UVM_INFO ../tb/sb.sv(98) @ 875000: uvm_test_top.env.sb[0] [scoreboard] Data Matched
UVM_INFO ../Slave_agent/slave_driver.sv(172) @ 875000: uvm_test_top.env.s_agt_top.s_agt[0].s_drvh [slave_driver] 
Got RREADY
UVM_INFO ../Master_agent/master_driver.sv(133) @ 885000: uvm_test_top.env.m_agt_top.m_agt[0].m_drvh [master_driver] 
WDATA[0] : e518c2d4 | WSTRB[0] : 2
UVM_INFO ../Interface/interface.sv(158) @ 885000: reporter [Property Write response Handshake] 
bready went low after handshake
UVM_INFO ../Interface/interface.sv(168) @ 885000: reporter [Property Read Data Handshake] 
rready went low after handshake
UVM_INFO ../Master_agent/master_driver.sv(133) @ 905000: uvm_test_top.env.m_agt_top.m_agt[0].m_drvh [master_driver] 
WDATA[1] : 967cacee | WSTRB[1] : 4
UVM_INFO ../Interface/interface.sv(153) @ 905000: reporter [Property Write Data Handshake] 
wready went low after handshake
UVM_INFO ../Master_agent/master_driver.sv(133) @ 925000: uvm_test_top.env.m_agt_top.m_agt[0].m_drvh [master_driver] 
WDATA[2] : 38986306 | WSTRB[2] : 8
UVM_INFO ../Interface/interface.sv(153) @ 925000: reporter [Property Write Data Handshake] 
wready went low after handshake
UVM_INFO ../Slave_agent/slave_driver.sv(172) @ 935000: uvm_test_top.env.s_agt_top.s_agt[0].s_drvh [slave_driver] 
Got RREADY
UVM_INFO ../Master_agent/master_driver.sv(133) @ 945000: uvm_test_top.env.m_agt_top.m_agt[0].m_drvh [master_driver] 
WDATA[3] : f1e5788a | WSTRB[3] : 1
UVM_INFO ../Interface/interface.sv(168) @ 945000: reporter [Property Read Data Handshake] 
rready went low after handshake
UVM_INFO ../Interface/interface.sv(153) @ 955000: reporter [Property Write Data Handshake] 
wready went low after handshake
UVM_INFO ../Slave_agent/slave_driver.sv(172) @ 965000: uvm_test_top.env.s_agt_top.s_agt[0].s_drvh [slave_driver] 
Got RREADY
UVM_INFO ../Interface/interface.sv(168) @ 975000: reporter [Property Read Data Handshake] 
rready went low after handshake
UVM_INFO ../Master_agent/master_driver.sv(133) @ 985000: uvm_test_top.env.m_agt_top.m_agt[0].m_drvh [master_driver] 
WDATA[4] : 69a1630a | WSTRB[4] : 2
UVM_INFO ../Interface/interface.sv(153) @ 985000: reporter [Property Write Data Handshake] 
wready went low after handshake
UVM_INFO ../Master_agent/master_driver.sv(133) @ 1005000: uvm_test_top.env.m_agt_top.m_agt[0].m_drvh [master_driver] 
WDATA[5] : 20875167 | WSTRB[5] : 4
UVM_INFO ../Slave_agent/slave_driver.sv(172) @ 1015000: uvm_test_top.env.s_agt_top.s_agt[0].s_drvh [slave_driver] 
Got RREADY
UVM_INFO ../Interface/interface.sv(153) @ 1015000: reporter [Property Write Data Handshake] 
wready went low after handshake
UVM_INFO ../Interface/interface.sv(168) @ 1025000: reporter [Property Read Data Handshake] 
rready went low after handshake
UVM_INFO ../Slave_agent/slave_driver.sv(165) @ 1035000: uvm_test_top.env.s_agt_top.s_agt[0].s_drvh [slave_driver] 

Asserting RLAST
UVM_INFO ../Master_agent/master_driver.sv(133) @ 1035000: uvm_test_top.env.m_agt_top.m_agt[0].m_drvh [master_driver] 
WDATA[6] : 3187f798 | WSTRB[6] : 8
UVM_INFO ../Interface/interface.sv(153) @ 1045000: reporter [Property Write Data Handshake] 
wready went low after handshake
UVM_INFO ../Slave_agent/slave_driver.sv(172) @ 1065000: uvm_test_top.env.s_agt_top.s_agt[0].s_drvh [slave_driver] 
Got RREADY
UVM_INFO ../Master_agent/master_driver.sv(133) @ 1065000: uvm_test_top.env.m_agt_top.m_agt[0].m_drvh [master_driver] 
WDATA[7] : 6a8b5966 | WSTRB[7] : 1
UVM_INFO ../Master_agent/master_monitor.sv(175) @ 1065000: uvm_test_top.env.m_agt_top.m_agt[0].m_monh [master_monitor] The Read Transaction Data 
---------------------------------------
Name         Type      Size  Value     
---------------------------------------
rtx          txn       -     @1106     
  AWID       integral  4     'd0       
  AWADDR     integral  32    'd0       
  AWLEN      integral  4     'd0       
  AWSIZE     integral  3     'd0       
  AWBURST    integral  2     'd0       
  WID        integral  4     'd0       
  BID        integral  4     'd0       
  BRESP      integral  2     'd0       
  ARID       integral  4     'd2       
  ARADDR     integral  32    'd3042    
  ARLEN      integral  4     15        
  ARSIZE     integral  3     'd0       
  ARBURST    integral  2     'd1       
  RID        integral  4     'd2       
  RDATA[0]   integral  32    'hd2ff70f8
  RRESP[0]   integral  2     'd0       
  RDATA[1]   integral  32    'heb8bfd41
  RRESP[1]   integral  2     'd0       
  RDATA[2]   integral  32    'hbc95d1fc
  RRESP[2]   integral  2     'd0       
  RDATA[3]   integral  32    'h3b8ca64e
  RRESP[3]   integral  2     'd0       
  RDATA[4]   integral  32    'hc0643d3e
  RRESP[4]   integral  2     'd0       
  RDATA[5]   integral  32    'hc0ee8984
  RRESP[5]   integral  2     'd0       
  RDATA[6]   integral  32    'h10b9341 
  RRESP[6]   integral  2     'd0       
  RDATA[7]   integral  32    'he1e29cb4
  RRESP[7]   integral  2     'd0       
  RDATA[8]   integral  32    'h37ac8748
  RRESP[8]   integral  2     'd0       
  RDATA[9]   integral  32    'h3afea86a
  RRESP[9]   integral  2     'd0       
  RDATA[10]  integral  32    'h2cc16202
  RRESP[10]  integral  2     'd0       
  RDATA[11]  integral  32    'h540d9684
  RRESP[11]  integral  2     'd0       
  RDATA[12]  integral  32    'hd3a477f2
  RRESP[12]  integral  2     'd0       
  RDATA[13]  integral  32    'hd852d4c7
  RRESP[13]  integral  2     'd0       
  RDATA[14]  integral  32    'h174d7f32
  RRESP[14]  integral  2     'd0       
  RDATA[15]  integral  32    'h962d3c6 
  RRESP[15]  integral  2     'd0       
---------------------------------------

UVM_INFO ../Slave_agent/slave_monitor.sv(171) @ 1065000: uvm_test_top.env.s_agt_top.s_agt[0].s_monh [slave_monitor] The Read Transaction Data 
---------------------------------------
Name         Type      Size  Value     
---------------------------------------
rtx          txn       -     @1114     
  AWID       integral  4     'd0       
  AWADDR     integral  32    'd0       
  AWLEN      integral  4     'd0       
  AWSIZE     integral  3     'd0       
  AWBURST    integral  2     'd0       
  WID        integral  4     'd0       
  BID        integral  4     'd0       
  BRESP      integral  2     'd0       
  ARID       integral  4     'd2       
  ARADDR     integral  32    'd3042    
  ARLEN      integral  4     15        
  ARSIZE     integral  3     'd0       
  ARBURST    integral  2     'd1       
  RID        integral  4     'd2       
  RDATA[0]   integral  32    'hd2ff70f8
  RRESP[0]   integral  2     'd0       
  RDATA[1]   integral  32    'heb8bfd41
  RRESP[1]   integral  2     'd0       
  RDATA[2]   integral  32    'hbc95d1fc
  RRESP[2]   integral  2     'd0       
  RDATA[3]   integral  32    'h3b8ca64e
  RRESP[3]   integral  2     'd0       
  RDATA[4]   integral  32    'hc0643d3e
  RRESP[4]   integral  2     'd0       
  RDATA[5]   integral  32    'hc0ee8984
  RRESP[5]   integral  2     'd0       
  RDATA[6]   integral  32    'h10b9341 
  RRESP[6]   integral  2     'd0       
  RDATA[7]   integral  32    'he1e29cb4
  RRESP[7]   integral  2     'd0       
  RDATA[8]   integral  32    'h37ac8748
  RRESP[8]   integral  2     'd0       
  RDATA[9]   integral  32    'h3afea86a
  RRESP[9]   integral  2     'd0       
  RDATA[10]  integral  32    'h2cc16202
  RRESP[10]  integral  2     'd0       
  RDATA[11]  integral  32    'h540d9684
  RRESP[11]  integral  2     'd0       
  RDATA[12]  integral  32    'hd3a477f2
  RRESP[12]  integral  2     'd0       
  RDATA[13]  integral  32    'hd852d4c7
  RRESP[13]  integral  2     'd0       
  RDATA[14]  integral  32    'h174d7f32
  RRESP[14]  integral  2     'd0       
  RDATA[15]  integral  32    'h962d3c6 
  RRESP[15]  integral  2     'd0       
---------------------------------------

UVM_INFO ../tb/sb.sv(98) @ 1065000: uvm_test_top.env.sb[0] [scoreboard] Data Matched
UVM_INFO ../Interface/interface.sv(153) @ 1075000: reporter [Property Write Data Handshake] 
wready went low after handshake
UVM_INFO ../Interface/interface.sv(168) @ 1075000: reporter [Property Read Data Handshake] 
rready went low after handshake
UVM_INFO ../tb/sb.sv(98) @ 1095000: uvm_test_top.env.sb[0] [scoreboard] Data Matched
UVM_INFO ../Interface/interface.sv(153) @ 1105000: reporter [Property Write Data Handshake] 
wready went low after handshake
UVM_INFO ../Slave_agent/slave_driver.sv(172) @ 1115000: uvm_test_top.env.s_agt_top.s_agt[0].s_drvh [slave_driver] 
Got RREADY
UVM_INFO ../Interface/interface.sv(168) @ 1125000: reporter [Property Read Data Handshake] 
rready went low after handshake
UVM_INFO ../Master_agent/master_monitor.sv(140) @ 1135000: uvm_test_top.env.m_agt_top.m_agt[0].m_monh [master_monitor] The Write Transaction Data 
--------------------------------------
Name        Type      Size  Value     
--------------------------------------
wtx         txn       -     @1159     
  AWID      integral  4     13        
  AWADDR    integral  32    'd441     
  AWLEN     integral  4     'd7       
  AWSIZE    integral  3     'd0       
  AWBURST   integral  2     'd1       
  WID       integral  4     13        
  WDATA[0]  integral  32    'hc200    
  WSTRB[0]  integral  4     'b10      
  WDATA[1]  integral  32    'h7c0000  
  WSTRB[1]  integral  4     'b100     
  WDATA[2]  integral  32    'h38000000
  WSTRB[2]  integral  4     'b1000    
  WDATA[3]  integral  32    'h8a      
  WSTRB[3]  integral  4     'b1       
  WDATA[4]  integral  32    'h6300    
  WSTRB[4]  integral  4     'b10      
  WDATA[5]  integral  32    'h870000  
  WSTRB[5]  integral  4     'b100     
  WDATA[6]  integral  32    'h31000000
  WSTRB[6]  integral  4     'b1000    
  WDATA[7]  integral  32    'h66      
  WSTRB[7]  integral  4     'b1       
  BID       integral  4     13        
  BRESP     integral  2     'd0       
  ARID      integral  4     'd0       
  ARADDR    integral  32    'd0       
  ARLEN     integral  4     'd0       
  ARSIZE    integral  3     'd0       
  ARBURST   integral  2     'd0       
  RID       integral  4     'd0       
--------------------------------------

UVM_INFO ../Slave_agent/slave_monitor.sv(138) @ 1135000: uvm_test_top.env.s_agt_top.s_agt[0].s_monh [slave_monitor] The Write Transaction Data 
--------------------------------------
Name        Type      Size  Value     
--------------------------------------
wtx         txn       -     @1167     
  AWID      integral  4     13        
  AWADDR    integral  32    'd441     
  AWLEN     integral  4     'd7       
  AWSIZE    integral  3     'd0       
  AWBURST   integral  2     'd1       
  WID       integral  4     13        
  WDATA[0]  integral  32    'hc200    
  WSTRB[0]  integral  4     'b10      
  WDATA[1]  integral  32    'h7c0000  
  WSTRB[1]  integral  4     'b100     
  WDATA[2]  integral  32    'h38000000
  WSTRB[2]  integral  4     'b1000    
  WDATA[3]  integral  32    'h8a      
  WSTRB[3]  integral  4     'b1       
  WDATA[4]  integral  32    'h6300    
  WSTRB[4]  integral  4     'b10      
  WDATA[5]  integral  32    'h870000  
  WSTRB[5]  integral  4     'b100     
  WDATA[6]  integral  32    'h31000000
  WSTRB[6]  integral  4     'b1000    
  WDATA[7]  integral  32    'h66      
  WSTRB[7]  integral  4     'b1       
  BID       integral  4     13        
  BRESP     integral  2     'd0       
  ARID      integral  4     'd0       
  ARADDR    integral  32    'd0       
  ARLEN     integral  4     'd0       
  ARSIZE    integral  3     'd0       
  ARBURST   integral  2     'd0       
  RID       integral  4     'd0       
--------------------------------------

UVM_INFO ../tb/sb.sv(98) @ 1135000: uvm_test_top.env.sb[0] [scoreboard] Data Matched
UVM_INFO ../Master_agent/master_driver.sv(133) @ 1135000: uvm_test_top.env.m_agt_top.m_agt[0].m_drvh [master_driver] 
WDATA[0] : 32476cb4 | WSTRB[0] : 2
UVM_INFO ../Interface/interface.sv(158) @ 1145000: reporter [Property Write response Handshake] 
bready went low after handshake
UVM_INFO ../Slave_agent/slave_driver.sv(172) @ 1155000: uvm_test_top.env.s_agt_top.s_agt[0].s_drvh [slave_driver] 
Got RREADY
UVM_INFO ../Interface/interface.sv(153) @ 1155000: reporter [Property Write Data Handshake] 
wready went low after handshake
UVM_INFO ../Master_agent/master_driver.sv(133) @ 1165000: uvm_test_top.env.m_agt_top.m_agt[0].m_drvh [master_driver] 
WDATA[1] : 4f5f9f41 | WSTRB[1] : 4
UVM_INFO ../Interface/interface.sv(168) @ 1165000: reporter [Property Read Data Handshake] 
rready went low after handshake
UVM_INFO ../Interface/interface.sv(153) @ 1185000: reporter [Property Write Data Handshake] 
wready went low after handshake
UVM_INFO ../Master_agent/master_driver.sv(133) @ 1195000: uvm_test_top.env.m_agt_top.m_agt[0].m_drvh [master_driver] 
WDATA[2] : 5709b89c | WSTRB[2] : 8
UVM_INFO ../Slave_agent/slave_driver.sv(172) @ 1205000: uvm_test_top.env.s_agt_top.s_agt[0].s_drvh [slave_driver] 
Got RREADY
UVM_INFO ../Master_agent/master_driver.sv(133) @ 1215000: uvm_test_top.env.m_agt_top.m_agt[0].m_drvh [master_driver] 
WDATA[3] : 55e2d653 | WSTRB[3] : 1
UVM_INFO ../Interface/interface.sv(153) @ 1215000: reporter [Property Write Data Handshake] 
wready went low after handshake
UVM_INFO ../Interface/interface.sv(168) @ 1215000: reporter [Property Read Data Handshake] 
rready went low after handshake
UVM_INFO ../Interface/interface.sv(153) @ 1235000: reporter [Property Write Data Handshake] 
wready went low after handshake
UVM_INFO ../Slave_agent/slave_driver.sv(172) @ 1245000: uvm_test_top.env.s_agt_top.s_agt[0].s_drvh [slave_driver] 
Got RREADY
UVM_INFO ../Master_agent/master_driver.sv(133) @ 1245000: uvm_test_top.env.m_agt_top.m_agt[0].m_drvh [master_driver] 
WDATA[4] : 47f12088 | WSTRB[4] : 2
UVM_INFO ../Interface/interface.sv(168) @ 1255000: reporter [Property Read Data Handshake] 
rready went low after handshake
UVM_INFO ../Interface/interface.sv(153) @ 1265000: reporter [Property Write Data Handshake] 
wready went low after handshake
UVM_INFO ../Master_agent/master_driver.sv(133) @ 1275000: uvm_test_top.env.m_agt_top.m_agt[0].m_drvh [master_driver] 
WDATA[5] : b59486eb | WSTRB[5] : 4
UVM_INFO ../Slave_agent/slave_driver.sv(172) @ 1275000: uvm_test_top.env.s_agt_top.s_agt[0].s_drvh [slave_driver] 
Got RREADY
UVM_INFO ../Interface/interface.sv(168) @ 1285000: reporter [Property Read Data Handshake] 
rready went low after handshake
UVM_INFO ../Interface/interface.sv(153) @ 1295000: reporter [Property Write Data Handshake] 
wready went low after handshake
UVM_INFO ../Master_agent/master_driver.sv(133) @ 1305000: uvm_test_top.env.m_agt_top.m_agt[0].m_drvh [master_driver] 
WDATA[6] : 73c17264 | WSTRB[6] : 8
UVM_INFO ../Slave_agent/slave_driver.sv(172) @ 1325000: uvm_test_top.env.s_agt_top.s_agt[0].s_drvh [slave_driver] 
Got RREADY
UVM_INFO ../Master_agent/master_driver.sv(133) @ 1325000: uvm_test_top.env.m_agt_top.m_agt[0].m_drvh [master_driver] 
WDATA[7] : a1f0ed86 | WSTRB[7] : 1
UVM_INFO ../Interface/interface.sv(153) @ 1325000: reporter [Property Write Data Handshake] 
wready went low after handshake
UVM_INFO ../Slave_agent/slave_driver.sv(165) @ 1335000: uvm_test_top.env.s_agt_top.s_agt[0].s_drvh [slave_driver] 

Asserting RLAST
UVM_INFO ../Interface/interface.sv(168) @ 1335000: reporter [Property Read Data Handshake] 
rready went low after handshake
UVM_INFO ../Master_agent/master_driver.sv(133) @ 1355000: uvm_test_top.env.m_agt_top.m_agt[0].m_drvh [master_driver] 
WDATA[8] : 267f168a | WSTRB[8] : 2
UVM_INFO ../Interface/interface.sv(153) @ 1355000: reporter [Property Write Data Handshake] 
wready went low after handshake
UVM_INFO ../tb/sb.sv(98) @ 1375000: uvm_test_top.env.sb[0] [scoreboard] Data Matched
UVM_INFO ../Slave_agent/slave_driver.sv(172) @ 1385000: uvm_test_top.env.s_agt_top.s_agt[0].s_drvh [slave_driver] 
Got RREADY
UVM_INFO ../Master_agent/master_monitor.sv(175) @ 1385000: uvm_test_top.env.m_agt_top.m_agt[0].m_monh [master_monitor] The Read Transaction Data 
--------------------------------------
Name        Type      Size  Value     
--------------------------------------
rtx         txn       -     @1131     
  AWID      integral  4     'd0       
  AWADDR    integral  32    'd0       
  AWLEN     integral  4     'd0       
  AWSIZE    integral  3     'd0       
  AWBURST   integral  2     'd0       
  WID       integral  4     'd0       
  BID       integral  4     'd0       
  BRESP     integral  2     'd0       
  ARID      integral  4     11        
  ARADDR    integral  32    'd1806    
  ARLEN     integral  4     'd6       
  ARSIZE    integral  3     'd1       
  ARBURST   integral  2     'd1       
  RID       integral  4     11        
  RDATA[0]  integral  32    'h40a8b473
  RRESP[0]  integral  2     'd0       
  RDATA[1]  integral  32    'h6d2416a8
  RRESP[1]  integral  2     'd0       
  RDATA[2]  integral  32    'h1a89719b
  RRESP[2]  integral  2     'd0       
  RDATA[3]  integral  32    'haec77917
  RRESP[3]  integral  2     'd0       
  RDATA[4]  integral  32    'h8086c498
  RRESP[4]  integral  2     'd0       
  RDATA[5]  integral  32    'h899de810
  RRESP[5]  integral  2     'd0       
  RDATA[6]  integral  32    'h17ea57cc
  RRESP[6]  integral  2     'd0       
--------------------------------------

UVM_INFO ../Slave_agent/slave_monitor.sv(171) @ 1385000: uvm_test_top.env.s_agt_top.s_agt[0].s_monh [slave_monitor] The Read Transaction Data 
--------------------------------------
Name        Type      Size  Value     
--------------------------------------
rtx         txn       -     @1135     
  AWID      integral  4     'd0       
  AWADDR    integral  32    'd0       
  AWLEN     integral  4     'd0       
  AWSIZE    integral  3     'd0       
  AWBURST   integral  2     'd0       
  WID       integral  4     'd0       
  BID       integral  4     'd0       
  BRESP     integral  2     'd0       
  ARID      integral  4     11        
  ARADDR    integral  32    'd1806    
  ARLEN     integral  4     'd6       
  ARSIZE    integral  3     'd1       
  ARBURST   integral  2     'd1       
  RID       integral  4     11        
  RDATA[0]  integral  32    'h40a8b473
  RRESP[0]  integral  2     'd0       
  RDATA[1]  integral  32    'h6d2416a8
  RRESP[1]  integral  2     'd0       
  RDATA[2]  integral  32    'h1a89719b
  RRESP[2]  integral  2     'd0       
  RDATA[3]  integral  32    'haec77917
  RRESP[3]  integral  2     'd0       
  RDATA[4]  integral  32    'h8086c498
  RRESP[4]  integral  2     'd0       
  RDATA[5]  integral  32    'h899de810
  RRESP[5]  integral  2     'd0       
  RDATA[6]  integral  32    'h17ea57cc
  RRESP[6]  integral  2     'd0       
--------------------------------------

UVM_INFO ../tb/sb.sv(98) @ 1385000: uvm_test_top.env.sb[0] [scoreboard] Data Matched
UVM_INFO ../Interface/interface.sv(153) @ 1385000: reporter [Property Write Data Handshake] 
wready went low after handshake
UVM_INFO ../Interface/interface.sv(168) @ 1395000: reporter [Property Read Data Handshake] 
rready went low after handshake
UVM_INFO ../Master_agent/master_monitor.sv(140) @ 1425000: uvm_test_top.env.m_agt_top.m_agt[0].m_monh [master_monitor] The Write Transaction Data 
--------------------------------------
Name        Type      Size  Value     
--------------------------------------
wtx         txn       -     @1187     
  AWID      integral  4     14        
  AWADDR    integral  32    'd3277    
  AWLEN     integral  4     8         
  AWSIZE    integral  3     'd0       
  AWBURST   integral  2     'd1       
  WID       integral  4     14        
  WDATA[0]  integral  32    'h6c00    
  WSTRB[0]  integral  4     'b10      
  WDATA[1]  integral  32    'h5f0000  
  WSTRB[1]  integral  4     'b100     
  WDATA[2]  integral  32    'h57000000
  WSTRB[2]  integral  4     'b1000    
  WDATA[3]  integral  32    'h53      
  WSTRB[3]  integral  4     'b1       
  WDATA[4]  integral  32    'h2000    
  WSTRB[4]  integral  4     'b10      
  WDATA[5]  integral  32    'h940000  
  WSTRB[5]  integral  4     'b100     
  WDATA[6]  integral  32    'h73000000
  WSTRB[6]  integral  4     'b1000    
  WDATA[7]  integral  32    'h86      
  WSTRB[7]  integral  4     'b1       
  WDATA[8]  integral  32    'h1600    
  WSTRB[8]  integral  4     'b10      
  BID       integral  4     14        
  BRESP     integral  2     'd0       
  ARID      integral  4     'd0       
  ARADDR    integral  32    'd0       
  ARLEN     integral  4     'd0       
  ARSIZE    integral  3     'd0       
  ARBURST   integral  2     'd0       
  RID       integral  4     'd0       
--------------------------------------

UVM_INFO ../Slave_agent/slave_monitor.sv(138) @ 1425000: uvm_test_top.env.s_agt_top.s_agt[0].s_monh [slave_monitor] The Write Transaction Data 
--------------------------------------
Name        Type      Size  Value     
--------------------------------------
wtx         txn       -     @1195     
  AWID      integral  4     14        
  AWADDR    integral  32    'd3277    
  AWLEN     integral  4     8         
  AWSIZE    integral  3     'd0       
  AWBURST   integral  2     'd1       
  WID       integral  4     14        
  WDATA[0]  integral  32    'h6c00    
  WSTRB[0]  integral  4     'b10      
  WDATA[1]  integral  32    'h5f0000  
  WSTRB[1]  integral  4     'b100     
  WDATA[2]  integral  32    'h57000000
  WSTRB[2]  integral  4     'b1000    
  WDATA[3]  integral  32    'h53      
  WSTRB[3]  integral  4     'b1       
  WDATA[4]  integral  32    'h2000    
  WSTRB[4]  integral  4     'b10      
  WDATA[5]  integral  32    'h940000  
  WSTRB[5]  integral  4     'b100     
  WDATA[6]  integral  32    'h73000000
  WSTRB[6]  integral  4     'b1000    
  WDATA[7]  integral  32    'h86      
  WSTRB[7]  integral  4     'b1       
  WDATA[8]  integral  32    'h1600    
  WSTRB[8]  integral  4     'b10      
  BID       integral  4     14        
  BRESP     integral  2     'd0       
  ARID      integral  4     'd0       
  ARADDR    integral  32    'd0       
  ARLEN     integral  4     'd0       
  ARSIZE    integral  3     'd0       
  ARBURST   integral  2     'd0       
  RID       integral  4     'd0       
--------------------------------------

UVM_INFO ../tb/sb.sv(98) @ 1425000: uvm_test_top.env.sb[0] [scoreboard] Data Matched
UVM_INFO ../Master_agent/master_driver.sv(133) @ 1435000: uvm_test_top.env.m_agt_top.m_agt[0].m_drvh [master_driver] 
WDATA[0] : 2cc8a86d | WSTRB[0] : f
UVM_INFO ../Interface/interface.sv(158) @ 1435000: reporter [Property Write response Handshake] 
bready went low after handshake
UVM_INFO ../Slave_agent/slave_driver.sv(172) @ 1445000: uvm_test_top.env.s_agt_top.s_agt[0].s_drvh [slave_driver] 
Got RREADY
UVM_INFO ../Master_agent/master_driver.sv(133) @ 1455000: uvm_test_top.env.m_agt_top.m_agt[0].m_drvh [master_driver] 
WDATA[1] : 783e4021 | WSTRB[1] : f
UVM_INFO ../Interface/interface.sv(153) @ 1455000: reporter [Property Write Data Handshake] 
wready went low after handshake
UVM_INFO ../Interface/interface.sv(168) @ 1455000: reporter [Property Read Data Handshake] 
rready went low after handshake
UVM_INFO ../Interface/interface.sv(153) @ 1475000: reporter [Property Write Data Handshake] 
wready went low after handshake
UVM_INFO ../Slave_agent/slave_driver.sv(172) @ 1485000: uvm_test_top.env.s_agt_top.s_agt[0].s_drvh [slave_driver] 
Got RREADY
UVM_INFO ../Master_agent/master_driver.sv(133) @ 1485000: uvm_test_top.env.m_agt_top.m_agt[0].m_drvh [master_driver] 
WDATA[2] : 872dc298 | WSTRB[2] : f
UVM_INFO ../Interface/interface.sv(168) @ 1495000: reporter [Property Read Data Handshake] 
rready went low after handshake
UVM_INFO ../Interface/interface.sv(153) @ 1505000: reporter [Property Write Data Handshake] 
wready went low after handshake
UVM_INFO ../Master_agent/master_driver.sv(133) @ 1515000: uvm_test_top.env.m_agt_top.m_agt[0].m_drvh [master_driver] 
WDATA[3] : 61956e0a | WSTRB[3] : f
UVM_INFO ../Slave_agent/slave_driver.sv(172) @ 1515000: uvm_test_top.env.s_agt_top.s_agt[0].s_drvh [slave_driver] 
Got RREADY
UVM_INFO ../tb/sb.sv(98) @ 1525000: uvm_test_top.env.sb[0] [scoreboard] Data Matched
UVM_INFO ../Interface/interface.sv(168) @ 1525000: reporter [Property Read Data Handshake] 
rready went low after handshake
UVM_INFO ../Interface/interface.sv(153) @ 1535000: reporter [Property Write Data Handshake] 
wready went low after handshake
UVM_INFO ../Slave_agent/slave_driver.sv(172) @ 1555000: uvm_test_top.env.s_agt_top.s_agt[0].s_drvh [slave_driver] 
Got RREADY
UVM_INFO ../Master_agent/master_monitor.sv(140) @ 1565000: uvm_test_top.env.m_agt_top.m_agt[0].m_monh [master_monitor] The Write Transaction Data 
--------------------------------------
Name        Type      Size  Value     
--------------------------------------
wtx         txn       -     @1215     
  AWID      integral  4     'd5       
  AWADDR    integral  32    'd2772    
  AWLEN     integral  4     'd3       
  AWSIZE    integral  3     'd2       
  AWBURST   integral  2     'd1       
  WID       integral  4     'd5       
  WDATA[0]  integral  32    'h2cc8a86d
  WSTRB[0]  integral  4     'b1111    
  WDATA[1]  integral  32    'h783e4021
  WSTRB[1]  integral  4     'b1111    
  WDATA[2]  integral  32    'h872dc298
  WSTRB[2]  integral  4     'b1111    
  WDATA[3]  integral  32    'h61956e0a
  WSTRB[3]  integral  4     'b1111    
  BID       integral  4     'd5       
  BRESP     integral  2     'd0       
  ARID      integral  4     'd0       
  ARADDR    integral  32    'd0       
  ARLEN     integral  4     'd0       
  ARSIZE    integral  3     'd0       
  ARBURST   integral  2     'd0       
  RID       integral  4     'd0       
--------------------------------------

UVM_INFO ../Slave_agent/slave_monitor.sv(138) @ 1565000: uvm_test_top.env.s_agt_top.s_agt[0].s_monh [slave_monitor] The Write Transaction Data 
--------------------------------------
Name        Type      Size  Value     
--------------------------------------
wtx         txn       -     @1219     
  AWID      integral  4     'd5       
  AWADDR    integral  32    'd2772    
  AWLEN     integral  4     'd3       
  AWSIZE    integral  3     'd2       
  AWBURST   integral  2     'd1       
  WID       integral  4     'd5       
  WDATA[0]  integral  32    'h2cc8a86d
  WSTRB[0]  integral  4     'b1111    
  WDATA[1]  integral  32    'h783e4021
  WSTRB[1]  integral  4     'b1111    
  WDATA[2]  integral  32    'h872dc298
  WSTRB[2]  integral  4     'b1111    
  WDATA[3]  integral  32    'h61956e0a
  WSTRB[3]  integral  4     'b1111    
  BID       integral  4     'd5       
  BRESP     integral  2     'd0       
  ARID      integral  4     'd0       
  ARADDR    integral  32    'd0       
  ARLEN     integral  4     'd0       
  ARSIZE    integral  3     'd0       
  ARBURST   integral  2     'd0       
  RID       integral  4     'd0       
--------------------------------------

UVM_INFO ../tb/sb.sv(98) @ 1565000: uvm_test_top.env.sb[0] [scoreboard] Data Matched
UVM_INFO ../Master_agent/master_driver.sv(133) @ 1565000: uvm_test_top.env.m_agt_top.m_agt[0].m_drvh [master_driver] 
WDATA[0] : 9c80f080 | WSTRB[0] : f
UVM_INFO ../Interface/interface.sv(168) @ 1565000: reporter [Property Read Data Handshake] 
rready went low after handshake
UVM_INFO ../Interface/interface.sv(158) @ 1575000: reporter [Property Write response Handshake] 
bready went low after handshake
UVM_INFO ../Master_agent/master_driver.sv(133) @ 1585000: uvm_test_top.env.m_agt_top.m_agt[0].m_drvh [master_driver] 
WDATA[1] : d0d98d3 | WSTRB[1] : f
UVM_INFO ../Interface/interface.sv(153) @ 1585000: reporter [Property Write Data Handshake] 
wready went low after handshake
UVM_INFO ../Slave_agent/slave_driver.sv(172) @ 1605000: uvm_test_top.env.s_agt_top.s_agt[0].s_drvh [slave_driver] 
Got RREADY
UVM_INFO ../Master_agent/master_driver.sv(133) @ 1605000: uvm_test_top.env.m_agt_top.m_agt[0].m_drvh [master_driver] 
WDATA[2] : 674b8a41 | WSTRB[2] : f
UVM_INFO ../Interface/interface.sv(153) @ 1605000: reporter [Property Write Data Handshake] 
wready went low after handshake
UVM_INFO ../Interface/interface.sv(168) @ 1615000: reporter [Property Read Data Handshake] 
rready went low after handshake
UVM_INFO ../Master_agent/master_driver.sv(133) @ 1625000: uvm_test_top.env.m_agt_top.m_agt[0].m_drvh [master_driver] 
WDATA[3] : 5426730 | WSTRB[3] : f
UVM_INFO ../Interface/interface.sv(153) @ 1635000: reporter [Property Write Data Handshake] 
wready went low after handshake
UVM_INFO ../Slave_agent/slave_driver.sv(172) @ 1655000: uvm_test_top.env.s_agt_top.s_agt[0].s_drvh [slave_driver] 
Got RREADY
UVM_INFO ../Master_agent/master_driver.sv(133) @ 1655000: uvm_test_top.env.m_agt_top.m_agt[0].m_drvh [master_driver] 
WDATA[4] : 60af0757 | WSTRB[4] : f
UVM_INFO ../Interface/interface.sv(153) @ 1665000: reporter [Property Write Data Handshake] 
wready went low after handshake
UVM_INFO ../Interface/interface.sv(168) @ 1665000: reporter [Property Read Data Handshake] 
rready went low after handshake
UVM_INFO ../Slave_agent/slave_driver.sv(172) @ 1685000: uvm_test_top.env.s_agt_top.s_agt[0].s_drvh [slave_driver] 
Got RREADY
UVM_INFO ../Master_agent/master_driver.sv(133) @ 1685000: uvm_test_top.env.m_agt_top.m_agt[0].m_drvh [master_driver] 
WDATA[5] : e47e00a7 | WSTRB[5] : f
UVM_INFO ../Interface/interface.sv(153) @ 1695000: reporter [Property Write Data Handshake] 
wready went low after handshake
UVM_INFO ../Interface/interface.sv(168) @ 1695000: reporter [Property Read Data Handshake] 
rready went low after handshake
UVM_INFO ../Slave_agent/slave_driver.sv(172) @ 1715000: uvm_test_top.env.s_agt_top.s_agt[0].s_drvh [slave_driver] 
Got RREADY
UVM_INFO ../Master_agent/master_driver.sv(133) @ 1715000: uvm_test_top.env.m_agt_top.m_agt[0].m_drvh [master_driver] 
WDATA[6] : f92b491f | WSTRB[6] : f
UVM_INFO ../Interface/interface.sv(153) @ 1725000: reporter [Property Write Data Handshake] 
wready went low after handshake
UVM_INFO ../Interface/interface.sv(168) @ 1725000: reporter [Property Read Data Handshake] 
rready went low after handshake
UVM_INFO ../Master_agent/master_driver.sv(133) @ 1745000: uvm_test_top.env.m_agt_top.m_agt[0].m_drvh [master_driver] 
WDATA[7] : c330db76 | WSTRB[7] : f
UVM_INFO ../Slave_agent/slave_driver.sv(172) @ 1755000: uvm_test_top.env.s_agt_top.s_agt[0].s_drvh [slave_driver] 
Got RREADY
UVM_INFO ../Interface/interface.sv(153) @ 1755000: reporter [Property Write Data Handshake] 
wready went low after handshake
UVM_INFO ../Slave_agent/slave_driver.sv(165) @ 1765000: uvm_test_top.env.s_agt_top.s_agt[0].s_drvh [slave_driver] 

Asserting RLAST
UVM_INFO ../Interface/interface.sv(168) @ 1765000: reporter [Property Read Data Handshake] 
rready went low after handshake
UVM_INFO ../Master_agent/master_driver.sv(133) @ 1775000: uvm_test_top.env.m_agt_top.m_agt[0].m_drvh [master_driver] 
WDATA[8] : 3ffc86f2 | WSTRB[8] : f
UVM_INFO ../Slave_agent/slave_driver.sv(172) @ 1785000: uvm_test_top.env.s_agt_top.s_agt[0].s_drvh [slave_driver] 
Got RREADY
UVM_INFO ../Master_agent/master_monitor.sv(175) @ 1785000: uvm_test_top.env.m_agt_top.m_agt[0].m_monh [master_monitor] The Read Transaction Data 
--------------------------------------
Name        Type      Size  Value     
--------------------------------------
rtx         txn       -     @1163     
  AWID      integral  4     'd0       
  AWADDR    integral  32    'd0       
  AWLEN     integral  4     'd0       
  AWSIZE    integral  3     'd0       
  AWBURST   integral  2     'd0       
  WID       integral  4     'd0       
  BID       integral  4     'd0       
  BRESP     integral  2     'd0       
  ARID      integral  4     'd1       
  ARADDR    integral  32    'd3564    
  ARLEN     integral  4     9         
  ARSIZE    integral  3     'd0       
  ARBURST   integral  2     'd1       
  RID       integral  4     'd1       
  RDATA[0]  integral  32    'hbd4276b2
  RRESP[0]  integral  2     'd0       
  RDATA[1]  integral  32    'hdf07a27c
  RRESP[1]  integral  2     'd0       
  RDATA[2]  integral  32    'ha6d58e66
  RRESP[2]  integral  2     'd0       
  RDATA[3]  integral  32    'h6b0ac883
  RRESP[3]  integral  2     'd0       
  RDATA[4]  integral  32    'h95aefc63
  RRESP[4]  integral  2     'd0       
  RDATA[5]  integral  32    'h33df39cc
  RRESP[5]  integral  2     'd0       
  RDATA[6]  integral  32    'haa9a278d
  RRESP[6]  integral  2     'd0       
  RDATA[7]  integral  32    'hc3eb802d
  RRESP[7]  integral  2     'd0       
  RDATA[8]  integral  32    'h81204b0 
  RRESP[8]  integral  2     'd0       
  RDATA[9]  integral  32    'hca6cd006
  RRESP[9]  integral  2     'd0       
--------------------------------------

UVM_INFO ../Slave_agent/slave_monitor.sv(171) @ 1785000: uvm_test_top.env.s_agt_top.s_agt[0].s_monh [slave_monitor] The Read Transaction Data 
--------------------------------------
Name        Type      Size  Value     
--------------------------------------
rtx         txn       -     @1171     
  AWID      integral  4     'd0       
  AWADDR    integral  32    'd0       
  AWLEN     integral  4     'd0       
  AWSIZE    integral  3     'd0       
  AWBURST   integral  2     'd0       
  WID       integral  4     'd0       
  BID       integral  4     'd0       
  BRESP     integral  2     'd0       
  ARID      integral  4     'd1       
  ARADDR    integral  32    'd3564    
  ARLEN     integral  4     9         
  ARSIZE    integral  3     'd0       
  ARBURST   integral  2     'd1       
  RID       integral  4     'd1       
  RDATA[0]  integral  32    'hbd4276b2
  RRESP[0]  integral  2     'd0       
  RDATA[1]  integral  32    'hdf07a27c
  RRESP[1]  integral  2     'd0       
  RDATA[2]  integral  32    'ha6d58e66
  RRESP[2]  integral  2     'd0       
  RDATA[3]  integral  32    'h6b0ac883
  RRESP[3]  integral  2     'd0       
  RDATA[4]  integral  32    'h95aefc63
  RRESP[4]  integral  2     'd0       
  RDATA[5]  integral  32    'h33df39cc
  RRESP[5]  integral  2     'd0       
  RDATA[6]  integral  32    'haa9a278d
  RRESP[6]  integral  2     'd0       
  RDATA[7]  integral  32    'hc3eb802d
  RRESP[7]  integral  2     'd0       
  RDATA[8]  integral  32    'h81204b0 
  RRESP[8]  integral  2     'd0       
  RDATA[9]  integral  32    'hca6cd006
  RRESP[9]  integral  2     'd0       
--------------------------------------

UVM_INFO ../tb/sb.sv(98) @ 1785000: uvm_test_top.env.sb[0] [scoreboard] Data Matched
UVM_INFO ../Interface/interface.sv(153) @ 1785000: reporter [Property Write Data Handshake] 
wready went low after handshake
UVM_INFO ../Interface/interface.sv(168) @ 1795000: reporter [Property Read Data Handshake] 
rready went low after handshake
UVM_INFO ../Master_agent/master_driver.sv(133) @ 1815000: uvm_test_top.env.m_agt_top.m_agt[0].m_drvh [master_driver] 
WDATA[9] : e530b096 | WSTRB[9] : f
UVM_INFO ../Interface/interface.sv(153) @ 1815000: reporter [Property Write Data Handshake] 
wready went low after handshake
UVM_INFO ../tb/sb.sv(98) @ 1835000: uvm_test_top.env.sb[0] [scoreboard] Data Matched
UVM_INFO ../Slave_agent/slave_driver.sv(172) @ 1845000: uvm_test_top.env.s_agt_top.s_agt[0].s_drvh [slave_driver] 
Got RREADY
UVM_INFO ../Interface/interface.sv(153) @ 1845000: reporter [Property Write Data Handshake] 
wready went low after handshake
UVM_INFO ../Interface/interface.sv(168) @ 1855000: reporter [Property Read Data Handshake] 
rready went low after handshake
UVM_INFO ../Master_agent/master_monitor.sv(140) @ 1865000: uvm_test_top.env.m_agt_top.m_agt[0].m_monh [master_monitor] The Write Transaction Data 
--------------------------------------
Name        Type      Size  Value     
--------------------------------------
wtx         txn       -     @1239     
  AWID      integral  4     'd1       
  AWADDR    integral  32    'd1884    
  AWLEN     integral  4     9         
  AWSIZE    integral  3     'd2       
  AWBURST   integral  2     'd1       
  WID       integral  4     'd1       
  WDATA[0]  integral  32    'h9c80f080
  WSTRB[0]  integral  4     'b1111    
  WDATA[1]  integral  32    'hd0d98d3 
  WSTRB[1]  integral  4     'b1111    
  WDATA[2]  integral  32    'h674b8a41
  WSTRB[2]  integral  4     'b1111    
  WDATA[3]  integral  32    'h5426730 
  WSTRB[3]  integral  4     'b1111    
  WDATA[4]  integral  32    'h60af0757
  WSTRB[4]  integral  4     'b1111    
  WDATA[5]  integral  32    'he47e00a7
  WSTRB[5]  integral  4     'b1111    
  WDATA[6]  integral  32    'hf92b491f
  WSTRB[6]  integral  4     'b1111    
  WDATA[7]  integral  32    'hc330db76
  WSTRB[7]  integral  4     'b1111    
  WDATA[8]  integral  32    'h3ffc86f2
  WSTRB[8]  integral  4     'b1111    
  WDATA[9]  integral  32    'he530b096
  WSTRB[9]  integral  4     'b1111    
  BID       integral  4     'd1       
  BRESP     integral  2     'd0       
  ARID      integral  4     'd0       
  ARADDR    integral  32    'd0       
  ARLEN     integral  4     'd0       
  ARSIZE    integral  3     'd0       
  ARBURST   integral  2     'd0       
  RID       integral  4     'd0       
--------------------------------------

UVM_INFO ../Slave_agent/slave_monitor.sv(138) @ 1865000: uvm_test_top.env.s_agt_top.s_agt[0].s_monh [slave_monitor] The Write Transaction Data 
--------------------------------------
Name        Type      Size  Value     
--------------------------------------
wtx         txn       -     @1243     
  AWID      integral  4     'd1       
  AWADDR    integral  32    'd1884    
  AWLEN     integral  4     9         
  AWSIZE    integral  3     'd2       
  AWBURST   integral  2     'd1       
  WID       integral  4     'd1       
  WDATA[0]  integral  32    'h9c80f080
  WSTRB[0]  integral  4     'b1111    
  WDATA[1]  integral  32    'hd0d98d3 
  WSTRB[1]  integral  4     'b1111    
  WDATA[2]  integral  32    'h674b8a41
  WSTRB[2]  integral  4     'b1111    
  WDATA[3]  integral  32    'h5426730 
  WSTRB[3]  integral  4     'b1111    
  WDATA[4]  integral  32    'h60af0757
  WSTRB[4]  integral  4     'b1111    
  WDATA[5]  integral  32    'he47e00a7
  WSTRB[5]  integral  4     'b1111    
  WDATA[6]  integral  32    'hf92b491f
  WSTRB[6]  integral  4     'b1111    
  WDATA[7]  integral  32    'hc330db76
  WSTRB[7]  integral  4     'b1111    
  WDATA[8]  integral  32    'h3ffc86f2
  WSTRB[8]  integral  4     'b1111    
  WDATA[9]  integral  32    'he530b096
  WSTRB[9]  integral  4     'b1111    
  BID       integral  4     'd1       
  BRESP     integral  2     'd0       
  ARID      integral  4     'd0       
  ARADDR    integral  32    'd0       
  ARLEN     integral  4     'd0       
  ARSIZE    integral  3     'd0       
  ARBURST   integral  2     'd0       
  RID       integral  4     'd0       
--------------------------------------

UVM_INFO ../tb/sb.sv(98) @ 1865000: uvm_test_top.env.sb[0] [scoreboard] Data Matched
UVM_INFO ../Slave_agent/slave_driver.sv(165) @ 1865000: uvm_test_top.env.s_agt_top.s_agt[0].s_drvh [slave_driver] 

Asserting RLAST
UVM_INFO ../Master_agent/master_driver.sv(133) @ 1865000: uvm_test_top.env.m_agt_top.m_agt[0].m_drvh [master_driver] 
WDATA[0] : e679870b | WSTRB[0] : 3
UVM_INFO ../Interface/interface.sv(158) @ 1875000: reporter [Property Write response Handshake] 
bready went low after handshake
UVM_INFO ../Slave_agent/slave_driver.sv(172) @ 1885000: uvm_test_top.env.s_agt_top.s_agt[0].s_drvh [slave_driver] 
Got RREADY
UVM_INFO ../Master_agent/master_driver.sv(133) @ 1885000: uvm_test_top.env.m_agt_top.m_agt[0].m_drvh [master_driver] 
WDATA[1] : 4b9f4909 | WSTRB[1] : c
UVM_INFO ../Master_agent/master_monitor.sv(175) @ 1885000: uvm_test_top.env.m_agt_top.m_agt[0].m_monh [master_monitor] The Read Transaction Data 
--------------------------------------
Name        Type      Size  Value     
--------------------------------------
rtx         txn       -     @1191     
  AWID      integral  4     'd0       
  AWADDR    integral  32    'd0       
  AWLEN     integral  4     'd0       
  AWSIZE    integral  3     'd0       
  AWBURST   integral  2     'd0       
  WID       integral  4     'd0       
  BID       integral  4     'd0       
  BRESP     integral  2     'd0       
  ARID      integral  4     'd3       
  ARADDR    integral  32    'd302     
  ARLEN     integral  4     'd1       
  ARSIZE    integral  3     'd1       
  ARBURST   integral  2     'd1       
  RID       integral  4     'd3       
  RDATA[0]  integral  32    'ha3176cd7
  RRESP[0]  integral  2     'd0       
  RDATA[1]  integral  32    'h2b57d4cd
  RRESP[1]  integral  2     'd0       
--------------------------------------

UVM_INFO ../Slave_agent/slave_monitor.sv(171) @ 1885000: uvm_test_top.env.s_agt_top.s_agt[0].s_monh [slave_monitor] The Read Transaction Data 
--------------------------------------
Name        Type      Size  Value     
--------------------------------------
rtx         txn       -     @1199     
  AWID      integral  4     'd0       
  AWADDR    integral  32    'd0       
  AWLEN     integral  4     'd0       
  AWSIZE    integral  3     'd0       
  AWBURST   integral  2     'd0       
  WID       integral  4     'd0       
  BID       integral  4     'd0       
  BRESP     integral  2     'd0       
  ARID      integral  4     'd3       
  ARADDR    integral  32    'd302     
  ARLEN     integral  4     'd1       
  ARSIZE    integral  3     'd1       
  ARBURST   integral  2     'd1       
  RID       integral  4     'd3       
  RDATA[0]  integral  32    'ha3176cd7
  RRESP[0]  integral  2     'd0       
  RDATA[1]  integral  32    'h2b57d4cd
  RRESP[1]  integral  2     'd0       
--------------------------------------

UVM_INFO ../tb/sb.sv(98) @ 1885000: uvm_test_top.env.sb[0] [scoreboard] Data Matched
UVM_INFO ../Interface/interface.sv(153) @ 1885000: reporter [Property Write Data Handshake] 
wready went low after handshake
UVM_INFO ../Interface/interface.sv(168) @ 1895000: reporter [Property Read Data Handshake] 
rready went low after handshake
UVM_INFO ../Interface/interface.sv(153) @ 1905000: reporter [Property Write Data Handshake] 
wready went low after handshake
UVM_INFO ../Master_agent/master_driver.sv(133) @ 1915000: uvm_test_top.env.m_agt_top.m_agt[0].m_drvh [master_driver] 
WDATA[2] : a7dcfbc | WSTRB[2] : 3
UVM_INFO ../Interface/interface.sv(153) @ 1935000: reporter [Property Write Data Handshake] 
wready went low after handshake
UVM_INFO ../Master_agent/master_driver.sv(133) @ 1945000: uvm_test_top.env.m_agt_top.m_agt[0].m_drvh [master_driver] 
WDATA[3] : be56631a | WSTRB[3] : c
UVM_INFO ../Slave_agent/slave_driver.sv(172) @ 1945000: uvm_test_top.env.s_agt_top.s_agt[0].s_drvh [slave_driver] 
Got RREADY
UVM_INFO ../Interface/interface.sv(168) @ 1955000: reporter [Property Read Data Handshake] 
rready went low after handshake
UVM_INFO ../Interface/interface.sv(153) @ 1965000: reporter [Property Write Data Handshake] 
wready went low after handshake
UVM_INFO ../Master_agent/master_driver.sv(133) @ 1975000: uvm_test_top.env.m_agt_top.m_agt[0].m_drvh [master_driver] 
WDATA[4] : 6dd6b657 | WSTRB[4] : 3
UVM_INFO ../Slave_agent/slave_driver.sv(172) @ 1985000: uvm_test_top.env.s_agt_top.s_agt[0].s_drvh [slave_driver] 
Got RREADY
UVM_INFO ../Master_agent/master_driver.sv(133) @ 1995000: uvm_test_top.env.m_agt_top.m_agt[0].m_drvh [master_driver] 
WDATA[5] : 3b31f5d6 | WSTRB[5] : c
UVM_INFO ../Interface/interface.sv(153) @ 1995000: reporter [Property Write Data Handshake] 
wready went low after handshake
UVM_INFO ../Interface/interface.sv(168) @ 1995000: reporter [Property Read Data Handshake] 
rready went low after handshake
UVM_INFO ../Slave_agent/slave_driver.sv(172) @ 2025000: uvm_test_top.env.s_agt_top.s_agt[0].s_drvh [slave_driver] 
Got RREADY
UVM_INFO ../Master_agent/master_driver.sv(133) @ 2025000: uvm_test_top.env.m_agt_top.m_agt[0].m_drvh [master_driver] 
WDATA[6] : 2e86d401 | WSTRB[6] : 3
UVM_INFO ../Interface/interface.sv(153) @ 2025000: reporter [Property Write Data Handshake] 
wready went low after handshake
UVM_INFO ../Interface/interface.sv(168) @ 2035000: reporter [Property Read Data Handshake] 
rready went low after handshake
UVM_INFO ../tb/sb.sv(98) @ 2045000: uvm_test_top.env.sb[0] [scoreboard] Data Matched
UVM_INFO ../Interface/interface.sv(153) @ 2055000: reporter [Property Write Data Handshake] 
wready went low after handshake
UVM_INFO ../Master_agent/master_monitor.sv(140) @ 2075000: uvm_test_top.env.m_agt_top.m_agt[0].m_monh [master_monitor] The Write Transaction Data 
--------------------------------------
Name        Type      Size  Value     
--------------------------------------
wtx         txn       -     @1267     
  AWID      integral  4     'd6       
  AWADDR    integral  32    'd104     
  AWLEN     integral  4     'd6       
  AWSIZE    integral  3     'd1       
  AWBURST   integral  2     'd1       
  WID       integral  4     'd6       
  WDATA[0]  integral  32    'h870b    
  WSTRB[0]  integral  4     'b11      
  WDATA[1]  integral  32    'h4b9f0000
  WSTRB[1]  integral  4     'b1100    
  WDATA[2]  integral  32    'hcfbc    
  WSTRB[2]  integral  4     'b11      
  WDATA[3]  integral  32    'hbe560000
  WSTRB[3]  integral  4     'b1100    
  WDATA[4]  integral  32    'hb657    
  WSTRB[4]  integral  4     'b11      
  WDATA[5]  integral  32    'h3b310000
  WSTRB[5]  integral  4     'b1100    
  WDATA[6]  integral  32    'hd401    
  WSTRB[6]  integral  4     'b11      
  BID       integral  4     'd6       
  BRESP     integral  2     'd0       
  ARID      integral  4     'd0       
  ARADDR    integral  32    'd0       
  ARLEN     integral  4     'd0       
  ARSIZE    integral  3     'd0       
  ARBURST   integral  2     'd0       
  RID       integral  4     'd0       
--------------------------------------

UVM_INFO ../Slave_agent/slave_monitor.sv(138) @ 2075000: uvm_test_top.env.s_agt_top.s_agt[0].s_monh [slave_monitor] The Write Transaction Data 
--------------------------------------
Name        Type      Size  Value     
--------------------------------------
wtx         txn       -     @1271     
  AWID      integral  4     'd6       
  AWADDR    integral  32    'd104     
  AWLEN     integral  4     'd6       
  AWSIZE    integral  3     'd1       
  AWBURST   integral  2     'd1       
  WID       integral  4     'd6       
  WDATA[0]  integral  32    'h870b    
  WSTRB[0]  integral  4     'b11      
  WDATA[1]  integral  32    'h4b9f0000
  WSTRB[1]  integral  4     'b1100    
  WDATA[2]  integral  32    'hcfbc    
  WSTRB[2]  integral  4     'b11      
  WDATA[3]  integral  32    'hbe560000
  WSTRB[3]  integral  4     'b1100    
  WDATA[4]  integral  32    'hb657    
  WSTRB[4]  integral  4     'b11      
  WDATA[5]  integral  32    'h3b310000
  WSTRB[5]  integral  4     'b1100    
  WDATA[6]  integral  32    'hd401    
  WSTRB[6]  integral  4     'b11      
  BID       integral  4     'd6       
  BRESP     integral  2     'd0       
  ARID      integral  4     'd0       
  ARADDR    integral  32    'd0       
  ARLEN     integral  4     'd0       
  ARSIZE    integral  3     'd0       
  ARBURST   integral  2     'd0       
  RID       integral  4     'd0       
--------------------------------------

UVM_INFO ../tb/sb.sv(98) @ 2075000: uvm_test_top.env.sb[0] [scoreboard] Data Matched
UVM_INFO ../Slave_agent/slave_driver.sv(172) @ 2085000: uvm_test_top.env.s_agt_top.s_agt[0].s_drvh [slave_driver] 
Got RREADY
UVM_INFO ../Master_agent/master_driver.sv(133) @ 2085000: uvm_test_top.env.m_agt_top.m_agt[0].m_drvh [master_driver] 
WDATA[0] : 4c2118be | WSTRB[0] : 8
UVM_INFO ../Interface/interface.sv(158) @ 2085000: reporter [Property Write response Handshake] 
bready went low after handshake
UVM_INFO ../Interface/interface.sv(168) @ 2095000: reporter [Property Read Data Handshake] 
rready went low after handshake
UVM_INFO ../Interface/interface.sv(153) @ 2105000: reporter [Property Write Data Handshake] 
wready went low after handshake
UVM_INFO ../Slave_agent/slave_driver.sv(172) @ 2115000: uvm_test_top.env.s_agt_top.s_agt[0].s_drvh [slave_driver] 
Got RREADY
UVM_INFO ../Master_agent/master_driver.sv(133) @ 2115000: uvm_test_top.env.m_agt_top.m_agt[0].m_drvh [master_driver] 
WDATA[1] : e85990b5 | WSTRB[1] : f
UVM_INFO ../Interface/interface.sv(168) @ 2125000: reporter [Property Read Data Handshake] 
rready went low after handshake
UVM_INFO ../Master_agent/master_driver.sv(133) @ 2135000: uvm_test_top.env.m_agt_top.m_agt[0].m_drvh [master_driver] 
WDATA[2] : 3db5cf59 | WSTRB[2] : f
UVM_INFO ../Interface/interface.sv(153) @ 2135000: reporter [Property Write Data Handshake] 
wready went low after handshake
UVM_INFO ../Interface/interface.sv(153) @ 2155000: reporter [Property Write Data Handshake] 
wready went low after handshake
UVM_INFO ../Master_agent/master_driver.sv(133) @ 2165000: uvm_test_top.env.m_agt_top.m_agt[0].m_drvh [master_driver] 
WDATA[3] : 97c2b773 | WSTRB[3] : f
UVM_INFO ../Slave_agent/slave_driver.sv(172) @ 2175000: uvm_test_top.env.s_agt_top.s_agt[0].s_drvh [slave_driver] 
Got RREADY
UVM_INFO ../Interface/interface.sv(153) @ 2185000: reporter [Property Write Data Handshake] 
wready went low after handshake
UVM_INFO ../Interface/interface.sv(168) @ 2185000: reporter [Property Read Data Handshake] 
rready went low after handshake
UVM_INFO ../Master_agent/master_driver.sv(133) @ 2195000: uvm_test_top.env.m_agt_top.m_agt[0].m_drvh [master_driver] 
WDATA[4] : cdf5389c | WSTRB[4] : f
UVM_INFO ../Slave_agent/slave_driver.sv(172) @ 2205000: uvm_test_top.env.s_agt_top.s_agt[0].s_drvh [slave_driver] 
Got RREADY
UVM_INFO ../Master_agent/master_driver.sv(133) @ 2215000: uvm_test_top.env.m_agt_top.m_agt[0].m_drvh [master_driver] 
WDATA[5] : b156239f | WSTRB[5] : f
UVM_INFO ../Interface/interface.sv(153) @ 2215000: reporter [Property Write Data Handshake] 
wready went low after handshake
UVM_INFO ../Interface/interface.sv(168) @ 2215000: reporter [Property Read Data Handshake] 
rready went low after handshake
UVM_INFO ../Master_agent/master_driver.sv(133) @ 2245000: uvm_test_top.env.m_agt_top.m_agt[0].m_drvh [master_driver] 
WDATA[6] : d27c035c | WSTRB[6] : f
UVM_INFO ../Interface/interface.sv(153) @ 2245000: reporter [Property Write Data Handshake] 
wready went low after handshake
UVM_INFO ../Slave_agent/slave_driver.sv(172) @ 2255000: uvm_test_top.env.s_agt_top.s_agt[0].s_drvh [slave_driver] 
Got RREADY
UVM_INFO ../Master_agent/master_driver.sv(133) @ 2265000: uvm_test_top.env.m_agt_top.m_agt[0].m_drvh [master_driver] 
WDATA[7] : 85247b56 | WSTRB[7] : f
UVM_INFO ../Interface/interface.sv(168) @ 2265000: reporter [Property Read Data Handshake] 
rready went low after handshake
UVM_INFO ../Interface/interface.sv(153) @ 2275000: reporter [Property Write Data Handshake] 
wready went low after handshake
UVM_INFO ../Master_agent/master_driver.sv(133) @ 2295000: uvm_test_top.env.m_agt_top.m_agt[0].m_drvh [master_driver] 
WDATA[8] : f071893 | WSTRB[8] : f
UVM_INFO ../Slave_agent/slave_driver.sv(172) @ 2305000: uvm_test_top.env.s_agt_top.s_agt[0].s_drvh [slave_driver] 
Got RREADY
UVM_INFO ../Interface/interface.sv(153) @ 2305000: reporter [Property Write Data Handshake] 
wready went low after handshake
UVM_INFO ../Interface/interface.sv(168) @ 2315000: reporter [Property Read Data Handshake] 
rready went low after handshake
UVM_INFO ../Master_agent/master_driver.sv(133) @ 2325000: uvm_test_top.env.m_agt_top.m_agt[0].m_drvh [master_driver] 
WDATA[9] : 35344eb8 | WSTRB[9] : f
UVM_INFO ../Interface/interface.sv(153) @ 2335000: reporter [Property Write Data Handshake] 
wready went low after handshake
UVM_INFO ../Slave_agent/slave_driver.sv(172) @ 2355000: uvm_test_top.env.s_agt_top.s_agt[0].s_drvh [slave_driver] 
Got RREADY
UVM_INFO ../tb/sb.sv(98) @ 2355000: uvm_test_top.env.sb[0] [scoreboard] Data Matched
UVM_INFO ../Interface/interface.sv(153) @ 2365000: reporter [Property Write Data Handshake] 
wready went low after handshake
UVM_INFO ../Interface/interface.sv(168) @ 2365000: reporter [Property Read Data Handshake] 
rready went low after handshake
UVM_INFO ../Master_agent/master_monitor.sv(140) @ 2395000: uvm_test_top.env.m_agt_top.m_agt[0].m_monh [master_monitor] The Write Transaction Data 
--------------------------------------
Name        Type      Size  Value     
--------------------------------------
wtx         txn       -     @1299     
  AWID      integral  4     9         
  AWADDR    integral  32    'd367     
  AWLEN     integral  4     9         
  AWSIZE    integral  3     'd2       
  AWBURST   integral  2     'd1       
  WID       integral  4     9         
  WDATA[0]  integral  32    'h4c000000
  WSTRB[0]  integral  4     'b1000    
  WDATA[1]  integral  32    'he85990b5
  WSTRB[1]  integral  4     'b1111    
  WDATA[2]  integral  32    'h3db5cf59
  WSTRB[2]  integral  4     'b1111    
  WDATA[3]  integral  32    'h97c2b773
  WSTRB[3]  integral  4     'b1111    
  WDATA[4]  integral  32    'hcdf5389c
  WSTRB[4]  integral  4     'b1111    
  WDATA[5]  integral  32    'hb156239f
  WSTRB[5]  integral  4     'b1111    
  WDATA[6]  integral  32    'hd27c035c
  WSTRB[6]  integral  4     'b1111    
  WDATA[7]  integral  32    'h85247b56
  WSTRB[7]  integral  4     'b1111    
  WDATA[8]  integral  32    'hf071893 
  WSTRB[8]  integral  4     'b1111    
  WDATA[9]  integral  32    'h35344eb8
  WSTRB[9]  integral  4     'b1111    
  BID       integral  4     9         
  BRESP     integral  2     'd0       
  ARID      integral  4     'd0       
  ARADDR    integral  32    'd0       
  ARLEN     integral  4     'd0       
  ARSIZE    integral  3     'd0       
  ARBURST   integral  2     'd0       
  RID       integral  4     'd0       
--------------------------------------

UVM_INFO ../Slave_agent/slave_monitor.sv(138) @ 2395000: uvm_test_top.env.s_agt_top.s_agt[0].s_monh [slave_monitor] The Write Transaction Data 
--------------------------------------
Name        Type      Size  Value     
--------------------------------------
wtx         txn       -     @1303     
  AWID      integral  4     9         
  AWADDR    integral  32    'd367     
  AWLEN     integral  4     9         
  AWSIZE    integral  3     'd2       
  AWBURST   integral  2     'd1       
  WID       integral  4     9         
  WDATA[0]  integral  32    'h4c000000
  WSTRB[0]  integral  4     'b1000    
  WDATA[1]  integral  32    'he85990b5
  WSTRB[1]  integral  4     'b1111    
  WDATA[2]  integral  32    'h3db5cf59
  WSTRB[2]  integral  4     'b1111    
  WDATA[3]  integral  32    'h97c2b773
  WSTRB[3]  integral  4     'b1111    
  WDATA[4]  integral  32    'hcdf5389c
  WSTRB[4]  integral  4     'b1111    
  WDATA[5]  integral  32    'hb156239f
  WSTRB[5]  integral  4     'b1111    
  WDATA[6]  integral  32    'hd27c035c
  WSTRB[6]  integral  4     'b1111    
  WDATA[7]  integral  32    'h85247b56
  WSTRB[7]  integral  4     'b1111    
  WDATA[8]  integral  32    'hf071893 
  WSTRB[8]  integral  4     'b1111    
  WDATA[9]  integral  32    'h35344eb8
  WSTRB[9]  integral  4     'b1111    
  BID       integral  4     9         
  BRESP     integral  2     'd0       
  ARID      integral  4     'd0       
  ARADDR    integral  32    'd0       
  ARLEN     integral  4     'd0       
  ARSIZE    integral  3     'd0       
  ARBURST   integral  2     'd0       
  RID       integral  4     'd0       
--------------------------------------

UVM_INFO ../tb/sb.sv(98) @ 2395000: uvm_test_top.env.sb[0] [scoreboard] Data Matched
UVM_INFO ../Slave_agent/slave_driver.sv(172) @ 2405000: uvm_test_top.env.s_agt_top.s_agt[0].s_drvh [slave_driver] 
Got RREADY
UVM_INFO ../Master_agent/master_driver.sv(133) @ 2405000: uvm_test_top.env.m_agt_top.m_agt[0].m_drvh [master_driver] 
WDATA[0] : ad083c3a | WSTRB[0] : 4
UVM_INFO ../Interface/interface.sv(158) @ 2405000: reporter [Property Write response Handshake] 
bready went low after handshake
UVM_INFO ../Slave_agent/slave_driver.sv(165) @ 2415000: uvm_test_top.env.s_agt_top.s_agt[0].s_drvh [slave_driver] 

Asserting RLAST
UVM_INFO ../Interface/interface.sv(168) @ 2415000: reporter [Property Read Data Handshake] 
rready went low after handshake
UVM_INFO ../Master_agent/master_driver.sv(133) @ 2425000: uvm_test_top.env.m_agt_top.m_agt[0].m_drvh [master_driver] 
WDATA[1] : 3986e0b9 | WSTRB[1] : 8
UVM_INFO ../Interface/interface.sv(153) @ 2425000: reporter [Property Write Data Handshake] 
wready went low after handshake
UVM_INFO ../Master_agent/master_driver.sv(133) @ 2445000: uvm_test_top.env.m_agt_top.m_agt[0].m_drvh [master_driver] 
WDATA[2] : fb8c56dd | WSTRB[2] : 1
UVM_INFO ../Interface/interface.sv(153) @ 2445000: reporter [Property Write Data Handshake] 
wready went low after handshake
UVM_INFO ../Slave_agent/slave_driver.sv(172) @ 2465000: uvm_test_top.env.s_agt_top.s_agt[0].s_drvh [slave_driver] 
Got RREADY
UVM_INFO ../Master_agent/master_driver.sv(133) @ 2465000: uvm_test_top.env.m_agt_top.m_agt[0].m_drvh [master_driver] 
WDATA[3] : 2f663c82 | WSTRB[3] : 2
UVM_INFO ../Master_agent/master_monitor.sv(175) @ 2465000: uvm_test_top.env.m_agt_top.m_agt[0].m_monh [master_monitor] The Read Transaction Data 
---------------------------------------
Name         Type      Size  Value     
---------------------------------------
rtx          txn       -     @1223     
  AWID       integral  4     'd0       
  AWADDR     integral  32    'd0       
  AWLEN      integral  4     'd0       
  AWSIZE     integral  3     'd0       
  AWBURST    integral  2     'd0       
  WID        integral  4     'd0       
  BID        integral  4     'd0       
  BRESP      integral  2     'd0       
  ARID       integral  4     8         
  ARADDR     integral  32    'd1893    
  ARLEN      integral  4     11        
  ARSIZE     integral  3     'd2       
  ARBURST    integral  2     'd1       
  RID        integral  4     8         
  RDATA[0]   integral  32    'he2809996
  RRESP[0]   integral  2     'd0       
  RDATA[1]   integral  32    'h18379f1b
  RRESP[1]   integral  2     'd0       
  RDATA[2]   integral  32    'h1b9baed 
  RRESP[2]   integral  2     'd0       
  RDATA[3]   integral  32    'h9a69a305
  RRESP[3]   integral  2     'd0       
  RDATA[4]   integral  32    'h24773f3b
  RRESP[4]   integral  2     'd0       
  RDATA[5]   integral  32    'he4a7c56b
  RRESP[5]   integral  2     'd0       
  RDATA[6]   integral  32    'h22035b10
  RRESP[6]   integral  2     'd0       
  RDATA[7]   integral  32    'hb5367feb
  RRESP[7]   integral  2     'd0       
  RDATA[8]   integral  32    'hb76baa52
  RRESP[8]   integral  2     'd0       
  RDATA[9]   integral  32    'h15c4bfb4
  RRESP[9]   integral  2     'd0       
  RDATA[10]  integral  32    'h9db19e82
  RRESP[10]  integral  2     'd0       
  RDATA[11]  integral  32    'h7bf0a263
  RRESP[11]  integral  2     'd0       
---------------------------------------

UVM_INFO ../Slave_agent/slave_monitor.sv(171) @ 2465000: uvm_test_top.env.s_agt_top.s_agt[0].s_monh [slave_monitor] The Read Transaction Data 
---------------------------------------
Name         Type      Size  Value     
---------------------------------------
rtx          txn       -     @1227     
  AWID       integral  4     'd0       
  AWADDR     integral  32    'd0       
  AWLEN      integral  4     'd0       
  AWSIZE     integral  3     'd0       
  AWBURST    integral  2     'd0       
  WID        integral  4     'd0       
  BID        integral  4     'd0       
  BRESP      integral  2     'd0       
  ARID       integral  4     8         
  ARADDR     integral  32    'd1893    
  ARLEN      integral  4     11        
  ARSIZE     integral  3     'd2       
  ARBURST    integral  2     'd1       
  RID        integral  4     8         
  RDATA[0]   integral  32    'he2809996
  RRESP[0]   integral  2     'd0       
  RDATA[1]   integral  32    'h18379f1b
  RRESP[1]   integral  2     'd0       
  RDATA[2]   integral  32    'h1b9baed 
  RRESP[2]   integral  2     'd0       
  RDATA[3]   integral  32    'h9a69a305
  RRESP[3]   integral  2     'd0       
  RDATA[4]   integral  32    'h24773f3b
  RRESP[4]   integral  2     'd0       
  RDATA[5]   integral  32    'he4a7c56b
  RRESP[5]   integral  2     'd0       
  RDATA[6]   integral  32    'h22035b10
  RRESP[6]   integral  2     'd0       
  RDATA[7]   integral  32    'hb5367feb
  RRESP[7]   integral  2     'd0       
  RDATA[8]   integral  32    'hb76baa52
  RRESP[8]   integral  2     'd0       
  RDATA[9]   integral  32    'h15c4bfb4
  RRESP[9]   integral  2     'd0       
  RDATA[10]  integral  32    'h9db19e82
  RRESP[10]  integral  2     'd0       
  RDATA[11]  integral  32    'h7bf0a263
  RRESP[11]  integral  2     'd0       
---------------------------------------

UVM_INFO ../tb/sb.sv(98) @ 2465000: uvm_test_top.env.sb[0] [scoreboard] Data Matched
UVM_INFO ../Interface/interface.sv(153) @ 2475000: reporter [Property Write Data Handshake] 
wready went low after handshake
UVM_INFO ../Interface/interface.sv(168) @ 2475000: reporter [Property Read Data Handshake] 
rready went low after handshake
UVM_INFO ../Master_agent/master_driver.sv(133) @ 2505000: uvm_test_top.env.m_agt_top.m_agt[0].m_drvh [master_driver] 
WDATA[4] : 103280dd | WSTRB[4] : 4
UVM_INFO ../Interface/interface.sv(153) @ 2505000: reporter [Property Write Data Handshake] 
wready went low after handshake
UVM_INFO ../Slave_agent/slave_driver.sv(172) @ 2525000: uvm_test_top.env.s_agt_top.s_agt[0].s_drvh [slave_driver] 
Got RREADY
UVM_INFO ../Master_agent/master_driver.sv(133) @ 2525000: uvm_test_top.env.m_agt_top.m_agt[0].m_drvh [master_driver] 
WDATA[5] : 658e5f5b | WSTRB[5] : 8
UVM_INFO ../Interface/interface.sv(153) @ 2535000: reporter [Property Write Data Handshake] 
wready went low after handshake
UVM_INFO ../Interface/interface.sv(168) @ 2535000: reporter [Property Read Data Handshake] 
rready went low after handshake
UVM_INFO ../Slave_agent/slave_driver.sv(172) @ 2555000: uvm_test_top.env.s_agt_top.s_agt[0].s_drvh [slave_driver] 
Got RREADY
UVM_INFO ../Master_agent/master_driver.sv(133) @ 2565000: uvm_test_top.env.m_agt_top.m_agt[0].m_drvh [master_driver] 
WDATA[6] : 64b19c31 | WSTRB[6] : 1
UVM_INFO ../Interface/interface.sv(153) @ 2565000: reporter [Property Write Data Handshake] 
wready went low after handshake
UVM_INFO ../Interface/interface.sv(168) @ 2565000: reporter [Property Read Data Handshake] 
rready went low after handshake
UVM_INFO ../Master_agent/master_driver.sv(133) @ 2595000: uvm_test_top.env.m_agt_top.m_agt[0].m_drvh [master_driver] 
WDATA[7] : d5939c0b | WSTRB[7] : 2
UVM_INFO ../Interface/interface.sv(153) @ 2595000: reporter [Property Write Data Handshake] 
wready went low after handshake
UVM_INFO ../Slave_agent/slave_driver.sv(172) @ 2605000: uvm_test_top.env.s_agt_top.s_agt[0].s_drvh [slave_driver] 
Got RREADY
UVM_INFO ../Interface/interface.sv(168) @ 2615000: reporter [Property Read Data Handshake] 
rready went low after handshake
UVM_INFO ../Master_agent/master_driver.sv(133) @ 2625000: uvm_test_top.env.m_agt_top.m_agt[0].m_drvh [master_driver] 
WDATA[8] : 5b0b6191 | WSTRB[8] : 4
UVM_INFO ../Interface/interface.sv(153) @ 2625000: reporter [Property Write Data Handshake] 
wready went low after handshake
UVM_INFO ../Master_agent/master_driver.sv(133) @ 2645000: uvm_test_top.env.m_agt_top.m_agt[0].m_drvh [master_driver] 
WDATA[9] : ba977100 | WSTRB[9] : 8
UVM_INFO ../Slave_agent/slave_driver.sv(172) @ 2655000: uvm_test_top.env.s_agt_top.s_agt[0].s_drvh [slave_driver] 
Got RREADY
UVM_INFO ../Interface/interface.sv(153) @ 2655000: reporter [Property Write Data Handshake] 
wready went low after handshake
UVM_INFO ../Interface/interface.sv(168) @ 2665000: reporter [Property Read Data Handshake] 
rready went low after handshake
UVM_INFO ../Master_agent/master_driver.sv(133) @ 2675000: uvm_test_top.env.m_agt_top.m_agt[0].m_drvh [master_driver] 
WDATA[10] : c912c6c8 | WSTRB[10] : 1
UVM_INFO ../Slave_agent/slave_driver.sv(172) @ 2685000: uvm_test_top.env.s_agt_top.s_agt[0].s_drvh [slave_driver] 
Got RREADY
UVM_INFO ../Interface/interface.sv(153) @ 2685000: reporter [Property Write Data Handshake] 
wready went low after handshake
UVM_INFO ../Interface/interface.sv(168) @ 2695000: reporter [Property Read Data Handshake] 
rready went low after handshake
UVM_INFO ../Master_agent/master_driver.sv(133) @ 2705000: uvm_test_top.env.m_agt_top.m_agt[0].m_drvh [master_driver] 
WDATA[11] : a6f87910 | WSTRB[11] : 2
UVM_INFO ../Slave_agent/slave_driver.sv(172) @ 2715000: uvm_test_top.env.s_agt_top.s_agt[0].s_drvh [slave_driver] 
Got RREADY
UVM_INFO ../Interface/interface.sv(153) @ 2715000: reporter [Property Write Data Handshake] 
wready went low after handshake
UVM_INFO ../Interface/interface.sv(168) @ 2725000: reporter [Property Read Data Handshake] 
rready went low after handshake
UVM_INFO ../tb/sb.sv(98) @ 2735000: uvm_test_top.env.sb[0] [scoreboard] Data Matched
UVM_INFO ../Interface/interface.sv(153) @ 2745000: reporter [Property Write Data Handshake] 
wready went low after handshake
UVM_INFO ../Slave_agent/slave_driver.sv(172) @ 2755000: uvm_test_top.env.s_agt_top.s_agt[0].s_drvh [slave_driver] 
Got RREADY
UVM_INFO ../Master_agent/master_monitor.sv(140) @ 2765000: uvm_test_top.env.m_agt_top.m_agt[0].m_monh [master_monitor] The Write Transaction Data 
---------------------------------------
Name         Type      Size  Value     
---------------------------------------
wtx          txn       -     @1323     
  AWID       integral  4     14        
  AWADDR     integral  32    'd2478    
  AWLEN      integral  4     11        
  AWSIZE     integral  3     'd0       
  AWBURST    integral  2     'd1       
  WID        integral  4     14        
  WDATA[0]   integral  32    'h80000   
  WSTRB[0]   integral  4     'b100     
  WDATA[1]   integral  32    'h39000000
  WSTRB[1]   integral  4     'b1000    
  WDATA[2]   integral  32    'hdd      
  WSTRB[2]   integral  4     'b1       
  WDATA[3]   integral  32    'h3c00    
  WSTRB[3]   integral  4     'b10      
  WDATA[4]   integral  32    'h320000  
  WSTRB[4]   integral  4     'b100     
  WDATA[5]   integral  32    'h65000000
  WSTRB[5]   integral  4     'b1000    
  WDATA[6]   integral  32    'h31      
  WSTRB[6]   integral  4     'b1       
  WDATA[7]   integral  32    'h9c00    
  WSTRB[7]   integral  4     'b10      
  WDATA[8]   integral  32    'hb0000   
  WSTRB[8]   integral  4     'b100     
  WDATA[9]   integral  32    'hba000000
  WSTRB[9]   integral  4     'b1000    
  WDATA[10]  integral  32    'hc8      
  WSTRB[10]  integral  4     'b1       
  WDATA[11]  integral  32    'h7900    
  WSTRB[11]  integral  4     'b10      
  BID        integral  4     14        
  BRESP      integral  2     'd0       
  ARID       integral  4     'd0       
  ARADDR     integral  32    'd0       
  ARLEN      integral  4     'd0       
  ARSIZE     integral  3     'd0       
  ARBURST    integral  2     'd0       
  RID        integral  4     'd0       
---------------------------------------

UVM_INFO ../Slave_agent/slave_monitor.sv(138) @ 2765000: uvm_test_top.env.s_agt_top.s_agt[0].s_monh [slave_monitor] The Write Transaction Data 
---------------------------------------
Name         Type      Size  Value     
---------------------------------------
wtx          txn       -     @1327     
  AWID       integral  4     14        
  AWADDR     integral  32    'd2478    
  AWLEN      integral  4     11        
  AWSIZE     integral  3     'd0       
  AWBURST    integral  2     'd1       
  WID        integral  4     14        
  WDATA[0]   integral  32    'h80000   
  WSTRB[0]   integral  4     'b100     
  WDATA[1]   integral  32    'h39000000
  WSTRB[1]   integral  4     'b1000    
  WDATA[2]   integral  32    'hdd      
  WSTRB[2]   integral  4     'b1       
  WDATA[3]   integral  32    'h3c00    
  WSTRB[3]   integral  4     'b10      
  WDATA[4]   integral  32    'h320000  
  WSTRB[4]   integral  4     'b100     
  WDATA[5]   integral  32    'h65000000
  WSTRB[5]   integral  4     'b1000    
  WDATA[6]   integral  32    'h31      
  WSTRB[6]   integral  4     'b1       
  WDATA[7]   integral  32    'h9c00    
  WSTRB[7]   integral  4     'b10      
  WDATA[8]   integral  32    'hb0000   
  WSTRB[8]   integral  4     'b100     
  WDATA[9]   integral  32    'hba000000
  WSTRB[9]   integral  4     'b1000    
  WDATA[10]  integral  32    'hc8      
  WSTRB[10]  integral  4     'b1       
  WDATA[11]  integral  32    'h7900    
  WSTRB[11]  integral  4     'b10      
  BID        integral  4     14        
  BRESP      integral  2     'd0       
  ARID       integral  4     'd0       
  ARADDR     integral  32    'd0       
  ARLEN      integral  4     'd0       
  ARSIZE     integral  3     'd0       
  ARBURST    integral  2     'd0       
  RID        integral  4     'd0       
---------------------------------------

UVM_INFO ../tb/sb.sv(98) @ 2765000: uvm_test_top.env.sb[0] [scoreboard] Data Matched
UVM_INFO ../Interface/interface.sv(168) @ 2765000: reporter [Property Read Data Handshake] 
rready went low after handshake
UVM_INFO ../Interface/interface.sv(158) @ 2775000: reporter [Property Write response Handshake] 
bready went low after handshake
UVM_INFO ../Slave_agent/slave_driver.sv(172) @ 2805000: uvm_test_top.env.s_agt_top.s_agt[0].s_drvh [slave_driver] 
Got RREADY
UVM_INFO ../Interface/interface.sv(168) @ 2815000: reporter [Property Read Data Handshake] 
rready went low after handshake
UVM_INFO ../Slave_agent/slave_driver.sv(172) @ 2835000: uvm_test_top.env.s_agt_top.s_agt[0].s_drvh [slave_driver] 
Got RREADY
UVM_INFO ../Interface/interface.sv(168) @ 2845000: reporter [Property Read Data Handshake] 
rready went low after handshake
UVM_INFO ../Slave_agent/slave_driver.sv(172) @ 2885000: uvm_test_top.env.s_agt_top.s_agt[0].s_drvh [slave_driver] 
Got RREADY
UVM_INFO ../Interface/interface.sv(168) @ 2895000: reporter [Property Read Data Handshake] 
rready went low after handshake
UVM_INFO ../Slave_agent/slave_driver.sv(172) @ 2925000: uvm_test_top.env.s_agt_top.s_agt[0].s_drvh [slave_driver] 
Got RREADY
UVM_INFO ../Interface/interface.sv(168) @ 2935000: reporter [Property Read Data Handshake] 
rready went low after handshake
UVM_INFO ../Slave_agent/slave_driver.sv(172) @ 2975000: uvm_test_top.env.s_agt_top.s_agt[0].s_drvh [slave_driver] 
Got RREADY
UVM_INFO ../Interface/interface.sv(168) @ 2985000: reporter [Property Read Data Handshake] 
rready went low after handshake
UVM_INFO ../Slave_agent/slave_driver.sv(172) @ 3035000: uvm_test_top.env.s_agt_top.s_agt[0].s_drvh [slave_driver] 
Got RREADY
UVM_INFO ../Slave_agent/slave_driver.sv(165) @ 3045000: uvm_test_top.env.s_agt_top.s_agt[0].s_drvh [slave_driver] 

Asserting RLAST
UVM_INFO ../Interface/interface.sv(168) @ 3045000: reporter [Property Read Data Handshake] 
rready went low after handshake
UVM_INFO ../Slave_agent/slave_driver.sv(172) @ 3075000: uvm_test_top.env.s_agt_top.s_agt[0].s_drvh [slave_driver] 
Got RREADY
UVM_INFO ../Master_agent/master_monitor.sv(175) @ 3075000: uvm_test_top.env.m_agt_top.m_agt[0].m_monh [master_monitor] The Read Transaction Data 
---------------------------------------
Name         Type      Size  Value     
---------------------------------------
rtx          txn       -     @1255     
  AWID       integral  4     'd0       
  AWADDR     integral  32    'd0       
  AWLEN      integral  4     'd0       
  AWSIZE     integral  3     'd0       
  AWBURST    integral  2     'd0       
  WID        integral  4     'd0       
  BID        integral  4     'd0       
  BRESP      integral  2     'd0       
  ARID       integral  4     12        
  ARADDR     integral  32    'd343     
  ARLEN      integral  4     13        
  ARSIZE     integral  3     'd0       
  ARBURST    integral  2     'd1       
  RID        integral  4     12        
  RDATA[0]   integral  32    'hbe0f35b0
  RRESP[0]   integral  2     'd0       
  RDATA[1]   integral  32    'h6e1cc5c6
  RRESP[1]   integral  2     'd0       
  RDATA[2]   integral  32    'h48268721
  RRESP[2]   integral  2     'd0       
  RDATA[3]   integral  32    'h874712e7
  RRESP[3]   integral  2     'd0       
  RDATA[4]   integral  32    'hf08985d 
  RRESP[4]   integral  2     'd0       
  RDATA[5]   integral  32    'h59bbffbb
  RRESP[5]   integral  2     'd0       
  RDATA[6]   integral  32    'hf42ad7e9
  RRESP[6]   integral  2     'd0       
  RDATA[7]   integral  32    'h99e0e017
  RRESP[7]   integral  2     'd0       
  RDATA[8]   integral  32    'hc58ac0ad
  RRESP[8]   integral  2     'd0       
  RDATA[9]   integral  32    'hbe2545c2
  RRESP[9]   integral  2     'd0       
  RDATA[10]  integral  32    'hbd6e6219
  RRESP[10]  integral  2     'd0       
  RDATA[11]  integral  32    'h2177d45b
  RRESP[11]  integral  2     'd0       
  RDATA[12]  integral  32    'h7c09a3ec
  RRESP[12]  integral  2     'd0       
  RDATA[13]  integral  32    'h87c72f44
  RRESP[13]  integral  2     'd0       
---------------------------------------

UVM_INFO ../Slave_agent/slave_monitor.sv(171) @ 3075000: uvm_test_top.env.s_agt_top.s_agt[0].s_monh [slave_monitor] The Read Transaction Data 
---------------------------------------
Name         Type      Size  Value     
---------------------------------------
rtx          txn       -     @1259     
  AWID       integral  4     'd0       
  AWADDR     integral  32    'd0       
  AWLEN      integral  4     'd0       
  AWSIZE     integral  3     'd0       
  AWBURST    integral  2     'd0       
  WID        integral  4     'd0       
  BID        integral  4     'd0       
  BRESP      integral  2     'd0       
  ARID       integral  4     12        
  ARADDR     integral  32    'd343     
  ARLEN      integral  4     13        
  ARSIZE     integral  3     'd0       
  ARBURST    integral  2     'd1       
  RID        integral  4     12        
  RDATA[0]   integral  32    'hbe0f35b0
  RRESP[0]   integral  2     'd0       
  RDATA[1]   integral  32    'h6e1cc5c6
  RRESP[1]   integral  2     'd0       
  RDATA[2]   integral  32    'h48268721
  RRESP[2]   integral  2     'd0       
  RDATA[3]   integral  32    'h874712e7
  RRESP[3]   integral  2     'd0       
  RDATA[4]   integral  32    'hf08985d 
  RRESP[4]   integral  2     'd0       
  RDATA[5]   integral  32    'h59bbffbb
  RRESP[5]   integral  2     'd0       
  RDATA[6]   integral  32    'hf42ad7e9
  RRESP[6]   integral  2     'd0       
  RDATA[7]   integral  32    'h99e0e017
  RRESP[7]   integral  2     'd0       
  RDATA[8]   integral  32    'hc58ac0ad
  RRESP[8]   integral  2     'd0       
  RDATA[9]   integral  32    'hbe2545c2
  RRESP[9]   integral  2     'd0       
  RDATA[10]  integral  32    'hbd6e6219
  RRESP[10]  integral  2     'd0       
  RDATA[11]  integral  32    'h2177d45b
  RRESP[11]  integral  2     'd0       
  RDATA[12]  integral  32    'h7c09a3ec
  RRESP[12]  integral  2     'd0       
  RDATA[13]  integral  32    'h87c72f44
  RRESP[13]  integral  2     'd0       
---------------------------------------

UVM_INFO ../tb/sb.sv(98) @ 3075000: uvm_test_top.env.sb[0] [scoreboard] Data Matched
UVM_INFO ../Interface/interface.sv(168) @ 3085000: reporter [Property Read Data Handshake] 
rready went low after handshake
UVM_INFO ../Slave_agent/slave_driver.sv(172) @ 3135000: uvm_test_top.env.s_agt_top.s_agt[0].s_drvh [slave_driver] 
Got RREADY
UVM_INFO ../Interface/interface.sv(168) @ 3145000: reporter [Property Read Data Handshake] 
rready went low after handshake
UVM_INFO ../Slave_agent/slave_driver.sv(165) @ 3165000: uvm_test_top.env.s_agt_top.s_agt[0].s_drvh [slave_driver] 

Asserting RLAST
UVM_INFO ../Slave_agent/slave_driver.sv(172) @ 3175000: uvm_test_top.env.s_agt_top.s_agt[0].s_drvh [slave_driver] 
Got RREADY
UVM_INFO ../Master_agent/master_monitor.sv(175) @ 3175000: uvm_test_top.env.m_agt_top.m_agt[0].m_monh [master_monitor] The Read Transaction Data 
--------------------------------------
Name        Type      Size  Value     
--------------------------------------
rtx         txn       -     @1283     
  AWID      integral  4     'd0       
  AWADDR    integral  32    'd0       
  AWLEN     integral  4     'd0       
  AWSIZE    integral  3     'd0       
  AWBURST   integral  2     'd0       
  WID       integral  4     'd0       
  BID       integral  4     'd0       
  BRESP     integral  2     'd0       
  ARID      integral  4     'd5       
  ARADDR    integral  32    'd3128    
  ARLEN     integral  4     'd1       
  ARSIZE    integral  3     'd2       
  ARBURST   integral  2     'd1       
  RID       integral  4     'd5       
  RDATA[0]  integral  32    'hc15b565c
  RRESP[0]  integral  2     'd0       
  RDATA[1]  integral  32    'he5943d84
  RRESP[1]  integral  2     'd0       
--------------------------------------

UVM_INFO ../Slave_agent/slave_monitor.sv(171) @ 3175000: uvm_test_top.env.s_agt_top.s_agt[0].s_monh [slave_monitor] The Read Transaction Data 
--------------------------------------
Name        Type      Size  Value     
--------------------------------------
rtx         txn       -     @1287     
  AWID      integral  4     'd0       
  AWADDR    integral  32    'd0       
  AWLEN     integral  4     'd0       
  AWSIZE    integral  3     'd0       
  AWBURST   integral  2     'd0       
  WID       integral  4     'd0       
  BID       integral  4     'd0       
  BRESP     integral  2     'd0       
  ARID      integral  4     'd5       
  ARADDR    integral  32    'd3128    
  ARLEN     integral  4     'd1       
  ARSIZE    integral  3     'd2       
  ARBURST   integral  2     'd1       
  RID       integral  4     'd5       
  RDATA[0]  integral  32    'hc15b565c
  RRESP[0]  integral  2     'd0       
  RDATA[1]  integral  32    'he5943d84
  RRESP[1]  integral  2     'd0       
--------------------------------------

UVM_INFO ../tb/sb.sv(98) @ 3175000: uvm_test_top.env.sb[0] [scoreboard] Data Matched
UVM_INFO ../Interface/interface.sv(168) @ 3185000: reporter [Property Read Data Handshake] 
rready went low after handshake
UVM_INFO ../Slave_agent/slave_driver.sv(172) @ 3255000: uvm_test_top.env.s_agt_top.s_agt[0].s_drvh [slave_driver] 
Got RREADY
UVM_INFO ../Interface/interface.sv(168) @ 3265000: reporter [Property Read Data Handshake] 
rready went low after handshake
UVM_INFO ../Slave_agent/slave_driver.sv(172) @ 3285000: uvm_test_top.env.s_agt_top.s_agt[0].s_drvh [slave_driver] 
Got RREADY
UVM_INFO ../Interface/interface.sv(168) @ 3295000: reporter [Property Read Data Handshake] 
rready went low after handshake
UVM_INFO ../Slave_agent/slave_driver.sv(172) @ 3315000: uvm_test_top.env.s_agt_top.s_agt[0].s_drvh [slave_driver] 
Got RREADY
UVM_INFO ../Interface/interface.sv(168) @ 3325000: reporter [Property Read Data Handshake] 
rready went low after handshake
UVM_INFO ../Slave_agent/slave_driver.sv(172) @ 3365000: uvm_test_top.env.s_agt_top.s_agt[0].s_drvh [slave_driver] 
Got RREADY
UVM_INFO ../Interface/interface.sv(168) @ 3375000: reporter [Property Read Data Handshake] 
rready went low after handshake
UVM_INFO ../Slave_agent/slave_driver.sv(172) @ 3395000: uvm_test_top.env.s_agt_top.s_agt[0].s_drvh [slave_driver] 
Got RREADY
UVM_INFO ../Interface/interface.sv(168) @ 3405000: reporter [Property Read Data Handshake] 
rready went low after handshake
UVM_INFO ../Slave_agent/slave_driver.sv(172) @ 3445000: uvm_test_top.env.s_agt_top.s_agt[0].s_drvh [slave_driver] 
Got RREADY
UVM_INFO ../Interface/interface.sv(168) @ 3455000: reporter [Property Read Data Handshake] 
rready went low after handshake
UVM_INFO ../Slave_agent/slave_driver.sv(172) @ 3475000: uvm_test_top.env.s_agt_top.s_agt[0].s_drvh [slave_driver] 
Got RREADY
UVM_INFO ../Interface/interface.sv(168) @ 3485000: reporter [Property Read Data Handshake] 
rready went low after handshake
UVM_INFO ../Slave_agent/slave_driver.sv(165) @ 3505000: uvm_test_top.env.s_agt_top.s_agt[0].s_drvh [slave_driver] 

Asserting RLAST
UVM_INFO ../Slave_agent/slave_driver.sv(172) @ 3515000: uvm_test_top.env.s_agt_top.s_agt[0].s_drvh [slave_driver] 
Got RREADY
UVM_INFO ../Master_agent/master_monitor.sv(175) @ 3515000: uvm_test_top.env.m_agt_top.m_agt[0].m_monh [master_monitor] The Read Transaction Data 
--------------------------------------
Name        Type      Size  Value     
--------------------------------------
rtx         txn       -     @1307     
  AWID      integral  4     'd0       
  AWADDR    integral  32    'd0       
  AWLEN     integral  4     'd0       
  AWSIZE    integral  3     'd0       
  AWBURST   integral  2     'd0       
  WID       integral  4     'd0       
  BID       integral  4     'd0       
  BRESP     integral  2     'd0       
  ARID      integral  4     15        
  ARADDR    integral  32    'd3056    
  ARLEN     integral  4     'd7       
  ARSIZE    integral  3     'd0       
  ARBURST   integral  2     'd1       
  RID       integral  4     15        
  RDATA[0]  integral  32    'h5588f5c3
  RRESP[0]  integral  2     'd0       
  RDATA[1]  integral  32    'h23c6cd25
  RRESP[1]  integral  2     'd0       
  RDATA[2]  integral  32    'hd2b67ecd
  RRESP[2]  integral  2     'd0       
  RDATA[3]  integral  32    'h105f353f
  RRESP[3]  integral  2     'd0       
  RDATA[4]  integral  32    'he66053d2
  RRESP[4]  integral  2     'd0       
  RDATA[5]  integral  32    'h1db3c451
  RRESP[5]  integral  2     'd0       
  RDATA[6]  integral  32    'hae6c9b3b
  RRESP[6]  integral  2     'd0       
  RDATA[7]  integral  32    'h1e0cc3e8
  RRESP[7]  integral  2     'd0       
--------------------------------------

UVM_INFO ../Slave_agent/slave_monitor.sv(171) @ 3515000: uvm_test_top.env.s_agt_top.s_agt[0].s_monh [slave_monitor] The Read Transaction Data 
--------------------------------------
Name        Type      Size  Value     
--------------------------------------
rtx         txn       -     @1311     
  AWID      integral  4     'd0       
  AWADDR    integral  32    'd0       
  AWLEN     integral  4     'd0       
  AWSIZE    integral  3     'd0       
  AWBURST   integral  2     'd0       
  WID       integral  4     'd0       
  BID       integral  4     'd0       
  BRESP     integral  2     'd0       
  ARID      integral  4     15        
  ARADDR    integral  32    'd3056    
  ARLEN     integral  4     'd7       
  ARSIZE    integral  3     'd0       
  ARBURST   integral  2     'd1       
  RID       integral  4     15        
  RDATA[0]  integral  32    'h5588f5c3
  RRESP[0]  integral  2     'd0       
  RDATA[1]  integral  32    'h23c6cd25
  RRESP[1]  integral  2     'd0       
  RDATA[2]  integral  32    'hd2b67ecd
  RRESP[2]  integral  2     'd0       
  RDATA[3]  integral  32    'h105f353f
  RRESP[3]  integral  2     'd0       
  RDATA[4]  integral  32    'he66053d2
  RRESP[4]  integral  2     'd0       
  RDATA[5]  integral  32    'h1db3c451
  RRESP[5]  integral  2     'd0       
  RDATA[6]  integral  32    'hae6c9b3b
  RRESP[6]  integral  2     'd0       
  RDATA[7]  integral  32    'h1e0cc3e8
  RRESP[7]  integral  2     'd0       
--------------------------------------

UVM_INFO ../tb/sb.sv(98) @ 3515000: uvm_test_top.env.sb[0] [scoreboard] Data Matched
UVM_INFO ../Interface/interface.sv(168) @ 3525000: reporter [Property Read Data Handshake] 
rready went low after handshake
UVM_INFO ../Slave_agent/slave_driver.sv(172) @ 3595000: uvm_test_top.env.s_agt_top.s_agt[0].s_drvh [slave_driver] 
Got RREADY
UVM_INFO ../Interface/interface.sv(168) @ 3605000: reporter [Property Read Data Handshake] 
rready went low after handshake
UVM_INFO ../Slave_agent/slave_driver.sv(172) @ 3625000: uvm_test_top.env.s_agt_top.s_agt[0].s_drvh [slave_driver] 
Got RREADY
UVM_INFO ../Interface/interface.sv(168) @ 3635000: reporter [Property Read Data Handshake] 
rready went low after handshake
UVM_INFO ../Slave_agent/slave_driver.sv(172) @ 3665000: uvm_test_top.env.s_agt_top.s_agt[0].s_drvh [slave_driver] 
Got RREADY
UVM_INFO ../Interface/interface.sv(168) @ 3675000: reporter [Property Read Data Handshake] 
rready went low after handshake
UVM_INFO ../Slave_agent/slave_driver.sv(172) @ 3725000: uvm_test_top.env.s_agt_top.s_agt[0].s_drvh [slave_driver] 
Got RREADY
UVM_INFO ../Interface/interface.sv(168) @ 3735000: reporter [Property Read Data Handshake] 
rready went low after handshake
UVM_INFO ../Slave_agent/slave_driver.sv(172) @ 3785000: uvm_test_top.env.s_agt_top.s_agt[0].s_drvh [slave_driver] 
Got RREADY
UVM_INFO ../Interface/interface.sv(168) @ 3795000: reporter [Property Read Data Handshake] 
rready went low after handshake
UVM_INFO ../Slave_agent/slave_driver.sv(172) @ 3825000: uvm_test_top.env.s_agt_top.s_agt[0].s_drvh [slave_driver] 
Got RREADY
UVM_INFO ../Interface/interface.sv(168) @ 3835000: reporter [Property Read Data Handshake] 
rready went low after handshake
UVM_INFO ../Slave_agent/slave_driver.sv(172) @ 3865000: uvm_test_top.env.s_agt_top.s_agt[0].s_drvh [slave_driver] 
Got RREADY
UVM_INFO ../Interface/interface.sv(168) @ 3875000: reporter [Property Read Data Handshake] 
rready went low after handshake
UVM_INFO ../Slave_agent/slave_driver.sv(172) @ 3905000: uvm_test_top.env.s_agt_top.s_agt[0].s_drvh [slave_driver] 
Got RREADY
UVM_INFO ../Slave_agent/slave_driver.sv(165) @ 3915000: uvm_test_top.env.s_agt_top.s_agt[0].s_drvh [slave_driver] 

Asserting RLAST
UVM_INFO ../Interface/interface.sv(168) @ 3915000: reporter [Property Read Data Handshake] 
rready went low after handshake
UVM_INFO ../Slave_agent/slave_driver.sv(172) @ 3945000: uvm_test_top.env.s_agt_top.s_agt[0].s_drvh [slave_driver] 
Got RREADY
UVM_INFO ../Master_agent/master_monitor.sv(175) @ 3945000: uvm_test_top.env.m_agt_top.m_agt[0].m_monh [master_monitor] The Read Transaction Data 
--------------------------------------
Name        Type      Size  Value     
--------------------------------------
rtx         txn       -     @1339     
  AWID      integral  4     'd0       
  AWADDR    integral  32    'd0       
  AWLEN     integral  4     'd0       
  AWSIZE    integral  3     'd0       
  AWBURST   integral  2     'd0       
  WID       integral  4     'd0       
  BID       integral  4     'd0       
  BRESP     integral  2     'd0       
  ARID      integral  4     10        
  ARADDR    integral  32    'd2959    
  ARLEN     integral  4     8         
  ARSIZE    integral  3     'd0       
  ARBURST   integral  2     'd1       
  RID       integral  4     10        
  RDATA[0]  integral  32    'hadd5d9cd
  RRESP[0]  integral  2     'd0       
  RDATA[1]  integral  32    'hcd0195d0
  RRESP[1]  integral  2     'd0       
  RDATA[2]  integral  32    'hae4b83ab
  RRESP[2]  integral  2     'd0       
  RDATA[3]  integral  32    'hacc46602
  RRESP[3]  integral  2     'd0       
  RDATA[4]  integral  32    'hbc31a433
  RRESP[4]  integral  2     'd0       
  RDATA[5]  integral  32    'h30d4bba0
  RRESP[5]  integral  2     'd0       
  RDATA[6]  integral  32    'h59caa211
  RRESP[6]  integral  2     'd0       
  RDATA[7]  integral  32    'hc04f08bc
  RRESP[7]  integral  2     'd0       
  RDATA[8]  integral  32    'h4f6ee675
  RRESP[8]  integral  2     'd0       
--------------------------------------

UVM_INFO ../Slave_agent/slave_monitor.sv(171) @ 3945000: uvm_test_top.env.s_agt_top.s_agt[0].s_monh [slave_monitor] The Read Transaction Data 
--------------------------------------
Name        Type      Size  Value     
--------------------------------------
rtx         txn       -     @1343     
  AWID      integral  4     'd0       
  AWADDR    integral  32    'd0       
  AWLEN     integral  4     'd0       
  AWSIZE    integral  3     'd0       
  AWBURST   integral  2     'd0       
  WID       integral  4     'd0       
  BID       integral  4     'd0       
  BRESP     integral  2     'd0       
  ARID      integral  4     10        
  ARADDR    integral  32    'd2959    
  ARLEN     integral  4     8         
  ARSIZE    integral  3     'd0       
  ARBURST   integral  2     'd1       
  RID       integral  4     10        
  RDATA[0]  integral  32    'hadd5d9cd
  RRESP[0]  integral  2     'd0       
  RDATA[1]  integral  32    'hcd0195d0
  RRESP[1]  integral  2     'd0       
  RDATA[2]  integral  32    'hae4b83ab
  RRESP[2]  integral  2     'd0       
  RDATA[3]  integral  32    'hacc46602
  RRESP[3]  integral  2     'd0       
  RDATA[4]  integral  32    'hbc31a433
  RRESP[4]  integral  2     'd0       
  RDATA[5]  integral  32    'h30d4bba0
  RRESP[5]  integral  2     'd0       
  RDATA[6]  integral  32    'h59caa211
  RRESP[6]  integral  2     'd0       
  RDATA[7]  integral  32    'hc04f08bc
  RRESP[7]  integral  2     'd0       
  RDATA[8]  integral  32    'h4f6ee675
  RRESP[8]  integral  2     'd0       
--------------------------------------

UVM_INFO ../tb/sb.sv(98) @ 3945000: uvm_test_top.env.sb[0] [scoreboard] Data Matched
UVM_INFO ../Interface/interface.sv(168) @ 3955000: reporter [Property Read Data Handshake] 
rready went low after handshake
UVM_INFO /home/cad/eda/SYNOPSYS/VCS/vcs/T-2022.06-SP1/etc/uvm/base/uvm_objection.svh(1274) @ 3985000: reporter [TEST_DONE] 'run' phase is ready to proceed to the 'extract' phase

--- UVM Report Summary ---

** Report counts by severity
UVM_INFO :  499
UVM_WARNING :    0
UVM_ERROR :    0
UVM_FATAL :    0
** Report counts by id
[Property Read Address Handshake]    10
[Property Read Data Handshake]    87
[Property Write Address Handshake]    10
[Property Write Data Handshake]    86
[Property Write response Handshake]    10
[RNTST]     1
[TEST_DONE]     1
[UVMTOP]     1
[master_driver]   106
[master_monitor]    20
[scoreboard]    50
[slave_driver]    97
[slave_monitor]    20
$finish called from file "/home/cad/eda/SYNOPSYS/VCS/vcs/T-2022.06-SP1/etc/uvm/base/uvm_root.svh", line 437.
$finish at simulation time              3985000
"../Interface/interface.sv", 173: top.intrf.prp6, 399 attempts, 10 match
"../Interface/interface.sv", 174: top.intrf.prp7, 399 attempts, 86 match
"../Interface/interface.sv", 175: top.intrf.prp8, 399 attempts, 10 match
"../Interface/interface.sv", 176: top.intrf.prp9, 399 attempts, 10 match
"../Interface/interface.sv", 177: top.intrf.prp10, 399 attempts, 87 match
"../Interface/interface.sv", 178: top.intrf.prp11, 399 attempts, 21 match
"../Interface/interface.sv", 179: top.intrf.prp12, 399 attempts, 14 match
"../Interface/interface.sv", 180: top.intrf.prp13, 399 attempts, 24 match
           V C S   S i m u l a t i o n   R e p o r t 
Time: 3985000 ps
CPU Time:      0.490 seconds;       Data structure size:   0.7Mb
Sat May 16 20:20:46 2026
Command: /home1/B123/KDHaneesh/AXI_VIP_copy/sim/./simv -a vcs.log +fsdbfile+wave4.fsdb -cm_dir ./mem_cov4 +ntb_random_seed_automatic +UVM_TESTNAME=wrap_test +UVM_VERBOSITY=UVM_LOW
Chronologic VCS simulator copyright 1991-2022
Contains Synopsys proprietary information.
Compiler version T-2022.06-SP1_Full64; Runtime version T-2022.06-SP1_Full64;  May 16 20:20 2026
NOTE: automatic random seed used: 2485868824
----------------------------------------------------------------
UVM-1.1d.Synopsys
(C) 2007-2013 Mentor Graphics Corporation
(C) 2007-2013 Cadence Design Systems, Inc.
(C) 2006-2013 Synopsys, Inc.
(C) 2011-2013 Cypress Semiconductor Corp.
----------------------------------------------------------------

  ***********       IMPORTANT RELEASE NOTES         ************

  You are using a version of the UVM library that has been compiled
  with `UVM_NO_DEPRECATED undefined.
  See http://www.eda.org/svdb/view.php?id=3313 for more details.

  You are using a version of the UVM library that has been compiled
  with `UVM_OBJECT_MUST_HAVE_CONSTRUCTOR undefined.
  See http://www.eda.org/svdb/view.php?id=3770 for more details.

      (Specify +UVM_NO_RELNOTES to turn off this notice)

*Verdi* Loading libsscore_vcs202206.so
FSDB Dumper for VCS, Release Verdi_T-2022.06-SP1, Linux x86_64/64bit, 08/28/2022
(C) 1996 - 2022 by Synopsys, Inc.
*Verdi* : Create FSDB file 'wave4.fsdb'
*Verdi* : Begin traversing the scope (top), layer (0).
*Verdi* : End of traversing.
UVM_INFO @ 0: reporter [RNTST] Running test wrap_test...
UVM_INFO @ 0: reporter [UVMTOP] UVM testbench topology:
--------------------------------------------------------------------
Name                         Type                        Size  Value
--------------------------------------------------------------------
uvm_test_top                 wrap_test                   -     @464 
  env                        env                         -     @473 
    m_agt_top                master_agent_top            -     @601 
      m_agt[0]               master_agent                -     @628 
        m_drvh               master_driver               -     @771 
          rsp_port           uvm_analysis_port           -     @788 
          seq_item_port      uvm_seq_item_pull_port      -     @779 
        m_monh               master_monitor              -     @797 
          m_ap               uvm_analysis_port           -     @805 
        m_seqrh              master_sequencer            -     @648 
          rsp_export         uvm_analysis_export         -     @656 
          seq_item_export    uvm_seq_item_pull_imp       -     @762 
          arbitration_queue  array                       0     -    
          lock_queue         array                       0     -    
          num_last_reqs      integral                    32    'd1  
          num_last_rsps      integral                    32    'd1  
    s_agt_top                slave_agent_top             -     @609 
      s_agt[0]               slave_agent                 -     @822 
        s_drvh               slave_driver                -     @963 
          rsp_port           uvm_analysis_port           -     @980 
          seq_item_port      uvm_seq_item_pull_port      -     @971 
        s_monh               slave_monitor               -     @989 
          s_ap               uvm_analysis_port           -     @997 
        s_seqrh              slave_sequencer             -     @840 
          rsp_export         uvm_analysis_export         -     @848 
          seq_item_export    uvm_seq_item_pull_imp       -     @954 
          arbitration_queue  array                       0     -    
          lock_queue         array                       0     -    
          num_last_reqs      integral                    32    'd1  
          num_last_rsps      integral                    32    'd1  
    sb[0]                    scoreboard                  -     @487 
      m_fifo                 uvm_tlm_analysis_fifo #(T)  -     @495 
        analysis_export      uvm_analysis_imp            -     @539 
        get_ap               uvm_analysis_port           -     @530 
        get_peek_export      uvm_get_peek_imp            -     @512 
        put_ap               uvm_analysis_port           -     @521 
        put_export           uvm_put_imp                 -     @503 
      s_fifo                 uvm_tlm_analysis_fifo #(T)  -     @548 
        analysis_export      uvm_analysis_imp            -     @592 
        get_ap               uvm_analysis_port           -     @583 
        get_peek_export      uvm_get_peek_imp            -     @565 
        put_ap               uvm_analysis_port           -     @574 
        put_export           uvm_put_imp                 -     @556 
--------------------------------------------------------------------

UVM_INFO ../Master_agent/master_driver.sv(112) @ 0: uvm_test_top.env.m_agt_top.m_agt[0].m_drvh [master_driver] 

Write Address and Control signals driven are 
 AWID : 4 
 Address : 3398 
 AWLEN : 3 
 AWSIZE : 0 
 AWBURST : 2
UVM_INFO ../Master_agent/master_driver.sv(179) @ 0: uvm_test_top.env.m_agt_top.m_agt[0].m_drvh [master_driver] 

Read Address and Control signal driven are
 ARID : 9 
 ARADDRESS : 3534 
 ARLEN : 7 
 ARSIZE : 0 
 ARBURST : 2
UVM_INFO ../tb/sb.sv(98) @ 15000: uvm_test_top.env.sb[0] [scoreboard] Data Matched
UVM_INFO ../tb/sb.sv(98) @ 15000: uvm_test_top.env.sb[0] [scoreboard] Data Matched
UVM_INFO ../Interface/interface.sv(148) @ 25000: reporter [Property Write Address Handshake] 
Awready went low after handshake
UVM_INFO ../Interface/interface.sv(163) @ 25000: reporter [Property Read Address Handshake] 
Arready went low after handshake
UVM_INFO ../Master_agent/master_driver.sv(112) @ 35000: uvm_test_top.env.m_agt_top.m_agt[0].m_drvh [master_driver] 

Write Address and Control signals driven are 
 AWID : 0 
 Address : 548 
 AWLEN : 1 
 AWSIZE : 2 
 AWBURST : 2
UVM_INFO ../tb/sb.sv(98) @ 45000: uvm_test_top.env.sb[0] [scoreboard] Data Matched
UVM_INFO ../Master_agent/master_driver.sv(179) @ 45000: uvm_test_top.env.m_agt_top.m_agt[0].m_drvh [master_driver] 

Read Address and Control signal driven are
 ARID : 9 
 ARADDRESS : 1532 
 ARLEN : 7 
 ARSIZE : 0 
 ARBURST : 2
UVM_INFO ../tb/sb.sv(98) @ 55000: uvm_test_top.env.sb[0] [scoreboard] Data Matched
UVM_INFO ../Master_agent/master_driver.sv(133) @ 55000: uvm_test_top.env.m_agt_top.m_agt[0].m_drvh [master_driver] 
WDATA[0] : fcc42de6 | WSTRB[0] : 4
UVM_INFO ../Interface/interface.sv(148) @ 55000: reporter [Property Write Address Handshake] 
Awready went low after handshake
UVM_INFO ../Slave_agent/slave_driver.sv(172) @ 65000: uvm_test_top.env.s_agt_top.s_agt[0].s_drvh [slave_driver] 
Got RREADY
UVM_INFO ../Interface/interface.sv(163) @ 65000: reporter [Property Read Address Handshake] 
Arready went low after handshake
UVM_INFO ../Interface/interface.sv(153) @ 75000: reporter [Property Write Data Handshake] 
wready went low after handshake
UVM_INFO ../Interface/interface.sv(168) @ 75000: reporter [Property Read Data Handshake] 
rready went low after handshake
UVM_INFO ../Master_agent/master_driver.sv(133) @ 85000: uvm_test_top.env.m_agt_top.m_agt[0].m_drvh [master_driver] 
WDATA[1] : 2a7207dc | WSTRB[1] : 8
UVM_INFO ../Master_agent/master_driver.sv(112) @ 95000: uvm_test_top.env.m_agt_top.m_agt[0].m_drvh [master_driver] 

Write Address and Control signals driven are 
 AWID : 5 
 Address : 3996 
 AWLEN : 1 
 AWSIZE : 2 
 AWBURST : 2
UVM_INFO ../tb/sb.sv(98) @ 105000: uvm_test_top.env.sb[0] [scoreboard] Data Matched
UVM_INFO ../Slave_agent/slave_driver.sv(172) @ 105000: uvm_test_top.env.s_agt_top.s_agt[0].s_drvh [slave_driver] 
Got RREADY
UVM_INFO ../Master_agent/master_driver.sv(179) @ 105000: uvm_test_top.env.m_agt_top.m_agt[0].m_drvh [master_driver] 

Read Address and Control signal driven are
 ARID : 15 
 ARADDRESS : 3062 
 ARLEN : 7 
 ARSIZE : 0 
 ARBURST : 2
UVM_INFO ../Interface/interface.sv(153) @ 105000: reporter [Property Write Data Handshake] 
wready went low after handshake
UVM_INFO ../tb/sb.sv(98) @ 115000: uvm_test_top.env.sb[0] [scoreboard] Data Matched
UVM_INFO ../Master_agent/master_driver.sv(133) @ 115000: uvm_test_top.env.m_agt_top.m_agt[0].m_drvh [master_driver] 
WDATA[2] : 11b681c | WSTRB[2] : 1
UVM_INFO ../Interface/interface.sv(148) @ 115000: reporter [Property Write Address Handshake] 
Awready went low after handshake
UVM_INFO ../Interface/interface.sv(168) @ 115000: reporter [Property Read Data Handshake] 
rready went low after handshake
UVM_INFO ../Interface/interface.sv(163) @ 125000: reporter [Property Read Address Handshake] 
Arready went low after handshake
UVM_INFO ../Master_agent/master_driver.sv(112) @ 135000: uvm_test_top.env.m_agt_top.m_agt[0].m_drvh [master_driver] 

Write Address and Control signals driven are 
 AWID : 10 
 Address : 3920 
 AWLEN : 15 
 AWSIZE : 1 
 AWBURST : 2
UVM_INFO ../Interface/interface.sv(153) @ 135000: reporter [Property Write Data Handshake] 
wready went low after handshake
UVM_INFO ../Master_agent/master_driver.sv(133) @ 145000: uvm_test_top.env.m_agt_top.m_agt[0].m_drvh [master_driver] 
WDATA[3] : 7c7548e0 | WSTRB[3] : 2
UVM_INFO ../tb/sb.sv(98) @ 155000: uvm_test_top.env.sb[0] [scoreboard] Data Matched
UVM_INFO ../tb/sb.sv(98) @ 155000: uvm_test_top.env.sb[0] [scoreboard] Data Matched
UVM_INFO ../Slave_agent/slave_driver.sv(172) @ 165000: uvm_test_top.env.s_agt_top.s_agt[0].s_drvh [slave_driver] 
Got RREADY
UVM_INFO ../Master_agent/master_driver.sv(179) @ 165000: uvm_test_top.env.m_agt_top.m_agt[0].m_drvh [master_driver] 

Read Address and Control signal driven are
 ARID : 5 
 ARADDRESS : 2200 
 ARLEN : 15 
 ARSIZE : 0 
 ARBURST : 2
UVM_INFO ../Master_agent/master_driver.sv(112) @ 165000: uvm_test_top.env.m_agt_top.m_agt[0].m_drvh [master_driver] 

Write Address and Control signals driven are 
 AWID : 12 
 Address : 1284 
 AWLEN : 15 
 AWSIZE : 2 
 AWBURST : 2
UVM_INFO ../Interface/interface.sv(148) @ 165000: reporter [Property Write Address Handshake] 
Awready went low after handshake
UVM_INFO ../Interface/interface.sv(153) @ 165000: reporter [Property Write Data Handshake] 
wready went low after handshake
UVM_INFO ../tb/sb.sv(98) @ 175000: uvm_test_top.env.sb[0] [scoreboard] Data Matched
UVM_INFO ../Interface/interface.sv(168) @ 175000: reporter [Property Read Data Handshake] 
rready went low after handshake
UVM_INFO ../Interface/interface.sv(163) @ 185000: reporter [Property Read Address Handshake] 
Arready went low after handshake
UVM_INFO ../Master_agent/master_monitor.sv(140) @ 195000: uvm_test_top.env.m_agt_top.m_agt[0].m_monh [master_monitor] The Write Transaction Data 
--------------------------------------
Name        Type      Size  Value     
--------------------------------------
wtx         txn       -     @1026     
  AWID      integral  4     'd4       
  AWADDR    integral  32    'd3398    
  AWLEN     integral  4     'd3       
  AWSIZE    integral  3     'd0       
  AWBURST   integral  2     2         
  WID       integral  4     'd4       
  WDATA[0]  integral  32    'hc40000  
  WSTRB[0]  integral  4     'b100     
  WDATA[1]  integral  32    'h2a000000
  WSTRB[1]  integral  4     'b1000    
  WDATA[2]  integral  32    'h1c      
  WSTRB[2]  integral  4     'b1       
  WDATA[3]  integral  32    'h4800    
  WSTRB[3]  integral  4     'b10      
  BID       integral  4     'd4       
  BRESP     integral  2     'd0       
  ARID      integral  4     'd0       
  ARADDR    integral  32    'd0       
  ARLEN     integral  4     'd0       
  ARSIZE    integral  3     'd0       
  ARBURST   integral  2     'd0       
  RID       integral  4     'd0       
--------------------------------------

UVM_INFO ../Slave_agent/slave_monitor.sv(138) @ 195000: uvm_test_top.env.s_agt_top.s_agt[0].s_monh [slave_monitor] The Write Transaction Data 
--------------------------------------
Name        Type      Size  Value     
--------------------------------------
wtx         txn       -     @1042     
  AWID      integral  4     'd4       
  AWADDR    integral  32    'd3398    
  AWLEN     integral  4     'd3       
  AWSIZE    integral  3     'd0       
  AWBURST   integral  2     2         
  WID       integral  4     'd4       
  WDATA[0]  integral  32    'hc40000  
  WSTRB[0]  integral  4     'b100     
  WDATA[1]  integral  32    'h2a000000
  WSTRB[1]  integral  4     'b1000    
  WDATA[2]  integral  32    'h1c      
  WSTRB[2]  integral  4     'b1       
  WDATA[3]  integral  32    'h4800    
  WSTRB[3]  integral  4     'b10      
  BID       integral  4     'd4       
  BRESP     integral  2     'd0       
  ARID      integral  4     'd0       
  ARADDR    integral  32    'd0       
  ARLEN     integral  4     'd0       
  ARSIZE    integral  3     'd0       
  ARBURST   integral  2     'd0       
  RID       integral  4     'd0       
--------------------------------------

UVM_INFO ../tb/sb.sv(98) @ 195000: uvm_test_top.env.sb[0] [scoreboard] Data Matched
UVM_INFO ../tb/sb.sv(98) @ 195000: uvm_test_top.env.sb[0] [scoreboard] Data Matched
UVM_INFO ../Master_agent/master_driver.sv(133) @ 195000: uvm_test_top.env.m_agt_top.m_agt[0].m_drvh [master_driver] 
WDATA[0] : 57f57fd | WSTRB[0] : f
UVM_INFO ../Interface/interface.sv(148) @ 205000: reporter [Property Write Address Handshake] 
Awready went low after handshake
UVM_INFO ../Interface/interface.sv(158) @ 205000: reporter [Property Write response Handshake] 
bready went low after handshake
UVM_INFO ../Master_agent/master_driver.sv(133) @ 215000: uvm_test_top.env.m_agt_top.m_agt[0].m_drvh [master_driver] 
WDATA[1] : 34d4a1c2 | WSTRB[1] : f
UVM_INFO ../Master_agent/master_driver.sv(179) @ 215000: uvm_test_top.env.m_agt_top.m_agt[0].m_drvh [master_driver] 

Read Address and Control signal driven are
 ARID : 14 
 ARADDRESS : 3626 
 ARLEN : 3 
 ARSIZE : 2 
 ARBURST : 2
UVM_INFO ../Interface/interface.sv(153) @ 215000: reporter [Property Write Data Handshake] 
wready went low after handshake
UVM_INFO ../Slave_agent/slave_driver.sv(172) @ 225000: uvm_test_top.env.s_agt_top.s_agt[0].s_drvh [slave_driver] 
Got RREADY
UVM_INFO ../tb/sb.sv(98) @ 225000: uvm_test_top.env.sb[0] [scoreboard] Data Matched
UVM_INFO ../tb/sb.sv(98) @ 225000: uvm_test_top.env.sb[0] [scoreboard] Data Matched
UVM_INFO ../Master_agent/master_driver.sv(112) @ 225000: uvm_test_top.env.m_agt_top.m_agt[0].m_drvh [master_driver] 

Write Address and Control signals driven are 
 AWID : 6 
 Address : 3322 
 AWLEN : 15 
 AWSIZE : 1 
 AWBURST : 2
UVM_INFO ../tb/sb.sv(98) @ 235000: uvm_test_top.env.sb[0] [scoreboard] Data Matched
UVM_INFO ../Interface/interface.sv(153) @ 235000: reporter [Property Write Data Handshake] 
wready went low after handshake
UVM_INFO ../Interface/interface.sv(163) @ 235000: reporter [Property Read Address Handshake] 
Arready went low after handshake
UVM_INFO ../Interface/interface.sv(168) @ 235000: reporter [Property Read Data Handshake] 
rready went low after handshake
UVM_INFO ../Interface/interface.sv(148) @ 245000: reporter [Property Write Address Handshake] 
Awready went low after handshake
UVM_INFO ../Master_agent/master_monitor.sv(140) @ 265000: uvm_test_top.env.m_agt_top.m_agt[0].m_monh [master_monitor] The Write Transaction Data 
--------------------------------------
Name        Type      Size  Value     
--------------------------------------
wtx         txn       -     @1102     
  AWID      integral  4     'd0       
  AWADDR    integral  32    'd548     
  AWLEN     integral  4     'd1       
  AWSIZE    integral  3     'd2       
  AWBURST   integral  2     2         
  WID       integral  4     'd0       
  WDATA[0]  integral  32    'h57f57fd 
  WSTRB[0]  integral  4     'b1111    
  WDATA[1]  integral  32    'h34d4a1c2
  WSTRB[1]  integral  4     'b1111    
  BID       integral  4     'd0       
  BRESP     integral  2     'd0       
  ARID      integral  4     'd0       
  ARADDR    integral  32    'd0       
  ARLEN     integral  4     'd0       
  ARSIZE    integral  3     'd0       
  ARBURST   integral  2     'd0       
  RID       integral  4     'd0       
--------------------------------------

UVM_INFO ../Slave_agent/slave_driver.sv(172) @ 265000: uvm_test_top.env.s_agt_top.s_agt[0].s_drvh [slave_driver] 
Got RREADY
UVM_INFO ../Slave_agent/slave_monitor.sv(138) @ 265000: uvm_test_top.env.s_agt_top.s_agt[0].s_monh [slave_monitor] The Write Transaction Data 
--------------------------------------
Name        Type      Size  Value     
--------------------------------------
wtx         txn       -     @1110     
  AWID      integral  4     'd0       
  AWADDR    integral  32    'd548     
  AWLEN     integral  4     'd1       
  AWSIZE    integral  3     'd2       
  AWBURST   integral  2     2         
  WID       integral  4     'd0       
  WDATA[0]  integral  32    'h57f57fd 
  WSTRB[0]  integral  4     'b1111    
  WDATA[1]  integral  32    'h34d4a1c2
  WSTRB[1]  integral  4     'b1111    
  BID       integral  4     'd0       
  BRESP     integral  2     'd0       
  ARID      integral  4     'd0       
  ARADDR    integral  32    'd0       
  ARLEN     integral  4     'd0       
  ARSIZE    integral  3     'd0       
  ARBURST   integral  2     'd0       
  RID       integral  4     'd0       
--------------------------------------

UVM_INFO ../tb/sb.sv(98) @ 265000: uvm_test_top.env.sb[0] [scoreboard] Data Matched
UVM_INFO ../Master_agent/master_driver.sv(133) @ 265000: uvm_test_top.env.m_agt_top.m_agt[0].m_drvh [master_driver] 
WDATA[0] : 440b726 | WSTRB[0] : f
UVM_INFO ../Master_agent/master_driver.sv(179) @ 265000: uvm_test_top.env.m_agt_top.m_agt[0].m_drvh [master_driver] 

Read Address and Control signal driven are
 ARID : 12 
 ARADDRESS : 2694 
 ARLEN : 15 
 ARSIZE : 2 
 ARBURST : 2
UVM_INFO ../tb/sb.sv(98) @ 275000: uvm_test_top.env.sb[0] [scoreboard] Data Matched
UVM_INFO ../Interface/interface.sv(158) @ 275000: reporter [Property Write response Handshake] 
bready went low after handshake
UVM_INFO ../Interface/interface.sv(168) @ 275000: reporter [Property Read Data Handshake] 
rready went low after handshake
UVM_INFO ../Master_agent/master_driver.sv(112) @ 285000: uvm_test_top.env.m_agt_top.m_agt[0].m_drvh [master_driver] 

Write Address and Control signals driven are 
 AWID : 11 
 Address : 2846 
 AWLEN : 3 
 AWSIZE : 1 
 AWBURST : 2
UVM_INFO ../Interface/interface.sv(153) @ 285000: reporter [Property Write Data Handshake] 
wready went low after handshake
UVM_INFO ../Interface/interface.sv(163) @ 285000: reporter [Property Read Address Handshake] 
Arready went low after handshake
UVM_INFO ../tb/sb.sv(98) @ 295000: uvm_test_top.env.sb[0] [scoreboard] Data Matched
UVM_INFO ../Master_agent/master_driver.sv(133) @ 295000: uvm_test_top.env.m_agt_top.m_agt[0].m_drvh [master_driver] 
WDATA[1] : 162bfa0e | WSTRB[1] : f
UVM_INFO ../Slave_agent/slave_driver.sv(172) @ 305000: uvm_test_top.env.s_agt_top.s_agt[0].s_drvh [slave_driver] 
Got RREADY
UVM_INFO ../Master_agent/master_driver.sv(179) @ 305000: uvm_test_top.env.m_agt_top.m_agt[0].m_drvh [master_driver] 

Read Address and Control signal driven are
 ARID : 3 
 ARADDRESS : 2702 
 ARLEN : 7 
 ARSIZE : 2 
 ARBURST : 2
UVM_INFO ../tb/sb.sv(98) @ 305000: uvm_test_top.env.sb[0] [scoreboard] Data Matched
UVM_INFO ../Interface/interface.sv(148) @ 305000: reporter [Property Write Address Handshake] 
Awready went low after handshake
UVM_INFO ../Interface/interface.sv(153) @ 315000: reporter [Property Write Data Handshake] 
wready went low after handshake
UVM_INFO ../Interface/interface.sv(168) @ 315000: reporter [Property Read Data Handshake] 
rready went low after handshake
UVM_INFO ../tb/sb.sv(98) @ 325000: uvm_test_top.env.sb[0] [scoreboard] Data Matched
UVM_INFO ../Master_agent/master_driver.sv(112) @ 325000: uvm_test_top.env.m_agt_top.m_agt[0].m_drvh [master_driver] 

Write Address and Control signals driven are 
 AWID : 2 
 Address : 1385 
 AWLEN : 1 
 AWSIZE : 0 
 AWBURST : 2
UVM_INFO ../tb/sb.sv(98) @ 335000: uvm_test_top.env.sb[0] [scoreboard] Data Matched
UVM_INFO ../Interface/interface.sv(163) @ 335000: reporter [Property Read Address Handshake] 
Arready went low after handshake
UVM_INFO ../Master_agent/master_monitor.sv(140) @ 345000: uvm_test_top.env.m_agt_top.m_agt[0].m_monh [master_monitor] The Write Transaction Data 
--------------------------------------
Name        Type      Size  Value     
--------------------------------------
wtx         txn       -     @1131     
  AWID      integral  4     'd5       
  AWADDR    integral  32    'd3996    
  AWLEN     integral  4     'd1       
  AWSIZE    integral  3     'd2       
  AWBURST   integral  2     2         
  WID       integral  4     'd5       
  WDATA[0]  integral  32    'h440b726 
  WSTRB[0]  integral  4     'b1111    
  WDATA[1]  integral  32    'h162bfa0e
  WSTRB[1]  integral  4     'b1111    
  BID       integral  4     'd5       
  BRESP     integral  2     'd0       
  ARID      integral  4     'd0       
  ARADDR    integral  32    'd0       
  ARLEN     integral  4     'd0       
  ARSIZE    integral  3     'd0       
  ARBURST   integral  2     'd0       
  RID       integral  4     'd0       
--------------------------------------

UVM_INFO ../Slave_agent/slave_driver.sv(172) @ 345000: uvm_test_top.env.s_agt_top.s_agt[0].s_drvh [slave_driver] 
Got RREADY
UVM_INFO ../Slave_agent/slave_monitor.sv(138) @ 345000: uvm_test_top.env.s_agt_top.s_agt[0].s_monh [slave_monitor] The Write Transaction Data 
--------------------------------------
Name        Type      Size  Value     
--------------------------------------
wtx         txn       -     @1135     
  AWID      integral  4     'd5       
  AWADDR    integral  32    'd3996    
  AWLEN     integral  4     'd1       
  AWSIZE    integral  3     'd2       
  AWBURST   integral  2     2         
  WID       integral  4     'd5       
  WDATA[0]  integral  32    'h440b726 
  WSTRB[0]  integral  4     'b1111    
  WDATA[1]  integral  32    'h162bfa0e
  WSTRB[1]  integral  4     'b1111    
  BID       integral  4     'd5       
  BRESP     integral  2     'd0       
  ARID      integral  4     'd0       
  ARADDR    integral  32    'd0       
  ARLEN     integral  4     'd0       
  ARSIZE    integral  3     'd0       
  ARBURST   integral  2     'd0       
  RID       integral  4     'd0       
--------------------------------------

UVM_INFO ../tb/sb.sv(98) @ 345000: uvm_test_top.env.sb[0] [scoreboard] Data Matched
UVM_INFO ../Master_agent/master_driver.sv(179) @ 345000: uvm_test_top.env.m_agt_top.m_agt[0].m_drvh [master_driver] 

Read Address and Control signal driven are
 ARID : 0 
 ARADDRESS : 293 
 ARLEN : 15 
 ARSIZE : 0 
 ARBURST : 2
UVM_INFO ../Interface/interface.sv(148) @ 345000: reporter [Property Write Address Handshake] 
Awready went low after handshake
UVM_INFO ../Master_agent/master_driver.sv(133) @ 355000: uvm_test_top.env.m_agt_top.m_agt[0].m_drvh [master_driver] 
WDATA[0] : ce65583b | WSTRB[0] : 3
UVM_INFO ../Interface/interface.sv(158) @ 355000: reporter [Property Write response Handshake] 
bready went low after handshake
UVM_INFO ../Interface/interface.sv(168) @ 355000: reporter [Property Read Data Handshake] 
rready went low after handshake
UVM_INFO ../Slave_agent/slave_driver.sv(165) @ 365000: uvm_test_top.env.s_agt_top.s_agt[0].s_drvh [slave_driver] 

Asserting RLAST
UVM_INFO ../Interface/interface.sv(153) @ 375000: reporter [Property Write Data Handshake] 
wready went low after handshake
UVM_INFO ../tb/sb.sv(98) @ 385000: uvm_test_top.env.sb[0] [scoreboard] Data Matched
UVM_INFO ../Master_agent/master_driver.sv(133) @ 385000: uvm_test_top.env.m_agt_top.m_agt[0].m_drvh [master_driver] 
WDATA[1] : cab1dba6 | WSTRB[1] : c
UVM_INFO ../Master_agent/master_driver.sv(112) @ 385000: uvm_test_top.env.m_agt_top.m_agt[0].m_drvh [master_driver] 

Write Address and Control signals driven are 
 AWID : 6 
 Address : 2698 
 AWLEN : 1 
 AWSIZE : 1 
 AWBURST : 2
UVM_INFO ../Slave_agent/slave_driver.sv(172) @ 395000: uvm_test_top.env.s_agt_top.s_agt[0].s_drvh [slave_driver] 
Got RREADY
UVM_INFO ../tb/sb.sv(98) @ 395000: uvm_test_top.env.sb[0] [scoreboard] Data Matched
UVM_INFO ../Master_agent/master_monitor.sv(175) @ 395000: uvm_test_top.env.m_agt_top.m_agt[0].m_monh [master_monitor] The Read Transaction Data 
--------------------------------------
Name        Type      Size  Value     
--------------------------------------
rtx         txn       -     @1030     
  AWID      integral  4     'd0       
  AWADDR    integral  32    'd0       
  AWLEN     integral  4     'd0       
  AWSIZE    integral  3     'd0       
  AWBURST   integral  2     'd0       
  WID       integral  4     'd0       
  BID       integral  4     'd0       
  BRESP     integral  2     'd0       
  ARID      integral  4     9         
  ARADDR    integral  32    'd3534    
  ARLEN     integral  4     'd7       
  ARSIZE    integral  3     'd0       
  ARBURST   integral  2     2         
  RID       integral  4     9         
  RDATA[0]  integral  32    'hb52af6a9
  RRESP[0]  integral  2     'd0       
  RDATA[1]  integral  32    'ha475704f
  RRESP[1]  integral  2     'd0       
  RDATA[2]  integral  32    'h9eabbb00
  RRESP[2]  integral  2     'd0       
  RDATA[3]  integral  32    'h7fc1a297
  RRESP[3]  integral  2     'd0       
  RDATA[4]  integral  32    'hcaf388ff
  RRESP[4]  integral  2     'd0       
  RDATA[5]  integral  32    'h1f28df7a
  RRESP[5]  integral  2     'd0       
  RDATA[6]  integral  32    'h3fb5cbc3
  RRESP[6]  integral  2     'd0       
  RDATA[7]  integral  32    'hce712b6d
  RRESP[7]  integral  2     'd0       
--------------------------------------

UVM_INFO ../Slave_agent/slave_monitor.sv(171) @ 395000: uvm_test_top.env.s_agt_top.s_agt[0].s_monh [slave_monitor] The Read Transaction Data 
--------------------------------------
Name        Type      Size  Value     
--------------------------------------
rtx         txn       -     @1046     
  AWID      integral  4     'd0       
  AWADDR    integral  32    'd0       
  AWLEN     integral  4     'd0       
  AWSIZE    integral  3     'd0       
  AWBURST   integral  2     'd0       
  WID       integral  4     'd0       
  BID       integral  4     'd0       
  BRESP     integral  2     'd0       
  ARID      integral  4     9         
  ARADDR    integral  32    'd3534    
  ARLEN     integral  4     'd7       
  ARSIZE    integral  3     'd0       
  ARBURST   integral  2     2         
  RID       integral  4     9         
  RDATA[0]  integral  32    'hb52af6a9
  RRESP[0]  integral  2     'd0       
  RDATA[1]  integral  32    'ha475704f
  RRESP[1]  integral  2     'd0       
  RDATA[2]  integral  32    'h9eabbb00
  RRESP[2]  integral  2     'd0       
  RDATA[3]  integral  32    'h7fc1a297
  RRESP[3]  integral  2     'd0       
  RDATA[4]  integral  32    'hcaf388ff
  RRESP[4]  integral  2     'd0       
  RDATA[5]  integral  32    'h1f28df7a
  RRESP[5]  integral  2     'd0       
  RDATA[6]  integral  32    'h3fb5cbc3
  RRESP[6]  integral  2     'd0       
  RDATA[7]  integral  32    'hce712b6d
  RRESP[7]  integral  2     'd0       
--------------------------------------

UVM_INFO ../tb/sb.sv(98) @ 395000: uvm_test_top.env.sb[0] [scoreboard] Data Matched
UVM_INFO ../Interface/interface.sv(163) @ 395000: reporter [Property Read Address Handshake] 
Arready went low after handshake
UVM_INFO ../Interface/interface.sv(148) @ 405000: reporter [Property Write Address Handshake] 
Awready went low after handshake
UVM_INFO ../Interface/interface.sv(153) @ 405000: reporter [Property Write Data Handshake] 
wready went low after handshake
UVM_INFO ../Interface/interface.sv(168) @ 405000: reporter [Property Read Data Handshake] 
rready went low after handshake
UVM_INFO ../Master_agent/master_driver.sv(133) @ 415000: uvm_test_top.env.m_agt_top.m_agt[0].m_drvh [master_driver] 
WDATA[2] : 189123f1 | WSTRB[2] : 3
UVM_INFO ../Master_agent/master_driver.sv(179) @ 415000: uvm_test_top.env.m_agt_top.m_agt[0].m_drvh [master_driver] 

Read Address and Control signal driven are
 ARID : 5 
 ARADDRESS : 1128 
 ARLEN : 15 
 ARSIZE : 2 
 ARBURST : 2
UVM_INFO ../tb/sb.sv(98) @ 435000: uvm_test_top.env.sb[0] [scoreboard] Data Matched
UVM_INFO ../Master_agent/master_driver.sv(133) @ 435000: uvm_test_top.env.m_agt_top.m_agt[0].m_drvh [master_driver] 
WDATA[3] : 3a83a3fa | WSTRB[3] : c
UVM_INFO ../Master_agent/master_driver.sv(112) @ 435000: uvm_test_top.env.m_agt_top.m_agt[0].m_drvh [master_driver] 

Write Address and Control signals driven are 
 AWID : 7 
 Address : 3442 
 AWLEN : 3 
 AWSIZE : 0 
 AWBURST : 2
UVM_INFO ../Interface/interface.sv(153) @ 435000: reporter [Property Write Data Handshake] 
wready went low after handshake
UVM_INFO ../tb/sb.sv(98) @ 445000: uvm_test_top.env.sb[0] [scoreboard] Data Matched
UVM_INFO ../Interface/interface.sv(163) @ 445000: reporter [Property Read Address Handshake] 
Arready went low after handshake
UVM_INFO ../Interface/interface.sv(148) @ 455000: reporter [Property Write Address Handshake] 
Awready went low after handshake
UVM_INFO ../Interface/interface.sv(153) @ 455000: reporter [Property Write Data Handshake] 
wready went low after handshake
UVM_INFO ../Master_agent/master_driver.sv(133) @ 465000: uvm_test_top.env.m_agt_top.m_agt[0].m_drvh [master_driver] 
WDATA[4] : 29e18648 | WSTRB[4] : 3
UVM_INFO ../Slave_agent/slave_driver.sv(172) @ 465000: uvm_test_top.env.s_agt_top.s_agt[0].s_drvh [slave_driver] 
Got RREADY
UVM_INFO ../Master_agent/master_driver.sv(179) @ 465000: uvm_test_top.env.m_agt_top.m_agt[0].m_drvh [master_driver] 

Read Address and Control signal driven are
 ARID : 3 
 ARADDRESS : 2220 
 ARLEN : 7 
 ARSIZE : 1 
 ARBURST : 2
UVM_INFO ../tb/sb.sv(98) @ 475000: uvm_test_top.env.sb[0] [scoreboard] Data Matched
UVM_INFO ../Interface/interface.sv(168) @ 475000: reporter [Property Read Data Handshake] 
rready went low after handshake
UVM_INFO ../Interface/interface.sv(153) @ 485000: reporter [Property Write Data Handshake] 
wready went low after handshake
UVM_INFO ../Interface/interface.sv(163) @ 485000: reporter [Property Read Address Handshake] 
Arready went low after handshake
UVM_INFO ../Master_agent/master_driver.sv(133) @ 495000: uvm_test_top.env.m_agt_top.m_agt[0].m_drvh [master_driver] 
WDATA[5] : b62dd5ed | WSTRB[5] : c
UVM_INFO ../Slave_agent/slave_driver.sv(172) @ 505000: uvm_test_top.env.s_agt_top.s_agt[0].s_drvh [slave_driver] 
Got RREADY
UVM_INFO ../Master_agent/master_driver.sv(133) @ 515000: uvm_test_top.env.m_agt_top.m_agt[0].m_drvh [master_driver] 
WDATA[6] : 160ac02f | WSTRB[6] : 3
UVM_INFO ../Interface/interface.sv(153) @ 515000: reporter [Property Write Data Handshake] 
wready went low after handshake
UVM_INFO ../Interface/interface.sv(168) @ 515000: reporter [Property Read Data Handshake] 
rready went low after handshake
UVM_INFO ../Slave_agent/slave_driver.sv(172) @ 545000: uvm_test_top.env.s_agt_top.s_agt[0].s_drvh [slave_driver] 
Got RREADY
UVM_INFO ../Master_agent/master_driver.sv(133) @ 545000: uvm_test_top.env.m_agt_top.m_agt[0].m_drvh [master_driver] 
WDATA[7] : a5a96d86 | WSTRB[7] : c
UVM_INFO ../Interface/interface.sv(153) @ 545000: reporter [Property Write Data Handshake] 
wready went low after handshake
UVM_INFO ../Interface/interface.sv(168) @ 555000: reporter [Property Read Data Handshake] 
rready went low after handshake
UVM_INFO ../Master_agent/master_driver.sv(133) @ 565000: uvm_test_top.env.m_agt_top.m_agt[0].m_drvh [master_driver] 
WDATA[8] : 7faa3475 | WSTRB[8] : 3
UVM_INFO ../Interface/interface.sv(153) @ 575000: reporter [Property Write Data Handshake] 
wready went low after handshake
UVM_INFO ../Slave_agent/slave_driver.sv(172) @ 585000: uvm_test_top.env.s_agt_top.s_agt[0].s_drvh [slave_driver] 
Got RREADY
UVM_INFO ../Interface/interface.sv(168) @ 595000: reporter [Property Read Data Handshake] 
rready went low after handshake
UVM_INFO ../Master_agent/master_driver.sv(133) @ 605000: uvm_test_top.env.m_agt_top.m_agt[0].m_drvh [master_driver] 
WDATA[9] : da9fe747 | WSTRB[9] : c
UVM_INFO ../Interface/interface.sv(153) @ 605000: reporter [Property Write Data Handshake] 
wready went low after handshake
UVM_INFO ../Slave_agent/slave_driver.sv(172) @ 615000: uvm_test_top.env.s_agt_top.s_agt[0].s_drvh [slave_driver] 
Got RREADY
UVM_INFO ../Interface/interface.sv(168) @ 625000: reporter [Property Read Data Handshake] 
rready went low after handshake
UVM_INFO ../Master_agent/master_driver.sv(133) @ 635000: uvm_test_top.env.m_agt_top.m_agt[0].m_drvh [master_driver] 
WDATA[10] : 7cc793d | WSTRB[10] : 3
UVM_INFO ../Interface/interface.sv(153) @ 635000: reporter [Property Write Data Handshake] 
wready went low after handshake
UVM_INFO ../Master_agent/master_driver.sv(133) @ 665000: uvm_test_top.env.m_agt_top.m_agt[0].m_drvh [master_driver] 
WDATA[11] : 181b8531 | WSTRB[11] : c
UVM_INFO ../Interface/interface.sv(153) @ 665000: reporter [Property Write Data Handshake] 
wready went low after handshake
UVM_INFO ../Slave_agent/slave_driver.sv(172) @ 675000: uvm_test_top.env.s_agt_top.s_agt[0].s_drvh [slave_driver] 
Got RREADY
UVM_INFO ../Master_agent/master_driver.sv(133) @ 685000: uvm_test_top.env.m_agt_top.m_agt[0].m_drvh [master_driver] 
WDATA[12] : 2a5ae763 | WSTRB[12] : 3
UVM_INFO ../Interface/interface.sv(168) @ 685000: reporter [Property Read Data Handshake] 
rready went low after handshake
UVM_INFO ../Interface/interface.sv(153) @ 695000: reporter [Property Write Data Handshake] 
wready went low after handshake
UVM_INFO ../Master_agent/master_driver.sv(133) @ 715000: uvm_test_top.env.m_agt_top.m_agt[0].m_drvh [master_driver] 
WDATA[13] : 9dae8cd4 | WSTRB[13] : c
UVM_INFO ../Interface/interface.sv(153) @ 725000: reporter [Property Write Data Handshake] 
wready went low after handshake
UVM_INFO ../Slave_agent/slave_driver.sv(172) @ 735000: uvm_test_top.env.s_agt_top.s_agt[0].s_drvh [slave_driver] 
Got RREADY
UVM_INFO ../Master_agent/master_driver.sv(133) @ 745000: uvm_test_top.env.m_agt_top.m_agt[0].m_drvh [master_driver] 
WDATA[14] : 6f7761df | WSTRB[14] : 3
UVM_INFO ../Interface/interface.sv(168) @ 745000: reporter [Property Read Data Handshake] 
rready went low after handshake
UVM_INFO ../Slave_agent/slave_driver.sv(165) @ 755000: uvm_test_top.env.s_agt_top.s_agt[0].s_drvh [slave_driver] 

Asserting RLAST
UVM_INFO ../Interface/interface.sv(153) @ 755000: reporter [Property Write Data Handshake] 
wready went low after handshake
UVM_INFO ../Slave_agent/slave_driver.sv(172) @ 775000: uvm_test_top.env.s_agt_top.s_agt[0].s_drvh [slave_driver] 
Got RREADY
UVM_INFO ../Master_agent/master_driver.sv(133) @ 775000: uvm_test_top.env.m_agt_top.m_agt[0].m_drvh [master_driver] 
WDATA[15] : 53f24fd8 | WSTRB[15] : c
UVM_INFO ../Master_agent/master_monitor.sv(175) @ 775000: uvm_test_top.env.m_agt_top.m_agt[0].m_monh [master_monitor] The Read Transaction Data 
--------------------------------------
Name        Type      Size  Value     
--------------------------------------
rtx         txn       -     @1106     
  AWID      integral  4     'd0       
  AWADDR    integral  32    'd0       
  AWLEN     integral  4     'd0       
  AWSIZE    integral  3     'd0       
  AWBURST   integral  2     'd0       
  WID       integral  4     'd0       
  BID       integral  4     'd0       
  BRESP     integral  2     'd0       
  ARID      integral  4     9         
  ARADDR    integral  32    'd1532    
  ARLEN     integral  4     'd7       
  ARSIZE    integral  3     'd0       
  ARBURST   integral  2     2         
  RID       integral  4     9         
  RDATA[0]  integral  32    'h37ca4953
  RRESP[0]  integral  2     'd0       
  RDATA[1]  integral  32    'ha092892 
  RRESP[1]  integral  2     'd0       
  RDATA[2]  integral  32    'h2114d247
  RRESP[2]  integral  2     'd0       
  RDATA[3]  integral  32    'h4f4d01ca
  RRESP[3]  integral  2     'd0       
  RDATA[4]  integral  32    'h65fd2ff5
  RRESP[4]  integral  2     'd0       
  RDATA[5]  integral  32    'h92362d13
  RRESP[5]  integral  2     'd0       
  RDATA[6]  integral  32    'hfe52a80d
  RRESP[6]  integral  2     'd0       
  RDATA[7]  integral  32    'h881d8aba
  RRESP[7]  integral  2     'd0       
--------------------------------------

UVM_INFO ../Slave_agent/slave_monitor.sv(171) @ 775000: uvm_test_top.env.s_agt_top.s_agt[0].s_monh [slave_monitor] The Read Transaction Data 
--------------------------------------
Name        Type      Size  Value     
--------------------------------------
rtx         txn       -     @1114     
  AWID      integral  4     'd0       
  AWADDR    integral  32    'd0       
  AWLEN     integral  4     'd0       
  AWSIZE    integral  3     'd0       
  AWBURST   integral  2     'd0       
  WID       integral  4     'd0       
  BID       integral  4     'd0       
  BRESP     integral  2     'd0       
  ARID      integral  4     9         
  ARADDR    integral  32    'd1532    
  ARLEN     integral  4     'd7       
  ARSIZE    integral  3     'd0       
  ARBURST   integral  2     2         
  RID       integral  4     9         
  RDATA[0]  integral  32    'h37ca4953
  RRESP[0]  integral  2     'd0       
  RDATA[1]  integral  32    'ha092892 
  RRESP[1]  integral  2     'd0       
  RDATA[2]  integral  32    'h2114d247
  RRESP[2]  integral  2     'd0       
  RDATA[3]  integral  32    'h4f4d01ca
  RRESP[3]  integral  2     'd0       
  RDATA[4]  integral  32    'h65fd2ff5
  RRESP[4]  integral  2     'd0       
  RDATA[5]  integral  32    'h92362d13
  RRESP[5]  integral  2     'd0       
  RDATA[6]  integral  32    'hfe52a80d
  RRESP[6]  integral  2     'd0       
  RDATA[7]  integral  32    'h881d8aba
  RRESP[7]  integral  2     'd0       
--------------------------------------

UVM_INFO ../tb/sb.sv(98) @ 775000: uvm_test_top.env.sb[0] [scoreboard] Data Matched
UVM_INFO ../Interface/interface.sv(153) @ 785000: reporter [Property Write Data Handshake] 
wready went low after handshake
UVM_INFO ../Interface/interface.sv(168) @ 785000: reporter [Property Read Data Handshake] 
rready went low after handshake
UVM_INFO ../tb/sb.sv(98) @ 805000: uvm_test_top.env.sb[0] [scoreboard] Data Matched
UVM_INFO ../Interface/interface.sv(153) @ 815000: reporter [Property Write Data Handshake] 
wready went low after handshake
UVM_INFO ../Slave_agent/slave_driver.sv(172) @ 825000: uvm_test_top.env.s_agt_top.s_agt[0].s_drvh [slave_driver] 
Got RREADY
UVM_INFO ../Interface/interface.sv(168) @ 835000: reporter [Property Read Data Handshake] 
rready went low after handshake
UVM_INFO ../Master_agent/master_monitor.sv(140) @ 855000: uvm_test_top.env.m_agt_top.m_agt[0].m_monh [master_monitor] The Write Transaction Data 
---------------------------------------
Name         Type      Size  Value     
---------------------------------------
wtx          txn       -     @1159     
  AWID       integral  4     10        
  AWADDR     integral  32    'd3920    
  AWLEN      integral  4     15        
  AWSIZE     integral  3     'd1       
  AWBURST    integral  2     2         
  WID        integral  4     10        
  WDATA[0]   integral  32    'h583b    
  WSTRB[0]   integral  4     'b11      
  WDATA[1]   integral  32    'hcab10000
  WSTRB[1]   integral  4     'b1100    
  WDATA[2]   integral  32    'h23f1    
  WSTRB[2]   integral  4     'b11      
  WDATA[3]   integral  32    'h3a830000
  WSTRB[3]   integral  4     'b1100    
  WDATA[4]   integral  32    'h8648    
  WSTRB[4]   integral  4     'b11      
  WDATA[5]   integral  32    'hb62d0000
  WSTRB[5]   integral  4     'b1100    
  WDATA[6]   integral  32    'hc02f    
  WSTRB[6]   integral  4     'b11      
  WDATA[7]   integral  32    'ha5a90000
  WSTRB[7]   integral  4     'b1100    
  WDATA[8]   integral  32    'h3475    
  WSTRB[8]   integral  4     'b11      
  WDATA[9]   integral  32    'hda9f0000
  WSTRB[9]   integral  4     'b1100    
  WDATA[10]  integral  32    'h793d    
  WSTRB[10]  integral  4     'b11      
  WDATA[11]  integral  32    'h181b0000
  WSTRB[11]  integral  4     'b1100    
  WDATA[12]  integral  32    'he763    
  WSTRB[12]  integral  4     'b11      
  WDATA[13]  integral  32    'h9dae0000
  WSTRB[13]  integral  4     'b1100    
  WDATA[14]  integral  32    'h61df    
  WSTRB[14]  integral  4     'b11      
  WDATA[15]  integral  32    'h53f20000
  WSTRB[15]  integral  4     'b1100    
  BID        integral  4     10        
  BRESP      integral  2     'd0       
  ARID       integral  4     'd0       
  ARADDR     integral  32    'd0       
  ARLEN      integral  4     'd0       
  ARSIZE     integral  3     'd0       
  ARBURST    integral  2     'd0       
  RID        integral  4     'd0       
---------------------------------------

UVM_INFO ../Slave_agent/slave_monitor.sv(138) @ 855000: uvm_test_top.env.s_agt_top.s_agt[0].s_monh [slave_monitor] The Write Transaction Data 
---------------------------------------
Name         Type      Size  Value     
---------------------------------------
wtx          txn       -     @1163     
  AWID       integral  4     10        
  AWADDR     integral  32    'd3920    
  AWLEN      integral  4     15        
  AWSIZE     integral  3     'd1       
  AWBURST    integral  2     2         
  WID        integral  4     10        
  WDATA[0]   integral  32    'h583b    
  WSTRB[0]   integral  4     'b11      
  WDATA[1]   integral  32    'hcab10000
  WSTRB[1]   integral  4     'b1100    
  WDATA[2]   integral  32    'h23f1    
  WSTRB[2]   integral  4     'b11      
  WDATA[3]   integral  32    'h3a830000
  WSTRB[3]   integral  4     'b1100    
  WDATA[4]   integral  32    'h8648    
  WSTRB[4]   integral  4     'b11      
  WDATA[5]   integral  32    'hb62d0000
  WSTRB[5]   integral  4     'b1100    
  WDATA[6]   integral  32    'hc02f    
  WSTRB[6]   integral  4     'b11      
  WDATA[7]   integral  32    'ha5a90000
  WSTRB[7]   integral  4     'b1100    
  WDATA[8]   integral  32    'h3475    
  WSTRB[8]   integral  4     'b11      
  WDATA[9]   integral  32    'hda9f0000
  WSTRB[9]   integral  4     'b1100    
  WDATA[10]  integral  32    'h793d    
  WSTRB[10]  integral  4     'b11      
  WDATA[11]  integral  32    'h181b0000
  WSTRB[11]  integral  4     'b1100    
  WDATA[12]  integral  32    'he763    
  WSTRB[12]  integral  4     'b11      
  WDATA[13]  integral  32    'h9dae0000
  WSTRB[13]  integral  4     'b1100    
  WDATA[14]  integral  32    'h61df    
  WSTRB[14]  integral  4     'b11      
  WDATA[15]  integral  32    'h53f20000
  WSTRB[15]  integral  4     'b1100    
  BID        integral  4     10        
  BRESP      integral  2     'd0       
  ARID       integral  4     'd0       
  ARADDR     integral  32    'd0       
  ARLEN      integral  4     'd0       
  ARSIZE     integral  3     'd0       
  ARBURST    integral  2     'd0       
  RID        integral  4     'd0       
---------------------------------------

UVM_INFO ../tb/sb.sv(98) @ 855000: uvm_test_top.env.sb[0] [scoreboard] Data Matched
UVM_INFO ../Master_agent/master_driver.sv(133) @ 855000: uvm_test_top.env.m_agt_top.m_agt[0].m_drvh [master_driver] 
WDATA[0] : 45054332 | WSTRB[0] : f
UVM_INFO ../Slave_agent/slave_driver.sv(172) @ 865000: uvm_test_top.env.s_agt_top.s_agt[0].s_drvh [slave_driver] 
Got RREADY
UVM_INFO ../Interface/interface.sv(158) @ 865000: reporter [Property Write response Handshake] 
bready went low after handshake
UVM_INFO ../Master_agent/master_driver.sv(133) @ 875000: uvm_test_top.env.m_agt_top.m_agt[0].m_drvh [master_driver] 
WDATA[1] : 197f2c3d | WSTRB[1] : f
UVM_INFO ../Interface/interface.sv(153) @ 875000: reporter [Property Write Data Handshake] 
wready went low after handshake
UVM_INFO ../Interface/interface.sv(168) @ 875000: reporter [Property Read Data Handshake] 
rready went low after handshake
UVM_INFO ../Interface/interface.sv(153) @ 895000: reporter [Property Write Data Handshake] 
wready went low after handshake
UVM_INFO ../Slave_agent/slave_driver.sv(172) @ 905000: uvm_test_top.env.s_agt_top.s_agt[0].s_drvh [slave_driver] 
Got RREADY
UVM_INFO ../Master_agent/master_driver.sv(133) @ 905000: uvm_test_top.env.m_agt_top.m_agt[0].m_drvh [master_driver] 
WDATA[2] : 124de2df | WSTRB[2] : f
UVM_INFO ../Interface/interface.sv(168) @ 915000: reporter [Property Read Data Handshake] 
rready went low after handshake
UVM_INFO ../Master_agent/master_driver.sv(133) @ 925000: uvm_test_top.env.m_agt_top.m_agt[0].m_drvh [master_driver] 
WDATA[3] : 2fdc8849 | WSTRB[3] : f
UVM_INFO ../Interface/interface.sv(153) @ 925000: reporter [Property Write Data Handshake] 
wready went low after handshake
UVM_INFO ../Slave_agent/slave_driver.sv(172) @ 935000: uvm_test_top.env.s_agt_top.s_agt[0].s_drvh [slave_driver] 
Got RREADY
UVM_INFO ../Master_agent/master_driver.sv(133) @ 945000: uvm_test_top.env.m_agt_top.m_agt[0].m_drvh [master_driver] 
WDATA[4] : 58f5c683 | WSTRB[4] : f
UVM_INFO ../Interface/interface.sv(168) @ 945000: reporter [Property Read Data Handshake] 
rready went low after handshake
UVM_INFO ../Interface/interface.sv(153) @ 955000: reporter [Property Write Data Handshake] 
wready went low after handshake
UVM_INFO ../Master_agent/master_driver.sv(133) @ 985000: uvm_test_top.env.m_agt_top.m_agt[0].m_drvh [master_driver] 
WDATA[5] : 3a43410f | WSTRB[5] : f
UVM_INFO ../Interface/interface.sv(153) @ 985000: reporter [Property Write Data Handshake] 
wready went low after handshake
UVM_INFO ../Slave_agent/slave_driver.sv(172) @ 995000: uvm_test_top.env.s_agt_top.s_agt[0].s_drvh [slave_driver] 
Got RREADY
UVM_INFO ../Master_agent/master_driver.sv(133) @ 1005000: uvm_test_top.env.m_agt_top.m_agt[0].m_drvh [master_driver] 
WDATA[6] : 434a38b3 | WSTRB[6] : f
UVM_INFO ../Interface/interface.sv(168) @ 1005000: reporter [Property Read Data Handshake] 
rready went low after handshake
UVM_INFO ../Interface/interface.sv(153) @ 1015000: reporter [Property Write Data Handshake] 
wready went low after handshake
UVM_INFO ../Slave_agent/slave_driver.sv(172) @ 1035000: uvm_test_top.env.s_agt_top.s_agt[0].s_drvh [slave_driver] 
Got RREADY
UVM_INFO ../Master_agent/master_driver.sv(133) @ 1035000: uvm_test_top.env.m_agt_top.m_agt[0].m_drvh [master_driver] 
WDATA[7] : e490f1e8 | WSTRB[7] : f
UVM_INFO ../Interface/interface.sv(153) @ 1045000: reporter [Property Write Data Handshake] 
wready went low after handshake
UVM_INFO ../Interface/interface.sv(168) @ 1045000: reporter [Property Read Data Handshake] 
rready went low after handshake
UVM_INFO ../Slave_agent/slave_driver.sv(172) @ 1065000: uvm_test_top.env.s_agt_top.s_agt[0].s_drvh [slave_driver] 
Got RREADY
UVM_INFO ../Master_agent/master_driver.sv(133) @ 1065000: uvm_test_top.env.m_agt_top.m_agt[0].m_drvh [master_driver] 
WDATA[8] : dfd67316 | WSTRB[8] : f
UVM_INFO ../Interface/interface.sv(153) @ 1075000: reporter [Property Write Data Handshake] 
wready went low after handshake
UVM_INFO ../Interface/interface.sv(168) @ 1075000: reporter [Property Read Data Handshake] 
rready went low after handshake
UVM_INFO ../Slave_agent/slave_driver.sv(165) @ 1085000: uvm_test_top.env.s_agt_top.s_agt[0].s_drvh [slave_driver] 

Asserting RLAST
UVM_INFO ../Slave_agent/slave_driver.sv(172) @ 1095000: uvm_test_top.env.s_agt_top.s_agt[0].s_drvh [slave_driver] 
Got RREADY
UVM_INFO ../Master_agent/master_driver.sv(133) @ 1095000: uvm_test_top.env.m_agt_top.m_agt[0].m_drvh [master_driver] 
WDATA[9] : a8cb6f98 | WSTRB[9] : f
UVM_INFO ../Master_agent/master_monitor.sv(175) @ 1095000: uvm_test_top.env.m_agt_top.m_agt[0].m_monh [master_monitor] The Read Transaction Data 
--------------------------------------
Name        Type      Size  Value     
--------------------------------------
rtx         txn       -     @1139     
  AWID      integral  4     'd0       
  AWADDR    integral  32    'd0       
  AWLEN     integral  4     'd0       
  AWSIZE    integral  3     'd0       
  AWBURST   integral  2     'd0       
  WID       integral  4     'd0       
  BID       integral  4     'd0       
  BRESP     integral  2     'd0       
  ARID      integral  4     15        
  ARADDR    integral  32    'd3062    
  ARLEN     integral  4     'd7       
  ARSIZE    integral  3     'd0       
  ARBURST   integral  2     2         
  RID       integral  4     15        
  RDATA[0]  integral  32    'h4f6f2907
  RRESP[0]  integral  2     'd0       
  RDATA[1]  integral  32    'he7983475
  RRESP[1]  integral  2     'd0       
  RDATA[2]  integral  32    'h93147be 
  RRESP[2]  integral  2     'd0       
  RDATA[3]  integral  32    'he6369d55
  RRESP[3]  integral  2     'd0       
  RDATA[4]  integral  32    'h27f576d6
  RRESP[4]  integral  2     'd0       
  RDATA[5]  integral  32    'h56c917ce
  RRESP[5]  integral  2     'd0       
  RDATA[6]  integral  32    'h5717f9e8
  RRESP[6]  integral  2     'd0       
  RDATA[7]  integral  32    'h50e2c12 
  RRESP[7]  integral  2     'd0       
--------------------------------------

UVM_INFO ../Slave_agent/slave_monitor.sv(171) @ 1095000: uvm_test_top.env.s_agt_top.s_agt[0].s_monh [slave_monitor] The Read Transaction Data 
--------------------------------------
Name        Type      Size  Value     
--------------------------------------
rtx         txn       -     @1143     
  AWID      integral  4     'd0       
  AWADDR    integral  32    'd0       
  AWLEN     integral  4     'd0       
  AWSIZE    integral  3     'd0       
  AWBURST   integral  2     'd0       
  WID       integral  4     'd0       
  BID       integral  4     'd0       
  BRESP     integral  2     'd0       
  ARID      integral  4     15        
  ARADDR    integral  32    'd3062    
  ARLEN     integral  4     'd7       
  ARSIZE    integral  3     'd0       
  ARBURST   integral  2     2         
  RID       integral  4     15        
  RDATA[0]  integral  32    'h4f6f2907
  RRESP[0]  integral  2     'd0       
  RDATA[1]  integral  32    'he7983475
  RRESP[1]  integral  2     'd0       
  RDATA[2]  integral  32    'h93147be 
  RRESP[2]  integral  2     'd0       
  RDATA[3]  integral  32    'he6369d55
  RRESP[3]  integral  2     'd0       
  RDATA[4]  integral  32    'h27f576d6
  RRESP[4]  integral  2     'd0       
  RDATA[5]  integral  32    'h56c917ce
  RRESP[5]  integral  2     'd0       
  RDATA[6]  integral  32    'h5717f9e8
  RRESP[6]  integral  2     'd0       
  RDATA[7]  integral  32    'h50e2c12 
  RRESP[7]  integral  2     'd0       
--------------------------------------

UVM_INFO ../tb/sb.sv(98) @ 1095000: uvm_test_top.env.sb[0] [scoreboard] Data Matched
UVM_INFO ../Interface/interface.sv(153) @ 1105000: reporter [Property Write Data Handshake] 
wready went low after handshake
UVM_INFO ../Interface/interface.sv(168) @ 1105000: reporter [Property Read Data Handshake] 
rready went low after handshake
UVM_INFO ../Master_agent/master_driver.sv(133) @ 1135000: uvm_test_top.env.m_agt_top.m_agt[0].m_drvh [master_driver] 
WDATA[10] : fda2a792 | WSTRB[10] : f
UVM_INFO ../Interface/interface.sv(153) @ 1135000: reporter [Property Write Data Handshake] 
wready went low after handshake
UVM_INFO ../Slave_agent/slave_driver.sv(172) @ 1165000: uvm_test_top.env.s_agt_top.s_agt[0].s_drvh [slave_driver] 
Got RREADY
UVM_INFO ../Master_agent/master_driver.sv(133) @ 1165000: uvm_test_top.env.m_agt_top.m_agt[0].m_drvh [master_driver] 
WDATA[11] : a8297259 | WSTRB[11] : f
UVM_INFO ../Interface/interface.sv(153) @ 1165000: reporter [Property Write Data Handshake] 
wready went low after handshake
UVM_INFO ../Interface/interface.sv(168) @ 1175000: reporter [Property Read Data Handshake] 
rready went low after handshake
UVM_INFO ../Master_agent/master_driver.sv(133) @ 1195000: uvm_test_top.env.m_agt_top.m_agt[0].m_drvh [master_driver] 
WDATA[12] : 7ad1008c | WSTRB[12] : f
UVM_INFO ../Interface/interface.sv(153) @ 1195000: reporter [Property Write Data Handshake] 
wready went low after handshake
UVM_INFO ../Slave_agent/slave_driver.sv(172) @ 1215000: uvm_test_top.env.s_agt_top.s_agt[0].s_drvh [slave_driver] 
Got RREADY
UVM_INFO ../Master_agent/master_driver.sv(133) @ 1225000: uvm_test_top.env.m_agt_top.m_agt[0].m_drvh [master_driver] 
WDATA[13] : f310d7c3 | WSTRB[13] : f
UVM_INFO ../Interface/interface.sv(153) @ 1225000: reporter [Property Write Data Handshake] 
wready went low after handshake
UVM_INFO ../Interface/interface.sv(168) @ 1225000: reporter [Property Read Data Handshake] 
rready went low after handshake
UVM_INFO ../Master_agent/master_driver.sv(133) @ 1245000: uvm_test_top.env.m_agt_top.m_agt[0].m_drvh [master_driver] 
WDATA[14] : e286967b | WSTRB[14] : f
UVM_INFO ../Interface/interface.sv(153) @ 1255000: reporter [Property Write Data Handshake] 
wready went low after handshake
UVM_INFO ../Slave_agent/slave_driver.sv(172) @ 1265000: uvm_test_top.env.s_agt_top.s_agt[0].s_drvh [slave_driver] 
Got RREADY
UVM_INFO ../Interface/interface.sv(168) @ 1275000: reporter [Property Read Data Handshake] 
rready went low after handshake
UVM_INFO ../Master_agent/master_driver.sv(133) @ 1285000: uvm_test_top.env.m_agt_top.m_agt[0].m_drvh [master_driver] 
WDATA[15] : 21682aad | WSTRB[15] : f
UVM_INFO ../Interface/interface.sv(153) @ 1285000: reporter [Property Write Data Handshake] 
wready went low after handshake
UVM_INFO ../tb/sb.sv(98) @ 1305000: uvm_test_top.env.sb[0] [scoreboard] Data Matched
UVM_INFO ../Slave_agent/slave_driver.sv(172) @ 1315000: uvm_test_top.env.s_agt_top.s_agt[0].s_drvh [slave_driver] 
Got RREADY
UVM_INFO ../Interface/interface.sv(153) @ 1315000: reporter [Property Write Data Handshake] 
wready went low after handshake
UVM_INFO ../Interface/interface.sv(168) @ 1325000: reporter [Property Read Data Handshake] 
rready went low after handshake
UVM_INFO ../Master_agent/master_monitor.sv(140) @ 1345000: uvm_test_top.env.m_agt_top.m_agt[0].m_monh [master_monitor] The Write Transaction Data 
---------------------------------------
Name         Type      Size  Value     
---------------------------------------
wtx          txn       -     @1187     
  AWID       integral  4     12        
  AWADDR     integral  32    'd1284    
  AWLEN      integral  4     15        
  AWSIZE     integral  3     'd2       
  AWBURST    integral  2     2         
  WID        integral  4     12        
  WDATA[0]   integral  32    'h45054332
  WSTRB[0]   integral  4     'b1111    
  WDATA[1]   integral  32    'h197f2c3d
  WSTRB[1]   integral  4     'b1111    
  WDATA[2]   integral  32    'h124de2df
  WSTRB[2]   integral  4     'b1111    
  WDATA[3]   integral  32    'h2fdc8849
  WSTRB[3]   integral  4     'b1111    
  WDATA[4]   integral  32    'h58f5c683
  WSTRB[4]   integral  4     'b1111    
  WDATA[5]   integral  32    'h3a43410f
  WSTRB[5]   integral  4     'b1111    
  WDATA[6]   integral  32    'h434a38b3
  WSTRB[6]   integral  4     'b1111    
  WDATA[7]   integral  32    'he490f1e8
  WSTRB[7]   integral  4     'b1111    
  WDATA[8]   integral  32    'hdfd67316
  WSTRB[8]   integral  4     'b1111    
  WDATA[9]   integral  32    'ha8cb6f98
  WSTRB[9]   integral  4     'b1111    
  WDATA[10]  integral  32    'hfda2a792
  WSTRB[10]  integral  4     'b1111    
  WDATA[11]  integral  32    'ha8297259
  WSTRB[11]  integral  4     'b1111    
  WDATA[12]  integral  32    'h7ad1008c
  WSTRB[12]  integral  4     'b1111    
  WDATA[13]  integral  32    'hf310d7c3
  WSTRB[13]  integral  4     'b1111    
  WDATA[14]  integral  32    'he286967b
  WSTRB[14]  integral  4     'b1111    
  WDATA[15]  integral  32    'h21682aad
  WSTRB[15]  integral  4     'b1111    
  BID        integral  4     12        
  BRESP      integral  2     'd0       
  ARID       integral  4     'd0       
  ARADDR     integral  32    'd0       
  ARLEN      integral  4     'd0       
  ARSIZE     integral  3     'd0       
  ARBURST    integral  2     'd0       
  RID        integral  4     'd0       
---------------------------------------

UVM_INFO ../Slave_agent/slave_monitor.sv(138) @ 1345000: uvm_test_top.env.s_agt_top.s_agt[0].s_monh [slave_monitor] The Write Transaction Data 
---------------------------------------
Name         Type      Size  Value     
---------------------------------------
wtx          txn       -     @1191     
  AWID       integral  4     12        
  AWADDR     integral  32    'd1284    
  AWLEN      integral  4     15        
  AWSIZE     integral  3     'd2       
  AWBURST    integral  2     2         
  WID        integral  4     12        
  WDATA[0]   integral  32    'h45054332
  WSTRB[0]   integral  4     'b1111    
  WDATA[1]   integral  32    'h197f2c3d
  WSTRB[1]   integral  4     'b1111    
  WDATA[2]   integral  32    'h124de2df
  WSTRB[2]   integral  4     'b1111    
  WDATA[3]   integral  32    'h2fdc8849
  WSTRB[3]   integral  4     'b1111    
  WDATA[4]   integral  32    'h58f5c683
  WSTRB[4]   integral  4     'b1111    
  WDATA[5]   integral  32    'h3a43410f
  WSTRB[5]   integral  4     'b1111    
  WDATA[6]   integral  32    'h434a38b3
  WSTRB[6]   integral  4     'b1111    
  WDATA[7]   integral  32    'he490f1e8
  WSTRB[7]   integral  4     'b1111    
  WDATA[8]   integral  32    'hdfd67316
  WSTRB[8]   integral  4     'b1111    
  WDATA[9]   integral  32    'ha8cb6f98
  WSTRB[9]   integral  4     'b1111    
  WDATA[10]  integral  32    'hfda2a792
  WSTRB[10]  integral  4     'b1111    
  WDATA[11]  integral  32    'ha8297259
  WSTRB[11]  integral  4     'b1111    
  WDATA[12]  integral  32    'h7ad1008c
  WSTRB[12]  integral  4     'b1111    
  WDATA[13]  integral  32    'hf310d7c3
  WSTRB[13]  integral  4     'b1111    
  WDATA[14]  integral  32    'he286967b
  WSTRB[14]  integral  4     'b1111    
  WDATA[15]  integral  32    'h21682aad
  WSTRB[15]  integral  4     'b1111    
  BID        integral  4     12        
  BRESP      integral  2     'd0       
  ARID       integral  4     'd0       
  ARADDR     integral  32    'd0       
  ARLEN      integral  4     'd0       
  ARSIZE     integral  3     'd0       
  ARBURST    integral  2     'd0       
  RID        integral  4     'd0       
---------------------------------------

UVM_INFO ../tb/sb.sv(98) @ 1345000: uvm_test_top.env.sb[0] [scoreboard] Data Matched
UVM_INFO ../Slave_agent/slave_driver.sv(172) @ 1345000: uvm_test_top.env.s_agt_top.s_agt[0].s_drvh [slave_driver] 
Got RREADY
UVM_INFO ../Master_agent/master_driver.sv(133) @ 1345000: uvm_test_top.env.m_agt_top.m_agt[0].m_drvh [master_driver] 
WDATA[0] : 1cadf0f9 | WSTRB[0] : c
UVM_INFO ../Interface/interface.sv(158) @ 1355000: reporter [Property Write response Handshake] 
bready went low after handshake
UVM_INFO ../Interface/interface.sv(168) @ 1355000: reporter [Property Read Data Handshake] 
rready went low after handshake
UVM_INFO ../Master_agent/master_driver.sv(133) @ 1365000: uvm_test_top.env.m_agt_top.m_agt[0].m_drvh [master_driver] 
WDATA[1] : d8dba172 | WSTRB[1] : 3
UVM_INFO ../Interface/interface.sv(153) @ 1365000: reporter [Property Write Data Handshake] 
wready went low after handshake
UVM_INFO ../Master_agent/master_driver.sv(133) @ 1385000: uvm_test_top.env.m_agt_top.m_agt[0].m_drvh [master_driver] 
WDATA[2] : 7c7e4457 | WSTRB[2] : c
UVM_INFO ../Interface/interface.sv(153) @ 1385000: reporter [Property Write Data Handshake] 
wready went low after handshake
UVM_INFO ../Slave_agent/slave_driver.sv(172) @ 1405000: uvm_test_top.env.s_agt_top.s_agt[0].s_drvh [slave_driver] 
Got RREADY
UVM_INFO ../Master_agent/master_driver.sv(133) @ 1415000: uvm_test_top.env.m_agt_top.m_agt[0].m_drvh [master_driver] 
WDATA[3] : d15f6aa5 | WSTRB[3] : 3
UVM_INFO ../Interface/interface.sv(153) @ 1415000: reporter [Property Write Data Handshake] 
wready went low after handshake
UVM_INFO ../Interface/interface.sv(168) @ 1415000: reporter [Property Read Data Handshake] 
rready went low after handshake
UVM_INFO ../Master_agent/master_driver.sv(133) @ 1445000: uvm_test_top.env.m_agt_top.m_agt[0].m_drvh [master_driver] 
WDATA[4] : 39d2bd74 | WSTRB[4] : c
UVM_INFO ../Interface/interface.sv(153) @ 1445000: reporter [Property Write Data Handshake] 
wready went low after handshake
UVM_INFO ../Slave_agent/slave_driver.sv(172) @ 1455000: uvm_test_top.env.s_agt_top.s_agt[0].s_drvh [slave_driver] 
Got RREADY
UVM_INFO ../Master_agent/master_driver.sv(133) @ 1465000: uvm_test_top.env.m_agt_top.m_agt[0].m_drvh [master_driver] 
WDATA[5] : 27d45f91 | WSTRB[5] : 3
UVM_INFO ../Interface/interface.sv(168) @ 1465000: reporter [Property Read Data Handshake] 
rready went low after handshake
UVM_INFO ../Interface/interface.sv(153) @ 1475000: reporter [Property Write Data Handshake] 
wready went low after handshake
UVM_INFO ../Slave_agent/slave_driver.sv(172) @ 1495000: uvm_test_top.env.s_agt_top.s_agt[0].s_drvh [slave_driver] 
Got RREADY
UVM_INFO ../Master_agent/master_driver.sv(133) @ 1505000: uvm_test_top.env.m_agt_top.m_agt[0].m_drvh [master_driver] 
WDATA[6] : 804ce135 | WSTRB[6] : c
UVM_INFO ../Interface/interface.sv(153) @ 1505000: reporter [Property Write Data Handshake] 
wready went low after handshake
UVM_INFO ../Interface/interface.sv(168) @ 1505000: reporter [Property Read Data Handshake] 
rready went low after handshake
UVM_INFO ../Slave_agent/slave_driver.sv(172) @ 1535000: uvm_test_top.env.s_agt_top.s_agt[0].s_drvh [slave_driver] 
Got RREADY
UVM_INFO ../Master_agent/master_driver.sv(133) @ 1535000: uvm_test_top.env.m_agt_top.m_agt[0].m_drvh [master_driver] 
WDATA[7] : 6c09c5d7 | WSTRB[7] : 3
UVM_INFO ../Interface/interface.sv(153) @ 1535000: reporter [Property Write Data Handshake] 
wready went low after handshake
UVM_INFO ../Interface/interface.sv(168) @ 1545000: reporter [Property Read Data Handshake] 
rready went low after handshake
UVM_INFO ../Slave_agent/slave_driver.sv(172) @ 1565000: uvm_test_top.env.s_agt_top.s_agt[0].s_drvh [slave_driver] 
Got RREADY
UVM_INFO ../Master_agent/master_driver.sv(133) @ 1565000: uvm_test_top.env.m_agt_top.m_agt[0].m_drvh [master_driver] 
WDATA[8] : d5329eda | WSTRB[8] : c
UVM_INFO ../Interface/interface.sv(153) @ 1565000: reporter [Property Write Data Handshake] 
wready went low after handshake
UVM_INFO ../Interface/interface.sv(168) @ 1575000: reporter [Property Read Data Handshake] 
rready went low after handshake
UVM_INFO ../Master_agent/master_driver.sv(133) @ 1585000: uvm_test_top.env.m_agt_top.m_agt[0].m_drvh [master_driver] 
WDATA[9] : 64365035 | WSTRB[9] : 3
UVM_INFO ../Interface/interface.sv(153) @ 1595000: reporter [Property Write Data Handshake] 
wready went low after handshake
UVM_INFO ../Slave_agent/slave_driver.sv(172) @ 1615000: uvm_test_top.env.s_agt_top.s_agt[0].s_drvh [slave_driver] 
Got RREADY
UVM_INFO ../Master_agent/master_driver.sv(133) @ 1615000: uvm_test_top.env.m_agt_top.m_agt[0].m_drvh [master_driver] 
WDATA[10] : 5fc0bb3 | WSTRB[10] : c
UVM_INFO ../Interface/interface.sv(153) @ 1625000: reporter [Property Write Data Handshake] 
wready went low after handshake
UVM_INFO ../Interface/interface.sv(168) @ 1625000: reporter [Property Read Data Handshake] 
rready went low after handshake
UVM_INFO ../Slave_agent/slave_driver.sv(172) @ 1645000: uvm_test_top.env.s_agt_top.s_agt[0].s_drvh [slave_driver] 
Got RREADY
UVM_INFO ../Master_agent/master_driver.sv(133) @ 1655000: uvm_test_top.env.m_agt_top.m_agt[0].m_drvh [master_driver] 
WDATA[11] : 4d84c389 | WSTRB[11] : 3
UVM_INFO ../Interface/interface.sv(153) @ 1655000: reporter [Property Write Data Handshake] 
wready went low after handshake
UVM_INFO ../Interface/interface.sv(168) @ 1655000: reporter [Property Read Data Handshake] 
rready went low after handshake
UVM_INFO ../Master_agent/master_driver.sv(133) @ 1675000: uvm_test_top.env.m_agt_top.m_agt[0].m_drvh [master_driver] 
WDATA[12] : 4f55cd4d | WSTRB[12] : c
UVM_INFO ../Interface/interface.sv(153) @ 1685000: reporter [Property Write Data Handshake] 
wready went low after handshake
UVM_INFO ../Slave_agent/slave_driver.sv(172) @ 1705000: uvm_test_top.env.s_agt_top.s_agt[0].s_drvh [slave_driver] 
Got RREADY
UVM_INFO ../Master_agent/master_driver.sv(133) @ 1705000: uvm_test_top.env.m_agt_top.m_agt[0].m_drvh [master_driver] 
WDATA[13] : 4d6b1d98 | WSTRB[13] : 3
UVM_INFO ../Interface/interface.sv(153) @ 1715000: reporter [Property Write Data Handshake] 
wready went low after handshake
UVM_INFO ../Interface/interface.sv(168) @ 1715000: reporter [Property Read Data Handshake] 
rready went low after handshake
UVM_INFO ../Master_agent/master_driver.sv(133) @ 1735000: uvm_test_top.env.m_agt_top.m_agt[0].m_drvh [master_driver] 
WDATA[14] : aba6f38d | WSTRB[14] : c
UVM_INFO ../Interface/interface.sv(153) @ 1745000: reporter [Property Write Data Handshake] 
wready went low after handshake
UVM_INFO ../Slave_agent/slave_driver.sv(172) @ 1765000: uvm_test_top.env.s_agt_top.s_agt[0].s_drvh [slave_driver] 
Got RREADY
UVM_INFO ../Master_agent/master_driver.sv(133) @ 1775000: uvm_test_top.env.m_agt_top.m_agt[0].m_drvh [master_driver] 
WDATA[15] : c76e4916 | WSTRB[15] : 3
UVM_INFO ../Interface/interface.sv(153) @ 1775000: reporter [Property Write Data Handshake] 
wready went low after handshake
UVM_INFO ../Interface/interface.sv(168) @ 1775000: reporter [Property Read Data Handshake] 
rready went low after handshake
UVM_INFO ../tb/sb.sv(98) @ 1795000: uvm_test_top.env.sb[0] [scoreboard] Data Matched
UVM_INFO ../Interface/interface.sv(153) @ 1805000: reporter [Property Write Data Handshake] 
wready went low after handshake
UVM_INFO ../Slave_agent/slave_driver.sv(172) @ 1825000: uvm_test_top.env.s_agt_top.s_agt[0].s_drvh [slave_driver] 
Got RREADY
UVM_INFO ../Master_agent/master_monitor.sv(140) @ 1835000: uvm_test_top.env.m_agt_top.m_agt[0].m_monh [master_monitor] The Write Transaction Data 
---------------------------------------
Name         Type      Size  Value     
---------------------------------------
wtx          txn       -     @1211     
  AWID       integral  4     'd6       
  AWADDR     integral  32    'd3322    
  AWLEN      integral  4     15        
  AWSIZE     integral  3     'd1       
  AWBURST    integral  2     2         
  WID        integral  4     'd6       
  WDATA[0]   integral  32    'h1cad0000
  WSTRB[0]   integral  4     'b1100    
  WDATA[1]   integral  32    'ha172    
  WSTRB[1]   integral  4     'b11      
  WDATA[2]   integral  32    'h7c7e0000
  WSTRB[2]   integral  4     'b1100    
  WDATA[3]   integral  32    'h6aa5    
  WSTRB[3]   integral  4     'b11      
  WDATA[4]   integral  32    'h39d20000
  WSTRB[4]   integral  4     'b1100    
  WDATA[5]   integral  32    'h5f91    
  WSTRB[5]   integral  4     'b11      
  WDATA[6]   integral  32    'h804c0000
  WSTRB[6]   integral  4     'b1100    
  WDATA[7]   integral  32    'hc5d7    
  WSTRB[7]   integral  4     'b11      
  WDATA[8]   integral  32    'hd5320000
  WSTRB[8]   integral  4     'b1100    
  WDATA[9]   integral  32    'h5035    
  WSTRB[9]   integral  4     'b11      
  WDATA[10]  integral  32    'h5fc0000 
  WSTRB[10]  integral  4     'b1100    
  WDATA[11]  integral  32    'hc389    
  WSTRB[11]  integral  4     'b11      
  WDATA[12]  integral  32    'h4f550000
  WSTRB[12]  integral  4     'b1100    
  WDATA[13]  integral  32    'h1d98    
  WSTRB[13]  integral  4     'b11      
  WDATA[14]  integral  32    'haba60000
  WSTRB[14]  integral  4     'b1100    
  WDATA[15]  integral  32    'h4916    
  WSTRB[15]  integral  4     'b11      
  BID        integral  4     'd6       
  BRESP      integral  2     'd0       
  ARID       integral  4     'd0       
  ARADDR     integral  32    'd0       
  ARLEN      integral  4     'd0       
  ARSIZE     integral  3     'd0       
  ARBURST    integral  2     'd0       
  RID        integral  4     'd0       
---------------------------------------

UVM_INFO ../Slave_agent/slave_monitor.sv(138) @ 1835000: uvm_test_top.env.s_agt_top.s_agt[0].s_monh [slave_monitor] The Write Transaction Data 
---------------------------------------
Name         Type      Size  Value     
---------------------------------------
wtx          txn       -     @1215     
  AWID       integral  4     'd6       
  AWADDR     integral  32    'd3322    
  AWLEN      integral  4     15        
  AWSIZE     integral  3     'd1       
  AWBURST    integral  2     2         
  WID        integral  4     'd6       
  WDATA[0]   integral  32    'h1cad0000
  WSTRB[0]   integral  4     'b1100    
  WDATA[1]   integral  32    'ha172    
  WSTRB[1]   integral  4     'b11      
  WDATA[2]   integral  32    'h7c7e0000
  WSTRB[2]   integral  4     'b1100    
  WDATA[3]   integral  32    'h6aa5    
  WSTRB[3]   integral  4     'b11      
  WDATA[4]   integral  32    'h39d20000
  WSTRB[4]   integral  4     'b1100    
  WDATA[5]   integral  32    'h5f91    
  WSTRB[5]   integral  4     'b11      
  WDATA[6]   integral  32    'h804c0000
  WSTRB[6]   integral  4     'b1100    
  WDATA[7]   integral  32    'hc5d7    
  WSTRB[7]   integral  4     'b11      
  WDATA[8]   integral  32    'hd5320000
  WSTRB[8]   integral  4     'b1100    
  WDATA[9]   integral  32    'h5035    
  WSTRB[9]   integral  4     'b11      
  WDATA[10]  integral  32    'h5fc0000 
  WSTRB[10]  integral  4     'b1100    
  WDATA[11]  integral  32    'hc389    
  WSTRB[11]  integral  4     'b11      
  WDATA[12]  integral  32    'h4f550000
  WSTRB[12]  integral  4     'b1100    
  WDATA[13]  integral  32    'h1d98    
  WSTRB[13]  integral  4     'b11      
  WDATA[14]  integral  32    'haba60000
  WSTRB[14]  integral  4     'b1100    
  WDATA[15]  integral  32    'h4916    
  WSTRB[15]  integral  4     'b11      
  BID        integral  4     'd6       
  BRESP      integral  2     'd0       
  ARID       integral  4     'd0       
  ARADDR     integral  32    'd0       
  ARLEN      integral  4     'd0       
  ARSIZE     integral  3     'd0       
  ARBURST    integral  2     'd0       
  RID        integral  4     'd0       
---------------------------------------

UVM_INFO ../tb/sb.sv(98) @ 1835000: uvm_test_top.env.sb[0] [scoreboard] Data Matched
UVM_INFO ../Slave_agent/slave_driver.sv(165) @ 1835000: uvm_test_top.env.s_agt_top.s_agt[0].s_drvh [slave_driver] 

Asserting RLAST
UVM_INFO ../Master_agent/master_driver.sv(133) @ 1835000: uvm_test_top.env.m_agt_top.m_agt[0].m_drvh [master_driver] 
WDATA[0] : f86170f8 | WSTRB[0] : c
UVM_INFO ../Interface/interface.sv(168) @ 1835000: reporter [Property Read Data Handshake] 
rready went low after handshake
UVM_INFO ../Interface/interface.sv(158) @ 1845000: reporter [Property Write response Handshake] 
bready went low after handshake
UVM_INFO ../Interface/interface.sv(153) @ 1855000: reporter [Property Write Data Handshake] 
wready went low after handshake
UVM_INFO ../Slave_agent/slave_driver.sv(172) @ 1865000: uvm_test_top.env.s_agt_top.s_agt[0].s_drvh [slave_driver] 
Got RREADY
UVM_INFO ../Master_agent/master_driver.sv(133) @ 1865000: uvm_test_top.env.m_agt_top.m_agt[0].m_drvh [master_driver] 
WDATA[1] : eda6203a | WSTRB[1] : 3
UVM_INFO ../Master_agent/master_monitor.sv(175) @ 1865000: uvm_test_top.env.m_agt_top.m_agt[0].m_monh [master_monitor] The Read Transaction Data 
---------------------------------------
Name         Type      Size  Value     
---------------------------------------
rtx          txn       -     @1167     
  AWID       integral  4     'd0       
  AWADDR     integral  32    'd0       
  AWLEN      integral  4     'd0       
  AWSIZE     integral  3     'd0       
  AWBURST    integral  2     'd0       
  WID        integral  4     'd0       
  BID        integral  4     'd0       
  BRESP      integral  2     'd0       
  ARID       integral  4     'd5       
  ARADDR     integral  32    'd2200    
  ARLEN      integral  4     15        
  ARSIZE     integral  3     'd0       
  ARBURST    integral  2     2         
  RID        integral  4     'd5       
  RDATA[0]   integral  32    'hbfa953ea
  RRESP[0]   integral  2     'd0       
  RDATA[1]   integral  32    'hfb762467
  RRESP[1]   integral  2     'd0       
  RDATA[2]   integral  32    'h7b3f47e7
  RRESP[2]   integral  2     'd0       
  RDATA[3]   integral  32    'h436d708f
  RRESP[3]   integral  2     'd0       
  RDATA[4]   integral  32    'hf0490775
  RRESP[4]   integral  2     'd0       
  RDATA[5]   integral  32    'h8d0c8f62
  RRESP[5]   integral  2     'd0       
  RDATA[6]   integral  32    'hac71c58c
  RRESP[6]   integral  2     'd0       
  RDATA[7]   integral  32    'hfd6edc5c
  RRESP[7]   integral  2     'd0       
  RDATA[8]   integral  32    'hbb1ba885
  RRESP[8]   integral  2     'd0       
  RDATA[9]   integral  32    'hfc6277ac
  RRESP[9]   integral  2     'd0       
  RDATA[10]  integral  32    'h14f5bbff
  RRESP[10]  integral  2     'd0       
  RDATA[11]  integral  32    'h63fcfe35
  RRESP[11]  integral  2     'd0       
  RDATA[12]  integral  32    'h2e06fee5
  RRESP[12]  integral  2     'd0       
  RDATA[13]  integral  32    'hf21af591
  RRESP[13]  integral  2     'd0       
  RDATA[14]  integral  32    'he8a022d1
  RRESP[14]  integral  2     'd0       
  RDATA[15]  integral  32    'h720f77b3
  RRESP[15]  integral  2     'd0       
---------------------------------------

UVM_INFO ../Slave_agent/slave_monitor.sv(171) @ 1865000: uvm_test_top.env.s_agt_top.s_agt[0].s_monh [slave_monitor] The Read Transaction Data 
---------------------------------------
Name         Type      Size  Value     
---------------------------------------
rtx          txn       -     @1171     
  AWID       integral  4     'd0       
  AWADDR     integral  32    'd0       
  AWLEN      integral  4     'd0       
  AWSIZE     integral  3     'd0       
  AWBURST    integral  2     'd0       
  WID        integral  4     'd0       
  BID        integral  4     'd0       
  BRESP      integral  2     'd0       
  ARID       integral  4     'd5       
  ARADDR     integral  32    'd2200    
  ARLEN      integral  4     15        
  ARSIZE     integral  3     'd0       
  ARBURST    integral  2     2         
  RID        integral  4     'd5       
  RDATA[0]   integral  32    'hbfa953ea
  RRESP[0]   integral  2     'd0       
  RDATA[1]   integral  32    'hfb762467
  RRESP[1]   integral  2     'd0       
  RDATA[2]   integral  32    'h7b3f47e7
  RRESP[2]   integral  2     'd0       
  RDATA[3]   integral  32    'h436d708f
  RRESP[3]   integral  2     'd0       
  RDATA[4]   integral  32    'hf0490775
  RRESP[4]   integral  2     'd0       
  RDATA[5]   integral  32    'h8d0c8f62
  RRESP[5]   integral  2     'd0       
  RDATA[6]   integral  32    'hac71c58c
  RRESP[6]   integral  2     'd0       
  RDATA[7]   integral  32    'hfd6edc5c
  RRESP[7]   integral  2     'd0       
  RDATA[8]   integral  32    'hbb1ba885
  RRESP[8]   integral  2     'd0       
  RDATA[9]   integral  32    'hfc6277ac
  RRESP[9]   integral  2     'd0       
  RDATA[10]  integral  32    'h14f5bbff
  RRESP[10]  integral  2     'd0       
  RDATA[11]  integral  32    'h63fcfe35
  RRESP[11]  integral  2     'd0       
  RDATA[12]  integral  32    'h2e06fee5
  RRESP[12]  integral  2     'd0       
  RDATA[13]  integral  32    'hf21af591
  RRESP[13]  integral  2     'd0       
  RDATA[14]  integral  32    'he8a022d1
  RRESP[14]  integral  2     'd0       
  RDATA[15]  integral  32    'h720f77b3
  RRESP[15]  integral  2     'd0       
---------------------------------------

UVM_INFO ../tb/sb.sv(98) @ 1865000: uvm_test_top.env.sb[0] [scoreboard] Data Matched
UVM_INFO ../Interface/interface.sv(168) @ 1875000: reporter [Property Read Data Handshake] 
rready went low after handshake
UVM_INFO ../Master_agent/master_driver.sv(133) @ 1885000: uvm_test_top.env.m_agt_top.m_agt[0].m_drvh [master_driver] 
WDATA[2] : a5683587 | WSTRB[2] : c
UVM_INFO ../Interface/interface.sv(153) @ 1885000: reporter [Property Write Data Handshake] 
wready went low after handshake
UVM_INFO ../Master_agent/master_driver.sv(133) @ 1905000: uvm_test_top.env.m_agt_top.m_agt[0].m_drvh [master_driver] 
WDATA[3] : 3ee19766 | WSTRB[3] : 3
UVM_INFO ../Interface/interface.sv(153) @ 1905000: reporter [Property Write Data Handshake] 
wready went low after handshake
UVM_INFO ../Slave_agent/slave_driver.sv(172) @ 1925000: uvm_test_top.env.s_agt_top.s_agt[0].s_drvh [slave_driver] 
Got RREADY
UVM_INFO ../tb/sb.sv(98) @ 1925000: uvm_test_top.env.sb[0] [scoreboard] Data Matched
UVM_INFO ../Interface/interface.sv(153) @ 1935000: reporter [Property Write Data Handshake] 
wready went low after handshake
UVM_INFO ../Interface/interface.sv(168) @ 1935000: reporter [Property Read Data Handshake] 
rready went low after handshake
UVM_INFO ../Master_agent/master_driver.sv(133) @ 1945000: uvm_test_top.env.m_agt_top.m_agt[0].m_drvh [master_driver] 
WDATA[0] : 2d9953d4 | WSTRB[0] : 2
UVM_INFO ../Master_agent/master_monitor.sv(140) @ 1955000: uvm_test_top.env.m_agt_top.m_agt[0].m_monh [master_monitor] The Write Transaction Data 
--------------------------------------
Name        Type      Size  Value     
--------------------------------------
wtx         txn       -     @1239     
  AWID      integral  4     11        
  AWADDR    integral  32    'd2846    
  AWLEN     integral  4     'd3       
  AWSIZE    integral  3     'd1       
  AWBURST   integral  2     2         
  WID       integral  4     11        
  WDATA[0]  integral  32    'hf8610000
  WSTRB[0]  integral  4     'b1100    
  WDATA[1]  integral  32    'h203a    
  WSTRB[1]  integral  4     'b11      
  WDATA[2]  integral  32    'ha5680000
  WSTRB[2]  integral  4     'b1100    
  WDATA[3]  integral  32    'h9766    
  WSTRB[3]  integral  4     'b11      
  BID       integral  4     11        
  BRESP     integral  2     'd0       
  ARID      integral  4     'd0       
  ARADDR    integral  32    'd0       
  ARLEN     integral  4     'd0       
  ARSIZE    integral  3     'd0       
  ARBURST   integral  2     'd0       
  RID       integral  4     'd0       
--------------------------------------

UVM_INFO ../Slave_agent/slave_monitor.sv(138) @ 1955000: uvm_test_top.env.s_agt_top.s_agt[0].s_monh [slave_monitor] The Write Transaction Data 
--------------------------------------
Name        Type      Size  Value     
--------------------------------------
wtx         txn       -     @1243     
  AWID      integral  4     11        
  AWADDR    integral  32    'd2846    
  AWLEN     integral  4     'd3       
  AWSIZE    integral  3     'd1       
  AWBURST   integral  2     2         
  WID       integral  4     11        
  WDATA[0]  integral  32    'hf8610000
  WSTRB[0]  integral  4     'b1100    
  WDATA[1]  integral  32    'h203a    
  WSTRB[1]  integral  4     'b11      
  WDATA[2]  integral  32    'ha5680000
  WSTRB[2]  integral  4     'b1100    
  WDATA[3]  integral  32    'h9766    
  WSTRB[3]  integral  4     'b11      
  BID       integral  4     11        
  BRESP     integral  2     'd0       
  ARID      integral  4     'd0       
  ARADDR    integral  32    'd0       
  ARLEN     integral  4     'd0       
  ARSIZE    integral  3     'd0       
  ARBURST   integral  2     'd0       
  RID       integral  4     'd0       
--------------------------------------

UVM_INFO ../tb/sb.sv(98) @ 1955000: uvm_test_top.env.sb[0] [scoreboard] Data Matched
UVM_INFO ../Slave_agent/slave_driver.sv(172) @ 1965000: uvm_test_top.env.s_agt_top.s_agt[0].s_drvh [slave_driver] 
Got RREADY
UVM_INFO ../Interface/interface.sv(153) @ 1965000: reporter [Property Write Data Handshake] 
wready went low after handshake
UVM_INFO ../Interface/interface.sv(158) @ 1965000: reporter [Property Write response Handshake] 
bready went low after handshake
UVM_INFO ../Master_agent/master_driver.sv(133) @ 1975000: uvm_test_top.env.m_agt_top.m_agt[0].m_drvh [master_driver] 
WDATA[1] : 34b538f0 | WSTRB[1] : 1
UVM_INFO ../Interface/interface.sv(168) @ 1975000: reporter [Property Read Data Handshake] 
rready went low after handshake
UVM_INFO ../tb/sb.sv(98) @ 1985000: uvm_test_top.env.sb[0] [scoreboard] Data Matched
UVM_INFO ../Interface/interface.sv(153) @ 1995000: reporter [Property Write Data Handshake] 
wready went low after handshake
UVM_INFO ../Master_agent/master_monitor.sv(140) @ 2025000: uvm_test_top.env.m_agt_top.m_agt[0].m_monh [master_monitor] The Write Transaction Data 
----------------------------------
Name        Type      Size  Value 
----------------------------------
wtx         txn       -     @1267 
  AWID      integral  4     'd2   
  AWADDR    integral  32    'd1385
  AWLEN     integral  4     'd1   
  AWSIZE    integral  3     'd0   
  AWBURST   integral  2     2     
  WID       integral  4     'd2   
  WDATA[0]  integral  32    'h5300
  WSTRB[0]  integral  4     'b10  
  WDATA[1]  integral  32    'hf0  
  WSTRB[1]  integral  4     'b1   
  BID       integral  4     'd2   
  BRESP     integral  2     'd0   
  ARID      integral  4     'd0   
  ARADDR    integral  32    'd0   
  ARLEN     integral  4     'd0   
  ARSIZE    integral  3     'd0   
  ARBURST   integral  2     'd0   
  RID       integral  4     'd0   
----------------------------------

UVM_INFO ../Slave_agent/slave_driver.sv(172) @ 2025000: uvm_test_top.env.s_agt_top.s_agt[0].s_drvh [slave_driver] 
Got RREADY
UVM_INFO ../Slave_agent/slave_monitor.sv(138) @ 2025000: uvm_test_top.env.s_agt_top.s_agt[0].s_monh [slave_monitor] The Write Transaction Data 
----------------------------------
Name        Type      Size  Value 
----------------------------------
wtx         txn       -     @1271 
  AWID      integral  4     'd2   
  AWADDR    integral  32    'd1385
  AWLEN     integral  4     'd1   
  AWSIZE    integral  3     'd0   
  AWBURST   integral  2     2     
  WID       integral  4     'd2   
  WDATA[0]  integral  32    'h5300
  WSTRB[0]  integral  4     'b10  
  WDATA[1]  integral  32    'hf0  
  WSTRB[1]  integral  4     'b1   
  BID       integral  4     'd2   
  BRESP     integral  2     'd0   
  ARID      integral  4     'd0   
  ARADDR    integral  32    'd0   
  ARLEN     integral  4     'd0   
  ARSIZE    integral  3     'd0   
  ARBURST   integral  2     'd0   
  RID       integral  4     'd0   
----------------------------------

UVM_INFO ../tb/sb.sv(98) @ 2025000: uvm_test_top.env.sb[0] [scoreboard] Data Matched
UVM_INFO ../Master_agent/master_driver.sv(133) @ 2025000: uvm_test_top.env.m_agt_top.m_agt[0].m_drvh [master_driver] 
WDATA[0] : 39de32f7 | WSTRB[0] : c
UVM_INFO ../Interface/interface.sv(158) @ 2035000: reporter [Property Write response Handshake] 
bready went low after handshake
UVM_INFO ../Interface/interface.sv(168) @ 2035000: reporter [Property Read Data Handshake] 
rready went low after handshake
UVM_INFO ../Master_agent/master_driver.sv(133) @ 2045000: uvm_test_top.env.m_agt_top.m_agt[0].m_drvh [master_driver] 
WDATA[1] : 39784481 | WSTRB[1] : 3
UVM_INFO ../Slave_agent/slave_driver.sv(165) @ 2045000: uvm_test_top.env.s_agt_top.s_agt[0].s_drvh [slave_driver] 

Asserting RLAST
UVM_INFO ../Interface/interface.sv(153) @ 2045000: reporter [Property Write Data Handshake] 
wready went low after handshake
UVM_INFO ../tb/sb.sv(98) @ 2055000: uvm_test_top.env.sb[0] [scoreboard] Data Matched
UVM_INFO ../Interface/interface.sv(153) @ 2065000: reporter [Property Write Data Handshake] 
wready went low after handshake
UVM_INFO ../Slave_agent/slave_driver.sv(172) @ 2075000: uvm_test_top.env.s_agt_top.s_agt[0].s_drvh [slave_driver] 
Got RREADY
UVM_INFO ../Master_agent/master_monitor.sv(175) @ 2075000: uvm_test_top.env.m_agt_top.m_agt[0].m_monh [master_monitor] The Read Transaction Data 
--------------------------------------
Name        Type      Size  Value     
--------------------------------------
rtx         txn       -     @1199     
  AWID      integral  4     'd0       
  AWADDR    integral  32    'd0       
  AWLEN     integral  4     'd0       
  AWSIZE    integral  3     'd0       
  AWBURST   integral  2     'd0       
  WID       integral  4     'd0       
  BID       integral  4     'd0       
  BRESP     integral  2     'd0       
  ARID      integral  4     14        
  ARADDR    integral  32    'd3626    
  ARLEN     integral  4     'd3       
  ARSIZE    integral  3     'd2       
  ARBURST   integral  2     2         
  RID       integral  4     14        
  RDATA[0]  integral  32    'hfe046b02
  RRESP[0]  integral  2     'd0       
  RDATA[1]  integral  32    'hcfad4da5
  RRESP[1]  integral  2     'd0       
  RDATA[2]  integral  32    'hd83696d6
  RRESP[2]  integral  2     'd0       
  RDATA[3]  integral  32    'h3b896c1e
  RRESP[3]  integral  2     'd0       
--------------------------------------

UVM_INFO ../Slave_agent/slave_monitor.sv(171) @ 2075000: uvm_test_top.env.s_agt_top.s_agt[0].s_monh [slave_monitor] The Read Transaction Data 
--------------------------------------
Name        Type      Size  Value     
--------------------------------------
rtx         txn       -     @1203     
  AWID      integral  4     'd0       
  AWADDR    integral  32    'd0       
  AWLEN     integral  4     'd0       
  AWSIZE    integral  3     'd0       
  AWBURST   integral  2     'd0       
  WID       integral  4     'd0       
  BID       integral  4     'd0       
  BRESP     integral  2     'd0       
  ARID      integral  4     14        
  ARADDR    integral  32    'd3626    
  ARLEN     integral  4     'd3       
  ARSIZE    integral  3     'd2       
  ARBURST   integral  2     2         
  RID       integral  4     14        
  RDATA[0]  integral  32    'hfe046b02
  RRESP[0]  integral  2     'd0       
  RDATA[1]  integral  32    'hcfad4da5
  RRESP[1]  integral  2     'd0       
  RDATA[2]  integral  32    'hd83696d6
  RRESP[2]  integral  2     'd0       
  RDATA[3]  integral  32    'h3b896c1e
  RRESP[3]  integral  2     'd0       
--------------------------------------

UVM_INFO ../tb/sb.sv(98) @ 2075000: uvm_test_top.env.sb[0] [scoreboard] Data Matched
UVM_INFO ../Interface/interface.sv(168) @ 2085000: reporter [Property Read Data Handshake] 
rready went low after handshake
UVM_INFO ../Master_agent/master_monitor.sv(140) @ 2115000: uvm_test_top.env.m_agt_top.m_agt[0].m_monh [master_monitor] The Write Transaction Data 
--------------------------------------
Name        Type      Size  Value     
--------------------------------------
wtx         txn       -     @1295     
  AWID      integral  4     'd6       
  AWADDR    integral  32    'd2698    
  AWLEN     integral  4     'd1       
  AWSIZE    integral  3     'd1       
  AWBURST   integral  2     2         
  WID       integral  4     'd6       
  WDATA[0]  integral  32    'h39de0000
  WSTRB[0]  integral  4     'b1100    
  WDATA[1]  integral  32    'h4481    
  WSTRB[1]  integral  4     'b11      
  BID       integral  4     'd6       
  BRESP     integral  2     'd0       
  ARID      integral  4     'd0       
  ARADDR    integral  32    'd0       
  ARLEN     integral  4     'd0       
  ARSIZE    integral  3     'd0       
  ARBURST   integral  2     'd0       
  RID       integral  4     'd0       
--------------------------------------

UVM_INFO ../Slave_agent/slave_monitor.sv(138) @ 2115000: uvm_test_top.env.s_agt_top.s_agt[0].s_monh [slave_monitor] The Write Transaction Data 
--------------------------------------
Name        Type      Size  Value     
--------------------------------------
wtx         txn       -     @1299     
  AWID      integral  4     'd6       
  AWADDR    integral  32    'd2698    
  AWLEN     integral  4     'd1       
  AWSIZE    integral  3     'd1       
  AWBURST   integral  2     2         
  WID       integral  4     'd6       
  WDATA[0]  integral  32    'h39de0000
  WSTRB[0]  integral  4     'b1100    
  WDATA[1]  integral  32    'h4481    
  WSTRB[1]  integral  4     'b11      
  BID       integral  4     'd6       
  BRESP     integral  2     'd0       
  ARID      integral  4     'd0       
  ARADDR    integral  32    'd0       
  ARLEN     integral  4     'd0       
  ARSIZE    integral  3     'd0       
  ARBURST   integral  2     'd0       
  RID       integral  4     'd0       
--------------------------------------

UVM_INFO ../tb/sb.sv(98) @ 2115000: uvm_test_top.env.sb[0] [scoreboard] Data Matched
UVM_INFO ../Master_agent/master_driver.sv(133) @ 2125000: uvm_test_top.env.m_agt_top.m_agt[0].m_drvh [master_driver] 
WDATA[0] : f15fce3d | WSTRB[0] : 4
UVM_INFO ../Interface/interface.sv(158) @ 2125000: reporter [Property Write response Handshake] 
bready went low after handshake
UVM_INFO ../Slave_agent/slave_driver.sv(172) @ 2135000: uvm_test_top.env.s_agt_top.s_agt[0].s_drvh [slave_driver] 
Got RREADY
UVM_INFO ../Interface/interface.sv(153) @ 2145000: reporter [Property Write Data Handshake] 
wready went low after handshake
UVM_INFO ../Interface/interface.sv(168) @ 2145000: reporter [Property Read Data Handshake] 
rready went low after handshake
UVM_INFO ../Master_agent/master_driver.sv(133) @ 2155000: uvm_test_top.env.m_agt_top.m_agt[0].m_drvh [master_driver] 
WDATA[1] : ebd35d3f | WSTRB[1] : 8
UVM_INFO ../Slave_agent/slave_driver.sv(172) @ 2165000: uvm_test_top.env.s_agt_top.s_agt[0].s_drvh [slave_driver] 
Got RREADY
UVM_INFO ../Master_agent/master_driver.sv(133) @ 2175000: uvm_test_top.env.m_agt_top.m_agt[0].m_drvh [master_driver] 
WDATA[2] : 275f91d9 | WSTRB[2] : 1
UVM_INFO ../Interface/interface.sv(153) @ 2175000: reporter [Property Write Data Handshake] 
wready went low after handshake
UVM_INFO ../Interface/interface.sv(168) @ 2175000: reporter [Property Read Data Handshake] 
rready went low after handshake
UVM_INFO ../Master_agent/master_driver.sv(133) @ 2195000: uvm_test_top.env.m_agt_top.m_agt[0].m_drvh [master_driver] 
WDATA[3] : c176ab24 | WSTRB[3] : 2
UVM_INFO ../Interface/interface.sv(153) @ 2195000: reporter [Property Write Data Handshake] 
wready went low after handshake
UVM_INFO ../tb/sb.sv(98) @ 2215000: uvm_test_top.env.sb[0] [scoreboard] Data Matched
UVM_INFO ../Slave_agent/slave_driver.sv(172) @ 2225000: uvm_test_top.env.s_agt_top.s_agt[0].s_drvh [slave_driver] 
Got RREADY
UVM_INFO ../Interface/interface.sv(153) @ 2225000: reporter [Property Write Data Handshake] 
wready went low after handshake
UVM_INFO ../Interface/interface.sv(168) @ 2235000: reporter [Property Read Data Handshake] 
rready went low after handshake
UVM_INFO ../Master_agent/master_monitor.sv(140) @ 2245000: uvm_test_top.env.m_agt_top.m_agt[0].m_monh [master_monitor] The Write Transaction Data 
--------------------------------------
Name        Type      Size  Value     
--------------------------------------
wtx         txn       -     @1323     
  AWID      integral  4     'd7       
  AWADDR    integral  32    'd3442    
  AWLEN     integral  4     'd3       
  AWSIZE    integral  3     'd0       
  AWBURST   integral  2     2         
  WID       integral  4     'd7       
  WDATA[0]  integral  32    'h5f0000  
  WSTRB[0]  integral  4     'b100     
  WDATA[1]  integral  32    'heb000000
  WSTRB[1]  integral  4     'b1000    
  WDATA[2]  integral  32    'hd9      
  WSTRB[2]  integral  4     'b1       
  WDATA[3]  integral  32    'hab00    
  WSTRB[3]  integral  4     'b10      
  BID       integral  4     'd7       
  BRESP     integral  2     'd0       
  ARID      integral  4     'd0       
  ARADDR    integral  32    'd0       
  ARLEN     integral  4     'd0       
  ARSIZE    integral  3     'd0       
  ARBURST   integral  2     'd0       
  RID       integral  4     'd0       
--------------------------------------

UVM_INFO ../Slave_agent/slave_monitor.sv(138) @ 2245000: uvm_test_top.env.s_agt_top.s_agt[0].s_monh [slave_monitor] The Write Transaction Data 
--------------------------------------
Name        Type      Size  Value     
--------------------------------------
wtx         txn       -     @1327     
  AWID      integral  4     'd7       
  AWADDR    integral  32    'd3442    
  AWLEN     integral  4     'd3       
  AWSIZE    integral  3     'd0       
  AWBURST   integral  2     2         
  WID       integral  4     'd7       
  WDATA[0]  integral  32    'h5f0000  
  WSTRB[0]  integral  4     'b100     
  WDATA[1]  integral  32    'heb000000
  WSTRB[1]  integral  4     'b1000    
  WDATA[2]  integral  32    'hd9      
  WSTRB[2]  integral  4     'b1       
  WDATA[3]  integral  32    'hab00    
  WSTRB[3]  integral  4     'b10      
  BID       integral  4     'd7       
  BRESP     integral  2     'd0       
  ARID      integral  4     'd0       
  ARADDR    integral  32    'd0       
  ARLEN     integral  4     'd0       
  ARSIZE    integral  3     'd0       
  ARBURST   integral  2     'd0       
  RID       integral  4     'd0       
--------------------------------------

UVM_INFO ../tb/sb.sv(98) @ 2245000: uvm_test_top.env.sb[0] [scoreboard] Data Matched
UVM_INFO ../Slave_agent/slave_driver.sv(172) @ 2255000: uvm_test_top.env.s_agt_top.s_agt[0].s_drvh [slave_driver] 
Got RREADY
UVM_INFO ../Interface/interface.sv(158) @ 2255000: reporter [Property Write response Handshake] 
bready went low after handshake
UVM_INFO ../Interface/interface.sv(168) @ 2265000: reporter [Property Read Data Handshake] 
rready went low after handshake
UVM_INFO ../Slave_agent/slave_driver.sv(172) @ 2295000: uvm_test_top.env.s_agt_top.s_agt[0].s_drvh [slave_driver] 
Got RREADY
UVM_INFO ../Interface/interface.sv(168) @ 2305000: reporter [Property Read Data Handshake] 
rready went low after handshake
UVM_INFO ../Slave_agent/slave_driver.sv(172) @ 2335000: uvm_test_top.env.s_agt_top.s_agt[0].s_drvh [slave_driver] 
Got RREADY
UVM_INFO ../Interface/interface.sv(168) @ 2345000: reporter [Property Read Data Handshake] 
rready went low after handshake
UVM_INFO ../Slave_agent/slave_driver.sv(172) @ 2385000: uvm_test_top.env.s_agt_top.s_agt[0].s_drvh [slave_driver] 
Got RREADY
UVM_INFO ../Interface/interface.sv(168) @ 2395000: reporter [Property Read Data Handshake] 
rready went low after handshake
UVM_INFO ../Slave_agent/slave_driver.sv(172) @ 2415000: uvm_test_top.env.s_agt_top.s_agt[0].s_drvh [slave_driver] 
Got RREADY
UVM_INFO ../Interface/interface.sv(168) @ 2425000: reporter [Property Read Data Handshake] 
rready went low after handshake
UVM_INFO ../Slave_agent/slave_driver.sv(172) @ 2445000: uvm_test_top.env.s_agt_top.s_agt[0].s_drvh [slave_driver] 
Got RREADY
UVM_INFO ../Interface/interface.sv(168) @ 2455000: reporter [Property Read Data Handshake] 
rready went low after handshake
UVM_INFO ../Slave_agent/slave_driver.sv(172) @ 2505000: uvm_test_top.env.s_agt_top.s_agt[0].s_drvh [slave_driver] 
Got RREADY
UVM_INFO ../Interface/interface.sv(168) @ 2515000: reporter [Property Read Data Handshake] 
rready went low after handshake
UVM_INFO ../Slave_agent/slave_driver.sv(172) @ 2535000: uvm_test_top.env.s_agt_top.s_agt[0].s_drvh [slave_driver] 
Got RREADY
UVM_INFO ../Interface/interface.sv(168) @ 2545000: reporter [Property Read Data Handshake] 
rready went low after handshake
UVM_INFO ../Slave_agent/slave_driver.sv(172) @ 2585000: uvm_test_top.env.s_agt_top.s_agt[0].s_drvh [slave_driver] 
Got RREADY
UVM_INFO ../Interface/interface.sv(168) @ 2595000: reporter [Property Read Data Handshake] 
rready went low after handshake
UVM_INFO ../Slave_agent/slave_driver.sv(172) @ 2645000: uvm_test_top.env.s_agt_top.s_agt[0].s_drvh [slave_driver] 
Got RREADY
UVM_INFO ../Interface/interface.sv(168) @ 2655000: reporter [Property Read Data Handshake] 
rready went low after handshake
UVM_INFO ../Slave_agent/slave_driver.sv(172) @ 2675000: uvm_test_top.env.s_agt_top.s_agt[0].s_drvh [slave_driver] 
Got RREADY
UVM_INFO ../Interface/interface.sv(168) @ 2685000: reporter [Property Read Data Handshake] 
rready went low after handshake
UVM_INFO ../Slave_agent/slave_driver.sv(172) @ 2705000: uvm_test_top.env.s_agt_top.s_agt[0].s_drvh [slave_driver] 
Got RREADY
UVM_INFO ../Interface/interface.sv(168) @ 2715000: reporter [Property Read Data Handshake] 
rready went low after handshake
UVM_INFO ../Slave_agent/slave_driver.sv(165) @ 2725000: uvm_test_top.env.s_agt_top.s_agt[0].s_drvh [slave_driver] 

Asserting RLAST
UVM_INFO ../Slave_agent/slave_driver.sv(172) @ 2765000: uvm_test_top.env.s_agt_top.s_agt[0].s_drvh [slave_driver] 
Got RREADY
UVM_INFO ../Master_agent/master_monitor.sv(175) @ 2765000: uvm_test_top.env.m_agt_top.m_agt[0].m_monh [master_monitor] The Read Transaction Data 
---------------------------------------
Name         Type      Size  Value     
---------------------------------------
rtx          txn       -     @1231     
  AWID       integral  4     'd0       
  AWADDR     integral  32    'd0       
  AWLEN      integral  4     'd0       
  AWSIZE     integral  3     'd0       
  AWBURST    integral  2     'd0       
  WID        integral  4     'd0       
  BID        integral  4     'd0       
  BRESP      integral  2     'd0       
  ARID       integral  4     12        
  ARADDR     integral  32    'd2694    
  ARLEN      integral  4     15        
  ARSIZE     integral  3     'd2       
  ARBURST    integral  2     2         
  RID        integral  4     12        
  RDATA[0]   integral  32    'h763531f8
  RRESP[0]   integral  2     'd0       
  RDATA[1]   integral  32    'h98526e2c
  RRESP[1]   integral  2     'd0       
  RDATA[2]   integral  32    'he8e36b75
  RRESP[2]   integral  2     'd0       
  RDATA[3]   integral  32    'h49bfd5f8
  RRESP[3]   integral  2     'd0       
  RDATA[4]   integral  32    'h6329b352
  RRESP[4]   integral  2     'd0       
  RDATA[5]   integral  32    'h56def836
  RRESP[5]   integral  2     'd0       
  RDATA[6]   integral  32    'hafa75ffb
  RRESP[6]   integral  2     'd0       
  RDATA[7]   integral  32    'h9c976554
  RRESP[7]   integral  2     'd0       
  RDATA[8]   integral  32    'h5da7532c
  RRESP[8]   integral  2     'd0       
  RDATA[9]   integral  32    'heb4167a 
  RRESP[9]   integral  2     'd0       
  RDATA[10]  integral  32    'h8ae31cf2
  RRESP[10]  integral  2     'd0       
  RDATA[11]  integral  32    'h4a475f45
  RRESP[11]  integral  2     'd0       
  RDATA[12]  integral  32    'hf6abf673
  RRESP[12]  integral  2     'd0       
  RDATA[13]  integral  32    'hec6f0eee
  RRESP[13]  integral  2     'd0       
  RDATA[14]  integral  32    'hdcb36327
  RRESP[14]  integral  2     'd0       
  RDATA[15]  integral  32    'h1fca2950
  RRESP[15]  integral  2     'd0       
---------------------------------------

UVM_INFO ../Slave_agent/slave_monitor.sv(171) @ 2765000: uvm_test_top.env.s_agt_top.s_agt[0].s_monh [slave_monitor] The Read Transaction Data 
---------------------------------------
Name         Type      Size  Value     
---------------------------------------
rtx          txn       -     @1235     
  AWID       integral  4     'd0       
  AWADDR     integral  32    'd0       
  AWLEN      integral  4     'd0       
  AWSIZE     integral  3     'd0       
  AWBURST    integral  2     'd0       
  WID        integral  4     'd0       
  BID        integral  4     'd0       
  BRESP      integral  2     'd0       
  ARID       integral  4     12        
  ARADDR     integral  32    'd2694    
  ARLEN      integral  4     15        
  ARSIZE     integral  3     'd2       
  ARBURST    integral  2     2         
  RID        integral  4     12        
  RDATA[0]   integral  32    'h763531f8
  RRESP[0]   integral  2     'd0       
  RDATA[1]   integral  32    'h98526e2c
  RRESP[1]   integral  2     'd0       
  RDATA[2]   integral  32    'he8e36b75
  RRESP[2]   integral  2     'd0       
  RDATA[3]   integral  32    'h49bfd5f8
  RRESP[3]   integral  2     'd0       
  RDATA[4]   integral  32    'h6329b352
  RRESP[4]   integral  2     'd0       
  RDATA[5]   integral  32    'h56def836
  RRESP[5]   integral  2     'd0       
  RDATA[6]   integral  32    'hafa75ffb
  RRESP[6]   integral  2     'd0       
  RDATA[7]   integral  32    'h9c976554
  RRESP[7]   integral  2     'd0       
  RDATA[8]   integral  32    'h5da7532c
  RRESP[8]   integral  2     'd0       
  RDATA[9]   integral  32    'heb4167a 
  RRESP[9]   integral  2     'd0       
  RDATA[10]  integral  32    'h8ae31cf2
  RRESP[10]  integral  2     'd0       
  RDATA[11]  integral  32    'h4a475f45
  RRESP[11]  integral  2     'd0       
  RDATA[12]  integral  32    'hf6abf673
  RRESP[12]  integral  2     'd0       
  RDATA[13]  integral  32    'hec6f0eee
  RRESP[13]  integral  2     'd0       
  RDATA[14]  integral  32    'hdcb36327
  RRESP[14]  integral  2     'd0       
  RDATA[15]  integral  32    'h1fca2950
  RRESP[15]  integral  2     'd0       
---------------------------------------

UVM_INFO ../tb/sb.sv(98) @ 2765000: uvm_test_top.env.sb[0] [scoreboard] Data Matched
UVM_INFO ../Interface/interface.sv(168) @ 2775000: reporter [Property Read Data Handshake] 
rready went low after handshake
UVM_INFO ../Slave_agent/slave_driver.sv(172) @ 2835000: uvm_test_top.env.s_agt_top.s_agt[0].s_drvh [slave_driver] 
Got RREADY
UVM_INFO ../Interface/interface.sv(168) @ 2845000: reporter [Property Read Data Handshake] 
rready went low after handshake
UVM_INFO ../Slave_agent/slave_driver.sv(172) @ 2865000: uvm_test_top.env.s_agt_top.s_agt[0].s_drvh [slave_driver] 
Got RREADY
UVM_INFO ../Interface/interface.sv(168) @ 2875000: reporter [Property Read Data Handshake] 
rready went low after handshake
UVM_INFO ../Slave_agent/slave_driver.sv(172) @ 2895000: uvm_test_top.env.s_agt_top.s_agt[0].s_drvh [slave_driver] 
Got RREADY
UVM_INFO ../Interface/interface.sv(168) @ 2905000: reporter [Property Read Data Handshake] 
rready went low after handshake
UVM_INFO ../Slave_agent/slave_driver.sv(172) @ 2945000: uvm_test_top.env.s_agt_top.s_agt[0].s_drvh [slave_driver] 
Got RREADY
UVM_INFO ../Interface/interface.sv(168) @ 2955000: reporter [Property Read Data Handshake] 
rready went low after handshake
UVM_INFO ../Slave_agent/slave_driver.sv(172) @ 2995000: uvm_test_top.env.s_agt_top.s_agt[0].s_drvh [slave_driver] 
Got RREADY
UVM_INFO ../Interface/interface.sv(168) @ 3005000: reporter [Property Read Data Handshake] 
rready went low after handshake
UVM_INFO ../Slave_agent/slave_driver.sv(172) @ 3025000: uvm_test_top.env.s_agt_top.s_agt[0].s_drvh [slave_driver] 
Got RREADY
UVM_INFO ../Interface/interface.sv(168) @ 3035000: reporter [Property Read Data Handshake] 
rready went low after handshake
UVM_INFO ../Slave_agent/slave_driver.sv(172) @ 3075000: uvm_test_top.env.s_agt_top.s_agt[0].s_drvh [slave_driver] 
Got RREADY
UVM_INFO ../Slave_agent/slave_driver.sv(165) @ 3085000: uvm_test_top.env.s_agt_top.s_agt[0].s_drvh [slave_driver] 

Asserting RLAST
UVM_INFO ../Interface/interface.sv(168) @ 3085000: reporter [Property Read Data Handshake] 
rready went low after handshake
UVM_INFO ../Slave_agent/slave_driver.sv(172) @ 3105000: uvm_test_top.env.s_agt_top.s_agt[0].s_drvh [slave_driver] 
Got RREADY
UVM_INFO ../Master_agent/master_monitor.sv(175) @ 3105000: uvm_test_top.env.m_agt_top.m_agt[0].m_monh [master_monitor] The Read Transaction Data 
--------------------------------------
Name        Type      Size  Value     
--------------------------------------
rtx         txn       -     @1251     
  AWID      integral  4     'd0       
  AWADDR    integral  32    'd0       
  AWLEN     integral  4     'd0       
  AWSIZE    integral  3     'd0       
  AWBURST   integral  2     'd0       
  WID       integral  4     'd0       
  BID       integral  4     'd0       
  BRESP     integral  2     'd0       
  ARID      integral  4     'd3       
  ARADDR    integral  32    'd2702    
  ARLEN     integral  4     'd7       
  ARSIZE    integral  3     'd2       
  ARBURST   integral  2     2         
  RID       integral  4     'd3       
  RDATA[0]  integral  32    'hd7c581b5
  RRESP[0]  integral  2     'd0       
  RDATA[1]  integral  32    'h787245a4
  RRESP[1]  integral  2     'd0       
  RDATA[2]  integral  32    'hca3a721a
  RRESP[2]  integral  2     'd0       
  RDATA[3]  integral  32    'h62cd02b0
  RRESP[3]  integral  2     'd0       
  RDATA[4]  integral  32    'ha85f4a3d
  RRESP[4]  integral  2     'd0       
  RDATA[5]  integral  32    'h4f6821f7
  RRESP[5]  integral  2     'd0       
  RDATA[6]  integral  32    'h90c72d4 
  RRESP[6]  integral  2     'd0       
  RDATA[7]  integral  32    'h2a851671
  RRESP[7]  integral  2     'd0       
--------------------------------------

UVM_INFO ../Slave_agent/slave_monitor.sv(171) @ 3105000: uvm_test_top.env.s_agt_top.s_agt[0].s_monh [slave_monitor] The Read Transaction Data 
--------------------------------------
Name        Type      Size  Value     
--------------------------------------
rtx         txn       -     @1255     
  AWID      integral  4     'd0       
  AWADDR    integral  32    'd0       
  AWLEN     integral  4     'd0       
  AWSIZE    integral  3     'd0       
  AWBURST   integral  2     'd0       
  WID       integral  4     'd0       
  BID       integral  4     'd0       
  BRESP     integral  2     'd0       
  ARID      integral  4     'd3       
  ARADDR    integral  32    'd2702    
  ARLEN     integral  4     'd7       
  ARSIZE    integral  3     'd2       
  ARBURST   integral  2     2         
  RID       integral  4     'd3       
  RDATA[0]  integral  32    'hd7c581b5
  RRESP[0]  integral  2     'd0       
  RDATA[1]  integral  32    'h787245a4
  RRESP[1]  integral  2     'd0       
  RDATA[2]  integral  32    'hca3a721a
  RRESP[2]  integral  2     'd0       
  RDATA[3]  integral  32    'h62cd02b0
  RRESP[3]  integral  2     'd0       
  RDATA[4]  integral  32    'ha85f4a3d
  RRESP[4]  integral  2     'd0       
  RDATA[5]  integral  32    'h4f6821f7
  RRESP[5]  integral  2     'd0       
  RDATA[6]  integral  32    'h90c72d4 
  RRESP[6]  integral  2     'd0       
  RDATA[7]  integral  32    'h2a851671
  RRESP[7]  integral  2     'd0       
--------------------------------------

UVM_INFO ../tb/sb.sv(98) @ 3105000: uvm_test_top.env.sb[0] [scoreboard] Data Matched
UVM_INFO ../Interface/interface.sv(168) @ 3115000: reporter [Property Read Data Handshake] 
rready went low after handshake
UVM_INFO ../Slave_agent/slave_driver.sv(172) @ 3155000: uvm_test_top.env.s_agt_top.s_agt[0].s_drvh [slave_driver] 
Got RREADY
UVM_INFO ../Interface/interface.sv(168) @ 3165000: reporter [Property Read Data Handshake] 
rready went low after handshake
UVM_INFO ../Slave_agent/slave_driver.sv(172) @ 3205000: uvm_test_top.env.s_agt_top.s_agt[0].s_drvh [slave_driver] 
Got RREADY
UVM_INFO ../Interface/interface.sv(168) @ 3215000: reporter [Property Read Data Handshake] 
rready went low after handshake
UVM_INFO ../Slave_agent/slave_driver.sv(172) @ 3265000: uvm_test_top.env.s_agt_top.s_agt[0].s_drvh [slave_driver] 
Got RREADY
UVM_INFO ../Interface/interface.sv(168) @ 3275000: reporter [Property Read Data Handshake] 
rready went low after handshake
UVM_INFO ../Slave_agent/slave_driver.sv(172) @ 3325000: uvm_test_top.env.s_agt_top.s_agt[0].s_drvh [slave_driver] 
Got RREADY
UVM_INFO ../Interface/interface.sv(168) @ 3335000: reporter [Property Read Data Handshake] 
rready went low after handshake
UVM_INFO ../Slave_agent/slave_driver.sv(172) @ 3355000: uvm_test_top.env.s_agt_top.s_agt[0].s_drvh [slave_driver] 
Got RREADY
UVM_INFO ../Interface/interface.sv(168) @ 3365000: reporter [Property Read Data Handshake] 
rready went low after handshake
UVM_INFO ../Slave_agent/slave_driver.sv(172) @ 3415000: uvm_test_top.env.s_agt_top.s_agt[0].s_drvh [slave_driver] 
Got RREADY
UVM_INFO ../Interface/interface.sv(168) @ 3425000: reporter [Property Read Data Handshake] 
rready went low after handshake
UVM_INFO ../Slave_agent/slave_driver.sv(172) @ 3455000: uvm_test_top.env.s_agt_top.s_agt[0].s_drvh [slave_driver] 
Got RREADY
UVM_INFO ../Interface/interface.sv(168) @ 3465000: reporter [Property Read Data Handshake] 
rready went low after handshake
UVM_INFO ../Slave_agent/slave_driver.sv(172) @ 3495000: uvm_test_top.env.s_agt_top.s_agt[0].s_drvh [slave_driver] 
Got RREADY
UVM_INFO ../Interface/interface.sv(168) @ 3505000: reporter [Property Read Data Handshake] 
rready went low after handshake
UVM_INFO ../Slave_agent/slave_driver.sv(172) @ 3555000: uvm_test_top.env.s_agt_top.s_agt[0].s_drvh [slave_driver] 
Got RREADY
UVM_INFO ../Interface/interface.sv(168) @ 3565000: reporter [Property Read Data Handshake] 
rready went low after handshake
UVM_INFO ../Slave_agent/slave_driver.sv(172) @ 3595000: uvm_test_top.env.s_agt_top.s_agt[0].s_drvh [slave_driver] 
Got RREADY
UVM_INFO ../Interface/interface.sv(168) @ 3605000: reporter [Property Read Data Handshake] 
rready went low after handshake
UVM_INFO ../Slave_agent/slave_driver.sv(172) @ 3635000: uvm_test_top.env.s_agt_top.s_agt[0].s_drvh [slave_driver] 
Got RREADY
UVM_INFO ../Interface/interface.sv(168) @ 3645000: reporter [Property Read Data Handshake] 
rready went low after handshake
UVM_INFO ../Slave_agent/slave_driver.sv(172) @ 3695000: uvm_test_top.env.s_agt_top.s_agt[0].s_drvh [slave_driver] 
Got RREADY
UVM_INFO ../Interface/interface.sv(168) @ 3705000: reporter [Property Read Data Handshake] 
rready went low after handshake
UVM_INFO ../Slave_agent/slave_driver.sv(172) @ 3755000: uvm_test_top.env.s_agt_top.s_agt[0].s_drvh [slave_driver] 
Got RREADY
UVM_INFO ../Interface/interface.sv(168) @ 3765000: reporter [Property Read Data Handshake] 
rready went low after handshake
UVM_INFO ../Slave_agent/slave_driver.sv(172) @ 3815000: uvm_test_top.env.s_agt_top.s_agt[0].s_drvh [slave_driver] 
Got RREADY
UVM_INFO ../Interface/interface.sv(168) @ 3825000: reporter [Property Read Data Handshake] 
rready went low after handshake
UVM_INFO ../Slave_agent/slave_driver.sv(172) @ 3865000: uvm_test_top.env.s_agt_top.s_agt[0].s_drvh [slave_driver] 
Got RREADY
UVM_INFO ../Slave_agent/slave_driver.sv(165) @ 3875000: uvm_test_top.env.s_agt_top.s_agt[0].s_drvh [slave_driver] 

Asserting RLAST
UVM_INFO ../Interface/interface.sv(168) @ 3875000: reporter [Property Read Data Handshake] 
rready went low after handshake
UVM_INFO ../Slave_agent/slave_driver.sv(172) @ 3905000: uvm_test_top.env.s_agt_top.s_agt[0].s_drvh [slave_driver] 
Got RREADY
UVM_INFO ../Master_agent/master_monitor.sv(175) @ 3905000: uvm_test_top.env.m_agt_top.m_agt[0].m_monh [master_monitor] The Read Transaction Data 
---------------------------------------
Name         Type      Size  Value     
---------------------------------------
rtx          txn       -     @1287     
  AWID       integral  4     'd0       
  AWADDR     integral  32    'd0       
  AWLEN      integral  4     'd0       
  AWSIZE     integral  3     'd0       
  AWBURST    integral  2     'd0       
  WID        integral  4     'd0       
  BID        integral  4     'd0       
  BRESP      integral  2     'd0       
  ARID       integral  4     'd0       
  ARADDR     integral  32    'd293     
  ARLEN      integral  4     15        
  ARSIZE     integral  3     'd0       
  ARBURST    integral  2     2         
  RID        integral  4     'd0       
  RDATA[0]   integral  32    'h79097bf0
  RRESP[0]   integral  2     'd0       
  RDATA[1]   integral  32    'h7d47ebfe
  RRESP[1]   integral  2     'd0       
  RDATA[2]   integral  32    'h4f063163
  RRESP[2]   integral  2     'd0       
  RDATA[3]   integral  32    'h27344c76
  RRESP[3]   integral  2     'd0       
  RDATA[4]   integral  32    'hbcf8b2a8
  RRESP[4]   integral  2     'd0       
  RDATA[5]   integral  32    'h45f47dd0
  RRESP[5]   integral  2     'd0       
  RDATA[6]   integral  32    'h945f4e6c
  RRESP[6]   integral  2     'd0       
  RDATA[7]   integral  32    'h66883a8f
  RRESP[7]   integral  2     'd0       
  RDATA[8]   integral  32    'h40e36c19
  RRESP[8]   integral  2     'd0       
  RDATA[9]   integral  32    'h56d59260
  RRESP[9]   integral  2     'd0       
  RDATA[10]  integral  32    'ha3251da1
  RRESP[10]  integral  2     'd0       
  RDATA[11]  integral  32    'h81a1aed 
  RRESP[11]  integral  2     'd0       
  RDATA[12]  integral  32    'h73c1211b
  RRESP[12]  integral  2     'd0       
  RDATA[13]  integral  32    'h28d7cad5
  RRESP[13]  integral  2     'd0       
  RDATA[14]  integral  32    'hfaffc53f
  RRESP[14]  integral  2     'd0       
  RDATA[15]  integral  32    'h95ef2cb 
  RRESP[15]  integral  2     'd0       
---------------------------------------

UVM_INFO ../Slave_agent/slave_monitor.sv(171) @ 3905000: uvm_test_top.env.s_agt_top.s_agt[0].s_monh [slave_monitor] The Read Transaction Data 
---------------------------------------
Name         Type      Size  Value     
---------------------------------------
rtx          txn       -     @1291     
  AWID       integral  4     'd0       
  AWADDR     integral  32    'd0       
  AWLEN      integral  4     'd0       
  AWSIZE     integral  3     'd0       
  AWBURST    integral  2     'd0       
  WID        integral  4     'd0       
  BID        integral  4     'd0       
  BRESP      integral  2     'd0       
  ARID       integral  4     'd0       
  ARADDR     integral  32    'd293     
  ARLEN      integral  4     15        
  ARSIZE     integral  3     'd0       
  ARBURST    integral  2     2         
  RID        integral  4     'd0       
  RDATA[0]   integral  32    'h79097bf0
  RRESP[0]   integral  2     'd0       
  RDATA[1]   integral  32    'h7d47ebfe
  RRESP[1]   integral  2     'd0       
  RDATA[2]   integral  32    'h4f063163
  RRESP[2]   integral  2     'd0       
  RDATA[3]   integral  32    'h27344c76
  RRESP[3]   integral  2     'd0       
  RDATA[4]   integral  32    'hbcf8b2a8
  RRESP[4]   integral  2     'd0       
  RDATA[5]   integral  32    'h45f47dd0
  RRESP[5]   integral  2     'd0       
  RDATA[6]   integral  32    'h945f4e6c
  RRESP[6]   integral  2     'd0       
  RDATA[7]   integral  32    'h66883a8f
  RRESP[7]   integral  2     'd0       
  RDATA[8]   integral  32    'h40e36c19
  RRESP[8]   integral  2     'd0       
  RDATA[9]   integral  32    'h56d59260
  RRESP[9]   integral  2     'd0       
  RDATA[10]  integral  32    'ha3251da1
  RRESP[10]  integral  2     'd0       
  RDATA[11]  integral  32    'h81a1aed 
  RRESP[11]  integral  2     'd0       
  RDATA[12]  integral  32    'h73c1211b
  RRESP[12]  integral  2     'd0       
  RDATA[13]  integral  32    'h28d7cad5
  RRESP[13]  integral  2     'd0       
  RDATA[14]  integral  32    'hfaffc53f
  RRESP[14]  integral  2     'd0       
  RDATA[15]  integral  32    'h95ef2cb 
  RRESP[15]  integral  2     'd0       
---------------------------------------

UVM_INFO ../tb/sb.sv(98) @ 3905000: uvm_test_top.env.sb[0] [scoreboard] Data Matched
UVM_INFO ../Interface/interface.sv(168) @ 3915000: reporter [Property Read Data Handshake] 
rready went low after handshake
UVM_INFO ../Slave_agent/slave_driver.sv(172) @ 3965000: uvm_test_top.env.s_agt_top.s_agt[0].s_drvh [slave_driver] 
Got RREADY
UVM_INFO ../Interface/interface.sv(168) @ 3975000: reporter [Property Read Data Handshake] 
rready went low after handshake
UVM_INFO ../Slave_agent/slave_driver.sv(172) @ 4005000: uvm_test_top.env.s_agt_top.s_agt[0].s_drvh [slave_driver] 
Got RREADY
UVM_INFO ../Interface/interface.sv(168) @ 4015000: reporter [Property Read Data Handshake] 
rready went low after handshake
UVM_INFO ../Slave_agent/slave_driver.sv(172) @ 4045000: uvm_test_top.env.s_agt_top.s_agt[0].s_drvh [slave_driver] 
Got RREADY
UVM_INFO ../Interface/interface.sv(168) @ 4055000: reporter [Property Read Data Handshake] 
rready went low after handshake
UVM_INFO ../Slave_agent/slave_driver.sv(172) @ 4105000: uvm_test_top.env.s_agt_top.s_agt[0].s_drvh [slave_driver] 
Got RREADY
UVM_INFO ../Interface/interface.sv(168) @ 4115000: reporter [Property Read Data Handshake] 
rready went low after handshake
UVM_INFO ../Slave_agent/slave_driver.sv(172) @ 4145000: uvm_test_top.env.s_agt_top.s_agt[0].s_drvh [slave_driver] 
Got RREADY
UVM_INFO ../Interface/interface.sv(168) @ 4155000: reporter [Property Read Data Handshake] 
rready went low after handshake
UVM_INFO ../Slave_agent/slave_driver.sv(172) @ 4195000: uvm_test_top.env.s_agt_top.s_agt[0].s_drvh [slave_driver] 
Got RREADY
UVM_INFO ../Interface/interface.sv(168) @ 4205000: reporter [Property Read Data Handshake] 
rready went low after handshake
UVM_INFO ../Slave_agent/slave_driver.sv(172) @ 4225000: uvm_test_top.env.s_agt_top.s_agt[0].s_drvh [slave_driver] 
Got RREADY
UVM_INFO ../Interface/interface.sv(168) @ 4235000: reporter [Property Read Data Handshake] 
rready went low after handshake
UVM_INFO ../Slave_agent/slave_driver.sv(172) @ 4275000: uvm_test_top.env.s_agt_top.s_agt[0].s_drvh [slave_driver] 
Got RREADY
UVM_INFO ../Interface/interface.sv(168) @ 4285000: reporter [Property Read Data Handshake] 
rready went low after handshake
UVM_INFO ../Slave_agent/slave_driver.sv(172) @ 4325000: uvm_test_top.env.s_agt_top.s_agt[0].s_drvh [slave_driver] 
Got RREADY
UVM_INFO ../Interface/interface.sv(168) @ 4335000: reporter [Property Read Data Handshake] 
rready went low after handshake
UVM_INFO ../Slave_agent/slave_driver.sv(172) @ 4375000: uvm_test_top.env.s_agt_top.s_agt[0].s_drvh [slave_driver] 
Got RREADY
UVM_INFO ../Interface/interface.sv(168) @ 4385000: reporter [Property Read Data Handshake] 
rready went low after handshake
UVM_INFO ../Slave_agent/slave_driver.sv(172) @ 4435000: uvm_test_top.env.s_agt_top.s_agt[0].s_drvh [slave_driver] 
Got RREADY
UVM_INFO ../Interface/interface.sv(168) @ 4445000: reporter [Property Read Data Handshake] 
rready went low after handshake
UVM_INFO ../Slave_agent/slave_driver.sv(172) @ 4495000: uvm_test_top.env.s_agt_top.s_agt[0].s_drvh [slave_driver] 
Got RREADY
UVM_INFO ../Interface/interface.sv(168) @ 4505000: reporter [Property Read Data Handshake] 
rready went low after handshake
UVM_INFO ../Slave_agent/slave_driver.sv(172) @ 4535000: uvm_test_top.env.s_agt_top.s_agt[0].s_drvh [slave_driver] 
Got RREADY
UVM_INFO ../Interface/interface.sv(168) @ 4545000: reporter [Property Read Data Handshake] 
rready went low after handshake
UVM_INFO ../Slave_agent/slave_driver.sv(172) @ 4565000: uvm_test_top.env.s_agt_top.s_agt[0].s_drvh [slave_driver] 
Got RREADY
UVM_INFO ../Interface/interface.sv(168) @ 4575000: reporter [Property Read Data Handshake] 
rready went low after handshake
UVM_INFO ../Slave_agent/slave_driver.sv(172) @ 4625000: uvm_test_top.env.s_agt_top.s_agt[0].s_drvh [slave_driver] 
Got RREADY
UVM_INFO ../Interface/interface.sv(168) @ 4635000: reporter [Property Read Data Handshake] 
rready went low after handshake
UVM_INFO ../Slave_agent/slave_driver.sv(165) @ 4645000: uvm_test_top.env.s_agt_top.s_agt[0].s_drvh [slave_driver] 

Asserting RLAST
UVM_INFO ../Slave_agent/slave_driver.sv(172) @ 4655000: uvm_test_top.env.s_agt_top.s_agt[0].s_drvh [slave_driver] 
Got RREADY
UVM_INFO ../Master_agent/master_monitor.sv(175) @ 4655000: uvm_test_top.env.m_agt_top.m_agt[0].m_monh [master_monitor] The Read Transaction Data 
---------------------------------------
Name         Type      Size  Value     
---------------------------------------
rtx          txn       -     @1315     
  AWID       integral  4     'd0       
  AWADDR     integral  32    'd0       
  AWLEN      integral  4     'd0       
  AWSIZE     integral  3     'd0       
  AWBURST    integral  2     'd0       
  WID        integral  4     'd0       
  BID        integral  4     'd0       
  BRESP      integral  2     'd0       
  ARID       integral  4     'd5       
  ARADDR     integral  32    'd1128    
  ARLEN      integral  4     15        
  ARSIZE     integral  3     'd2       
  ARBURST    integral  2     2         
  RID        integral  4     'd5       
  RDATA[0]   integral  32    'h3450ceb1
  RRESP[0]   integral  2     'd0       
  RDATA[1]   integral  32    'h5b020d55
  RRESP[1]   integral  2     'd0       
  RDATA[2]   integral  32    'h6017c698
  RRESP[2]   integral  2     'd0       
  RDATA[3]   integral  32    'hf13d4483
  RRESP[3]   integral  2     'd0       
  RDATA[4]   integral  32    'h6ea333b2
  RRESP[4]   integral  2     'd0       
  RDATA[5]   integral  32    'h23d70cc2
  RRESP[5]   integral  2     'd0       
  RDATA[6]   integral  32    'h500dab42
  RRESP[6]   integral  2     'd0       
  RDATA[7]   integral  32    'he50edac0
  RRESP[7]   integral  2     'd0       
  RDATA[8]   integral  32    'hffb31510
  RRESP[8]   integral  2     'd0       
  RDATA[9]   integral  32    'hac33ab19
  RRESP[9]   integral  2     'd0       
  RDATA[10]  integral  32    'hf639971e
  RRESP[10]  integral  2     'd0       
  RDATA[11]  integral  32    'h1c627d48
  RRESP[11]  integral  2     'd0       
  RDATA[12]  integral  32    'ha1b84aa2
  RRESP[12]  integral  2     'd0       
  RDATA[13]  integral  32    'h4b7688d1
  RRESP[13]  integral  2     'd0       
  RDATA[14]  integral  32    'h5cf261c0
  RRESP[14]  integral  2     'd0       
  RDATA[15]  integral  32    'h79e2f07a
  RRESP[15]  integral  2     'd0       
---------------------------------------

UVM_INFO ../Slave_agent/slave_monitor.sv(171) @ 4655000: uvm_test_top.env.s_agt_top.s_agt[0].s_monh [slave_monitor] The Read Transaction Data 
---------------------------------------
Name         Type      Size  Value     
---------------------------------------
rtx          txn       -     @1319     
  AWID       integral  4     'd0       
  AWADDR     integral  32    'd0       
  AWLEN      integral  4     'd0       
  AWSIZE     integral  3     'd0       
  AWBURST    integral  2     'd0       
  WID        integral  4     'd0       
  BID        integral  4     'd0       
  BRESP      integral  2     'd0       
  ARID       integral  4     'd5       
  ARADDR     integral  32    'd1128    
  ARLEN      integral  4     15        
  ARSIZE     integral  3     'd2       
  ARBURST    integral  2     2         
  RID        integral  4     'd5       
  RDATA[0]   integral  32    'h3450ceb1
  RRESP[0]   integral  2     'd0       
  RDATA[1]   integral  32    'h5b020d55
  RRESP[1]   integral  2     'd0       
  RDATA[2]   integral  32    'h6017c698
  RRESP[2]   integral  2     'd0       
  RDATA[3]   integral  32    'hf13d4483
  RRESP[3]   integral  2     'd0       
  RDATA[4]   integral  32    'h6ea333b2
  RRESP[4]   integral  2     'd0       
  RDATA[5]   integral  32    'h23d70cc2
  RRESP[5]   integral  2     'd0       
  RDATA[6]   integral  32    'h500dab42
  RRESP[6]   integral  2     'd0       
  RDATA[7]   integral  32    'he50edac0
  RRESP[7]   integral  2     'd0       
  RDATA[8]   integral  32    'hffb31510
  RRESP[8]   integral  2     'd0       
  RDATA[9]   integral  32    'hac33ab19
  RRESP[9]   integral  2     'd0       
  RDATA[10]  integral  32    'hf639971e
  RRESP[10]  integral  2     'd0       
  RDATA[11]  integral  32    'h1c627d48
  RRESP[11]  integral  2     'd0       
  RDATA[12]  integral  32    'ha1b84aa2
  RRESP[12]  integral  2     'd0       
  RDATA[13]  integral  32    'h4b7688d1
  RRESP[13]  integral  2     'd0       
  RDATA[14]  integral  32    'h5cf261c0
  RRESP[14]  integral  2     'd0       
  RDATA[15]  integral  32    'h79e2f07a
  RRESP[15]  integral  2     'd0       
---------------------------------------

UVM_INFO ../tb/sb.sv(98) @ 4655000: uvm_test_top.env.sb[0] [scoreboard] Data Matched
UVM_INFO ../Interface/interface.sv(168) @ 4665000: reporter [Property Read Data Handshake] 
rready went low after handshake
UVM_INFO ../Slave_agent/slave_driver.sv(172) @ 4725000: uvm_test_top.env.s_agt_top.s_agt[0].s_drvh [slave_driver] 
Got RREADY
UVM_INFO ../Interface/interface.sv(168) @ 4735000: reporter [Property Read Data Handshake] 
rready went low after handshake
UVM_INFO ../Slave_agent/slave_driver.sv(172) @ 4765000: uvm_test_top.env.s_agt_top.s_agt[0].s_drvh [slave_driver] 
Got RREADY
UVM_INFO ../Interface/interface.sv(168) @ 4775000: reporter [Property Read Data Handshake] 
rready went low after handshake
UVM_INFO ../Slave_agent/slave_driver.sv(172) @ 4815000: uvm_test_top.env.s_agt_top.s_agt[0].s_drvh [slave_driver] 
Got RREADY
UVM_INFO ../Interface/interface.sv(168) @ 4825000: reporter [Property Read Data Handshake] 
rready went low after handshake
UVM_INFO ../Slave_agent/slave_driver.sv(172) @ 4855000: uvm_test_top.env.s_agt_top.s_agt[0].s_drvh [slave_driver] 
Got RREADY
UVM_INFO ../Interface/interface.sv(168) @ 4865000: reporter [Property Read Data Handshake] 
rready went low after handshake
UVM_INFO ../Slave_agent/slave_driver.sv(172) @ 4895000: uvm_test_top.env.s_agt_top.s_agt[0].s_drvh [slave_driver] 
Got RREADY
UVM_INFO ../Interface/interface.sv(168) @ 4905000: reporter [Property Read Data Handshake] 
rready went low after handshake
UVM_INFO ../Slave_agent/slave_driver.sv(172) @ 4955000: uvm_test_top.env.s_agt_top.s_agt[0].s_drvh [slave_driver] 
Got RREADY
UVM_INFO ../Interface/interface.sv(168) @ 4965000: reporter [Property Read Data Handshake] 
rready went low after handshake
UVM_INFO ../Slave_agent/slave_driver.sv(172) @ 5015000: uvm_test_top.env.s_agt_top.s_agt[0].s_drvh [slave_driver] 
Got RREADY
UVM_INFO ../Interface/interface.sv(168) @ 5025000: reporter [Property Read Data Handshake] 
rready went low after handshake
UVM_INFO ../Slave_agent/slave_driver.sv(165) @ 5035000: uvm_test_top.env.s_agt_top.s_agt[0].s_drvh [slave_driver] 

Asserting RLAST
UVM_INFO ../Slave_agent/slave_driver.sv(172) @ 5045000: uvm_test_top.env.s_agt_top.s_agt[0].s_drvh [slave_driver] 
Got RREADY
UVM_INFO ../Master_agent/master_monitor.sv(175) @ 5045000: uvm_test_top.env.m_agt_top.m_agt[0].m_monh [master_monitor] The Read Transaction Data 
--------------------------------------
Name        Type      Size  Value     
--------------------------------------
rtx         txn       -     @1343     
  AWID      integral  4     'd0       
  AWADDR    integral  32    'd0       
  AWLEN     integral  4     'd0       
  AWSIZE    integral  3     'd0       
  AWBURST   integral  2     'd0       
  WID       integral  4     'd0       
  BID       integral  4     'd0       
  BRESP     integral  2     'd0       
  ARID      integral  4     'd3       
  ARADDR    integral  32    'd2220    
  ARLEN     integral  4     'd7       
  ARSIZE    integral  3     'd1       
  ARBURST   integral  2     2         
  RID       integral  4     'd3       
  RDATA[0]  integral  32    'hc014fb7a
  RRESP[0]  integral  2     'd0       
  RDATA[1]  integral  32    'h2fce6e33
  RRESP[1]  integral  2     'd0       
  RDATA[2]  integral  32    'hbe3360d4
  RRESP[2]  integral  2     'd0       
  RDATA[3]  integral  32    'h1d19d2b0
  RRESP[3]  integral  2     'd0       
  RDATA[4]  integral  32    'hba68659f
  RRESP[4]  integral  2     'd0       
  RDATA[5]  integral  32    'h8d3c7059
  RRESP[5]  integral  2     'd0       
  RDATA[6]  integral  32    'h80952515
  RRESP[6]  integral  2     'd0       
  RDATA[7]  integral  32    'hd40718ab
  RRESP[7]  integral  2     'd0       
--------------------------------------

UVM_INFO ../Slave_agent/slave_monitor.sv(171) @ 5045000: uvm_test_top.env.s_agt_top.s_agt[0].s_monh [slave_monitor] The Read Transaction Data 
--------------------------------------
Name        Type      Size  Value     
--------------------------------------
rtx         txn       -     @1347     
  AWID      integral  4     'd0       
  AWADDR    integral  32    'd0       
  AWLEN     integral  4     'd0       
  AWSIZE    integral  3     'd0       
  AWBURST   integral  2     'd0       
  WID       integral  4     'd0       
  BID       integral  4     'd0       
  BRESP     integral  2     'd0       
  ARID      integral  4     'd3       
  ARADDR    integral  32    'd2220    
  ARLEN     integral  4     'd7       
  ARSIZE    integral  3     'd1       
  ARBURST   integral  2     2         
  RID       integral  4     'd3       
  RDATA[0]  integral  32    'hc014fb7a
  RRESP[0]  integral  2     'd0       
  RDATA[1]  integral  32    'h2fce6e33
  RRESP[1]  integral  2     'd0       
  RDATA[2]  integral  32    'hbe3360d4
  RRESP[2]  integral  2     'd0       
  RDATA[3]  integral  32    'h1d19d2b0
  RRESP[3]  integral  2     'd0       
  RDATA[4]  integral  32    'hba68659f
  RRESP[4]  integral  2     'd0       
  RDATA[5]  integral  32    'h8d3c7059
  RRESP[5]  integral  2     'd0       
  RDATA[6]  integral  32    'h80952515
  RRESP[6]  integral  2     'd0       
  RDATA[7]  integral  32    'hd40718ab
  RRESP[7]  integral  2     'd0       
--------------------------------------

UVM_INFO ../tb/sb.sv(98) @ 5045000: uvm_test_top.env.sb[0] [scoreboard] Data Matched
UVM_INFO ../Interface/interface.sv(168) @ 5055000: reporter [Property Read Data Handshake] 
rready went low after handshake
UVM_INFO /home/cad/eda/SYNOPSYS/VCS/vcs/T-2022.06-SP1/etc/uvm/base/uvm_objection.svh(1274) @ 5095000: reporter [TEST_DONE] 'run' phase is ready to proceed to the 'extract' phase

--- UVM Report Summary ---

** Report counts by severity
UVM_INFO :  505
UVM_WARNING :    0
UVM_ERROR :    0
UVM_FATAL :    0
** Report counts by id
[Property Read Address Handshake]    10
[Property Read Data Handshake]   108
[Property Write Address Handshake]    10
[Property Write Data Handshake]    68
[Property Write response Handshake]    10
[RNTST]     1
[TEST_DONE]     1
[UVMTOP]     1
[master_driver]    88
[master_monitor]    20
[scoreboard]    50
[slave_driver]   118
[slave_monitor]    20
$finish called from file "/home/cad/eda/SYNOPSYS/VCS/vcs/T-2022.06-SP1/etc/uvm/base/uvm_root.svh", line 437.
$finish at simulation time              5095000
"../Interface/interface.sv", 173: top.intrf.prp6, 510 attempts, 10 match
"../Interface/interface.sv", 174: top.intrf.prp7, 510 attempts, 68 match
"../Interface/interface.sv", 175: top.intrf.prp8, 510 attempts, 10 match
"../Interface/interface.sv", 176: top.intrf.prp9, 510 attempts, 10 match
"../Interface/interface.sv", 177: top.intrf.prp10, 510 attempts, 108 match
"../Interface/interface.sv", 178: top.intrf.prp11, 510 attempts, 15 match
"../Interface/interface.sv", 179: top.intrf.prp12, 510 attempts, 13 match
"../Interface/interface.sv", 180: top.intrf.prp13, 510 attempts, 15 match
           V C S   S i m u l a t i o n   R e p o r t 
Time: 5095000 ps
CPU Time:      0.490 seconds;       Data structure size:   0.7Mb
Sat May 16 20:20:47 2026
